day,workers,brood,queen,extinct,plants,corpses,food_sites,sugar,protein,births,deaths,soil_moved,minerals,temperature_c,rain_mm_h,worker_actions
0.0000,29,0,1,0,12,0,0,11400.0000,936.0000,0,0,0,322288,10.0608,0.0000,0
1.0000,29,2,1,0,13,0,0,11907.0000,920.0000,0,0,758,322288,10.9608,0.0000,298122
2.0000,29,4,1,0,14,0,0,12237.0000,904.0000,0,0,1304,322288,11.7608,0.0000,572166
3.0000,29,6,1,0,14,0,0,11892.0000,888.0000,0,0,1384,322288,13.4608,0.0000,857728
4.0000,29,8,1,0,15,0,0,13059.0000,1221.0000,0,0,1456,322288,10.5608,0.0000,1144090
5.0000,29,10,1,0,17,0,0,14201.0000,1205.0000,0,0,1510,322288,11.0608,0.0000,1440526
6.0000,29,12,1,0,18,0,7,15100.0000,1189.0000,0,0,1556,322288,9.9608,0.0000,1687771
7.0000,29,14,1,0,18,0,7,15243.0000,1173.0000,0,0,1584,322288,8.4608,0.0000,1904224
8.0000,29,16,1,0,18,0,10,16294.0000,1157.0000,0,0,1612,322288,7.6608,0.0000,2118865
9.0000,29,18,1,0,19,0,9,16683.0000,1141.0000,0,0,1640,322288,9.1608,0.0000,2330301
10.0000,29,20,1,0,19,0,11,17784.0000,1125.0000,0,0,1662,322288,8.8608,0.0000,2536908
11.0000,29,22,1,0,19,0,9,18527.0000,1629.0000,0,0,1680,322288,9.4608,0.0000,2758226
12.0000,29,24,1,0,19,0,10,18726.0000,2268.0000,0,0,1694,322288,11.7608,0.0000,2971052
13.0000,29,26,1,0,19,0,14,18941.0000,2252.0000,0,0,1704,322288,11.9608,0.0000,3179811
14.0000,29,28,1,0,19,0,16,19342.0000,2236.0000,0,0,1712,322288,9.0608,0.0000,3396620
15.0000,29,30,1,0,19,0,20,20637.0000,2820.0000,0,0,1720,322288,10.2608,0.0000,3612421
16.0000,29,32,1,0,19,0,20,21557.0000,2804.0000,0,0,1726,322288,9.1608,0.0000,3822706
17.0000,29,34,1,0,19,0,20,22326.0000,2676.0000,0,0,1734,322288,8.5608,0.0000,4038684
18.0000,29,36,1,0,19,0,21,23006.0000,2500.0000,0,0,1738,322288,11.7608,0.0000,4257108
19.0000,29,38,1,0,19,0,22,24031.0000,2276.0000,0,0,1752,322288,11.6608,0.0000,4466598
20.0000,29,40,1,0,19,0,28,24643.0000,2901.0000,0,0,1770,322288,12.2608,0.0000,4673552
21.0000,29,42,1,0,19,0,31,25622.0000,2573.0000,0,0,1770,322288,11.6608,0.0000,4885106
22.0000,29,44,1,0,19,0,33,26311.0000,2149.0000,0,0,1782,322288,11.5608,0.0000,5104152
23.0000,29,46,1,0,19,0,32,26410.0000,1717.0000,0,0,1794,322288,7.5608,0.0000,5305457
24.0000,29,48,1,0,19,0,34,28018.0000,1229.0000,0,0,1814,322288,8.5608,0.0000,5521554
25.0000,29,50,1,0,19,0,33,28434.0000,693.0000,0,0,1828,322288,11.0608,0.0000,5735381
26.0000,29,52,1,0,19,0,34,28726.0000,110.0000,0,0,1838,322288,9.4608,0.0000,5950149
27.0000,29,52,1,0,19,0,39,28424.0000,4.0000,0,0,1846,322288,9.6608,0.0000,6166992
28.0000,29,53,1,0,19,0,44,30152.0000,32.0000,0,0,1858,322288,8.7608,0.0000,6379676
29.0000,29,55,1,0,19,0,45,31802.0000,16.0000,0,0,1866,322288,8.7608,0.0000,6585780
30.0000,29,55,1,0,19,2,47,32333.0000,84.0000,0,0,1868,322288,9.3608,0.0000,6794800
31.0000,29,56,1,0,19,3,47,32612.0000,80.0000,0,0,1882,322288,10.7608,0.0000,7013683
32.0000,29,57,1,0,17,4,45,32533.0000,64.0000,0,0,1898,322288,11.2608,0.0000,7232175
33.0000,29,58,1,0,18,5,46,32482.0000,48.0000,0,0,1906,322288,11.1608,0.0000,7446260
34.0000,29,58,1,0,17,7,47,32215.0000,32.0000,0,0,1916,322288,12.0608,0.0000,7660218
35.0000,29,58,1,0,17,9,47,32918.0000,16.0000,0,0,1922,322288,9.8608,0.0000,7876098
36.0000,29,45,1,0,17,24,47,33952.0000,0.0000,0,0,1938,322288,12.5608,0.0000,8114174
37.0000,29,33,1,0,17,36,49,34465.0000,0.0000,0,0,1944,322288,15.2608,0.0000,8364768
38.0000,29,33,1,0,17,37,51,35329.0000,35.0000,0,0,1962,322288,14.1608,0.0000,8586627
39.0000,29,35,1,0,16,37,50,36060.0000,12.0000,0,0,1970,322288,13.8608,0.0000,8797038
40.0000,29,37,1,0,14,37,53,36579.0000,232.0000,0,0,1984,322288,12.7608,0.0000,9013027
41.0000,29,39,1,0,13,37,53,36452.0000,52.0000,0,0,1988,322288,12.8608,0.0000,9225931
42.0000,29,41,1,0,13,37,50,36280.0000,36.0000,0,0,2004,322288,13.9608,0.0000,9439606
43.0000,29,43,1,0,13,37,50,35486.0000,68.0000,0,0,2012,322288,13.9608,0.0000,9641011
44.0000,29,45,1,0,12,37,49,35130.0000,52.0000,0,0,2020,322288,15.5608,1.7031,9854352
45.0000,29,46,1,0,12,38,48,36866.0000,36.0000,0,0,2030,322288,15.3608,0.0000,10063493
46.0000,29,44,1,0,12,42,47,35182.0000,20.0000,0,0,2034,322288,15.7608,0.0000,10278153
47.0000,29,43,1,0,12,45,50,37741.0000,4.0000,0,0,2040,322288,14.8608,0.0000,10491989
48.0000,29,37,1,0,11,51,49,40956.0000,4.0000,0,0,2050,322288,12.6608,0.0000,10701809
49.0000,29,27,1,0,11,61,50,40783.0000,4.0000,0,0,2052,322288,18.4608,0.0000,10929290
50.0000,29,25,1,0,11,63,49,41535.0000,4.0000,0,0,2060,322288,17.7608,0.0000,11140577
51.0000,29,22,1,0,9,64,47,42532.0000,4.0000,0,0,2080,322288,14.1608,0.0000,11351338
52.0000,29,20,1,0,9,65,42,43447.0000,4.0000,0,0,2104,322288,13.8608,0.0000,11569430
53.0000,29,19,1,0,9,65,39,41149.0000,4.0000,0,0,2108,322288,17.6608,0.0000,11790508
54.0000,29,19,1,0,9,64,41,39247.0000,4.0000,0,0,2112,322288,13.7608,0.0000,12003333
55.0000,29,17,1,0,10,64,41,39943.0000,4.0000,0,0,2120,322288,13.0608,0.0000,12220918
56.0000,29,15,1,0,10,64,39,37864.0000,4.0000,0,0,2120,322288,15.7608,0.0000,12442728
57.0000,29,14,1,0,10,55,42,38746.0000,807.0000,0,0,2126,322288,12.3608,0.0000,12657901
58.0000,29,16,1,0,10,39,43,39200.0000,974.0000,0,0,2126,322288,10.9608,0.0000,12875479
59.0000,29,18,1,0,10,38,40,39859.0000,654.0000,0,0,2136,322288,11.5608,0.0000,13089621
60.0000,29,20,1,0,8,38,38,39319.0000,299.0000,0,0,2138,322288,12.5608,0.0000,13302343
61.0000,29,22,1,0,8,38,40,37652.0000,28.0000,0,0,2146,322288,13.0608,0.0000,13527814
62.0000,29,24,1,0,9,38,41,35651.0000,349.0000,0,0,2154,322288,16.1608,1.4902,13742921
63.0000,29,26,1,0,10,38,40,34544.0000,44.0000,0,0,2164,322288,15.9608,0.0000,13962942
64.0000,29,28,1,0,11,38,38,33334.0000,28.0000,0,0,2172,322288,17.0608,0.1064,14179278
65.0000,29,30,1,0,12,38,38,32275.0000,12.0000,0,0,2176,322288,15.5608,0.0000,14395083
66.0000,29,31,1,0,12,37,37,31089.0000,4.0000,0,0,2182,322288,15.3608,0.0000,14608851
67.0000,29,33,1,0,11,34,34,30405.0000,487.0000,0,0,2184,322288,13.8608,0.0000,14831585
68.0000,29,35,1,0,11,30,34,29455.0000,608.0000,0,0,2192,322288,14.5608,0.0000,15042064
69.0000,29,37,1,0,11,24,35,28409.0000,288.0000,0,0,2196,322288,12.7608,0.0000,15266713
70.0000,29,39,1,0,10,14,33,27089.0000,60.0000,0,0,2204,322288,16.5608,0.0000,15483026
71.0000,29,41,1,0,9,12,35,26445.0000,44.0000,0,0,2220,322288,15.2608,0.0000,15705089
72.0000,29,43,1,0,8,9,36,25925.0000,28.0000,0,0,2226,322288,12.9608,0.0000,15921322
73.0000,29,45,1,0,9,7,34,25274.0000,12.0000,0,0,2238,322288,12.5608,0.0000,16137238
74.0000,29,46,1,0,9,7,33,24107.0000,68.0000,0,0,2244,322288,13.6608,0.0000,16363371
75.0000,29,47,1,0,10,8,31,23579.0000,52.0000,0,0,2252,322288,11.5608,0.0000,16571445
76.0000,29,48,1,0,11,7,30,23608.0000,36.0000,0,0,2254,322288,12.7608,0.0000,16789883
77.0000,29,48,1,0,12,7,30,23657.0000,20.0000,0,0,2256,322288,12.9608,0.3193,17008506
78.0000,29,48,1,0,12,7,27,22316.0000,4.0000,0,0,2258,322288,15.2608,0.4258,17221951
79.0000,29,41,1,0,12,15,23,21149.0000,686.0000,0,0,2260,322288,12.2608,0.0000,17453098
80.0000,29,43,1,0,12,15,29,21872.0000,716.0000,0,0,2268,322288,11.0608,0.0000,17678497
81.0000,29,45,1,0,12,15,28,22704.0000,271.0000,0,0,2322,322288,12.5608,0.0000,18003442
82.0000,29,47,1,0,12,15,27,23565.0000,53.0000,0,0,2326,322288,14.4608,0.5322,18232595
83.0000,29,49,1,0,13,15,27,22704.0000,37.0000,0,0,2332,322288,16.7608,0.0000,18455695
84.0000,29,51,1,0,13,15,25,23564.0000,21.0000,0,0,2340,322288,16.1608,0.0000,18666119
85.0000,29,52,1,0,13,16,25,24958.0000,5.0000,0,0,2352,322288,14.7608,0.0000,18875370
86.0000,29,51,1,0,14,18,28,26646.0000,57.0000,0,0,2360,322288,13.3608,1.2773,19083220
87.0000,29,53,1,0,14,18,29,26254.0000,41.0000,0,0,2364,322288,14.3608,0.0000,19297247
88.0000,29,53,1,0,14,20,28,26685.0000,25.0000,0,0,2376,322288,15.0608,0.0000,19508392
89.0000,29,53,1,0,14,22,28,26184.0000,9.0000,0,0,2388,322288,14.0608,0.0000,19729118
90.0000,29,54,1,0,15,23,27,26939.0000,362.0000,0,0,2396,322288,14.8608,0.1064,19933299
91.0000,29,56,1,0,15,23,30,26664.0000,582.0000,0,0,2402,322288,12.0608,0.3193,20135809
92.0000,29,58,1,0,15,23,27,25966.0000,69.0000,0,0,2440,322288,12.6608,0.0000,20463201
93.0000,29,60,1,0,15,23,31,28251.0000,690.0000,0,0,2444,322288,10.4608,0.0000,20665890
94.0000,29,62,1,0,17,23,33,30519.0000,61.0000,0,0,2452,322288,12.2608,0.0000,20870751
95.0000,29,64,1,0,19,22,32,32413.0000,81.0000,0,0,2456,322288,12.0608,0.0000,21067914
96.0000,29,65,1,0,19,22,31,34925.0000,65.0000,0,0,2460,322288,17.2608,0.0000,21278916
97.0000,29,64,1,0,19,24,28,34744.0000,49.0000,0,0,2466,322288,19.0608,0.0000,21488624
98.0000,29,63,1,0,19,25,33,36496.0000,33.0000,0,0,2476,322288,15.7608,0.0000,21699961
99.0000,29,63,1,0,19,25,33,36756.0000,17.0000,0,0,2480,322288,16.5608,0.0000,21919768
100.0000,29,49,1,0,20,34,36,36991.0000,25.0000,0,0,2484,322288,14.3608,0.0000,22140980
101.0000,35,43,1,0,20,35,33,35878.0000,145.0000,6,0,2486,322288,14.8608,0.4258,22362982
102.0000,37,43,1,0,20,35,35,37626.0000,112.0000,8,0,2492,322288,13.6608,0.0000,22612417
103.0000,37,45,1,0,20,35,38,39039.0000,85.0000,8,0,2496,322288,14.7608,0.0000,22881607
104.0000,37,47,1,0,20,35,38,39171.0000,69.0000,8,0,2500,322288,15.3608,0.0000,23147397
105.0000,37,49,1,0,20,35,42,38131.0000,77.0000,8,0,2506,322288,16.2608,2.7676,23427366
106.0000,38,50,1,0,20,35,46,40576.0000,73.0000,9,0,2510,322288,16.8608,0.0000,23703843
107.0000,38,52,1,0,20,33,45,42294.0000,57.0000,9,0,2514,322288,14.5608,0.0000,23996052
108.0000,38,53,1,0,20,33,48,43258.0000,41.0000,9,0,2520,322288,16.5608,0.0000,24277474
109.0000,38,54,1,0,20,32,52,43591.0000,61.0000,9,0,2530,322288,15.9608,0.0000,24548987
110.0000,38,54,1,0,20,32,51,43693.0000,45.0000,9,0,2534,322288,15.5608,0.1064,24810647
111.0000,38,53,1,0,20,34,51,43973.0000,89.0000,9,0,2536,322288,12.0608,0.0000,25086926
112.0000,38,53,1,0,19,36,53,44022.0000,73.0000,9,0,2544,322288,11.7608,0.0000,25365331
113.0000,38,52,1,0,19,39,53,43886.0000,57.0000,9,0,2552,322288,10.8608,0.0000,25644398
114.0000,38,52,1,0,19,41,53,43477.0000,41.0000,9,0,2566,322288,12.2578,0.0000,25921980
115.0000,38,53,1,0,19,42,55,42826.0000,25.0000,9,0,2578,322288,11.6177,0.0000,26222704
116.0000,38,41,1,0,19,56,57,43189.0000,9.0000,9,0,2580,322288,9.0159,0.0000,26494352
117.0000,38,39,1,0,19,58,59,43293.0000,1.0000,9,0,2590,322288,8.6429,0.0000,26776474
118.0000,38,37,1,0,18,57,60,43637.0000,1.0000,9,0,2594,322288,10.1248,0.0000,27061689
119.0000,38,36,1,0,18,55,60,44405.0000,1.0000,9,0,2596,322288,11.0248,0.0000,27333514
120.0000,38,36,1,0,18,54,61,44802.0000,202.0000,9,0,2600,322288,11.8248,0.0000,27595508
121.0000,38,38,1,0,17,39,59,42803.0000,45.0000,9,0,2612,322288,13.5248,0.0000,27874888
122.0000,38,40,1,0,17,36,62,44616.0000,29.0000,9,0,2616,322288,10.6248,0.0000,28148852
123.0000,38,42,1,0,17,36,65,46210.0000,133.0000,9,0,2622,322288,11.1248,0.0000,28405454
124.0000,38,44,1,0,17,36,65,47158.0000,45.0000,9,0,2628,322288,10.0248,0.0000,28682828
125.0000,41,43,1,0,17,36,61,46284.0000,53.0000,12,0,2630,322288,8.5248,0.0000,28961909
126.0000,44,43,1,0,18,36,61,47941.0000,92.0000,15,0,2632,322288,7.7248,0.0000,29262702
127.0000,44,46,1,0,16,36,60,47510.0000,65.0000,15,0,2632,322288,9.2248,0.0000,29580471
128.0000,44,49,1,0,16,36,59,48506.0000,41.0000,15,0,2638,322288,8.9248,0.0000,29902619
129.0000,44,52,1,0,16,35,56,48711.0000,544.0000,15,0,2646,322288,9.5248,0.0000,30224698
130.0000,44,53,1,0,16,37,54,47872.0000,41.0000,15,0,2648,322288,11.8248,0.0000,30546073
131.0000,44,51,1,0,15,39,56,47105.0000,17.0000,15,0,2654,322288,12.0248,0.0000,30875545
132.0000,44,49,1,0,15,40,53,46481.0000,1.0000,15,0,2662,322288,9.1248,0.0000,31198968
133.0000,44,46,1,0,14,41,54,47692.0000,1.0000,15,0,2670,322288,10.3248,0.0000,31508200
134.0000,44,46,1,0,13,40,54,47809.0000,21.0000,15,0,2680,322288,9.2248,0.0000,31818464
135.0000,44,43,1,0,13,43,52,47450.0000,5.0000,15,0,2688,322288,8.6248,0.0000,32135001
136.0000,44,41,1,0,11,44,48,47121.0000,5.0000,15,0,2692,322288,11.8248,0.0000,32464728
137.0000,44,43,1,0,11,31,50,46665.0000,125.0000,15,0,2696,322288,11.7248,0.0000,32799865
138.0000,44,46,1,0,11,27,47,45687.0000,13.0000,15,0,2696,322288,12.3248,0.0000,33142974
139.0000,44,47,1,0,11,25,46,45256.0000,5.0000,15,0,2704,322288,11.7248,0.0000,33477093
140.0000,44,47,1,0,10,24,44,44571.0000,5.0000,15,0,2712,322288,11.6248,0.0000,33818582
141.0000,44,46,1,0,10,24,43,43158.0000,5.0000,15,0,2718,322288,7.6248,0.0000,34155512
142.0000,44,44,1,0,10,26,42,43304.0000,5.0000,15,0,2724,322288,8.6248,0.0000,34487992
143.0000,44,32,1,0,10,38,42,42434.0000,5.0000,15,0,2730,322288,11.1248,0.0000,34824897
144.0000,44,29,1,0,10,41,42,41561.0000,5.0000,15,0,2734,322288,9.5248,0.0000,35155142
145.0000,44,26,1,0,10,44,43,40240.0000,5.0000,15,0,2740,322288,9.7248,0.0000,35491339
146.0000,44,24,1,0,9,47,41,40924.0000,45.0000,15,0,2742,322288,8.8248,0.0000,35825234
147.0000,44,27,1,0,7,47,41,41272.0000,351.0000,15,0,2746,322288,8.8248,0.0000,36152202
148.0000,44,30,1,0,7,47,38,40044.0000,45.0000,15,0,2752,322288,9.4248,0.0000,36488611
149.0000,44,33,1,0,9,47,37,38791.0000,1141.0000,15,0,2754,322288,10.8248,0.0000,36818282
150.0000,44,36,1,0,9,47,34,37527.0000,637.0000,15,0,2760,322288,11.3248,0.0000,37151490
151.0000,44,39,1,0,9,45,36,36650.0000,769.0000,15,0,2770,322288,11.2248,0.0000,37473251
152.0000,44,42,1,0,9,40,38,35525.0000,1001.0000,15,0,2772,322288,12.1248,0.0000,37807957
153.0000,44,45,1,0,9,36,36,35166.0000,419.0000,15,0,2780,322288,9.9248,0.0000,38137038
154.0000,44,48,1,0,9,33,35,34981.0000,21.0000,15,0,2788,322288,12.6248,0.0000,38458446
155.0000,44,50,1,0,8,31,32,34382.0000,5.0000,15,0,2790,322288,15.3248,0.0000,38786982
156.0000,44,53,1,0,7,26,32,33718.0000,5.0000,15,0,2794,322288,14.2248,0.0000,39114894
157.0000,44,54,1,0,8,24,31,32671.0000,33.0000,15,0,2798,322288,13.9248,0.0000,39446075
158.0000,44,56,1,0,9,25,28,32009.0000,45.0000,15,0,2802,322288,12.8248,0.0000,39772696
159.0000,44,57,1,0,10,27,28,31491.0000,21.0000,15,0,2812,322288,12.9248,0.0000,40106527
160.0000,44,59,1,0,9,28,26,31100.0000,9.0000,15,0,2816,322288,14.0248,0.0000,40420033
161.0000,44,60,1,0,10,28,23,30030.0000,1.0000,15,0,2820,322288,14.0248,0.0000,40753420
162.0000,44,60,1,0,10,27,21,29254.0000,1.0000,15,0,2826,322288,15.6248,1.6920,41081344
163.0000,44,54,1,0,10,34,22,29215.0000,46.0000,15,0,2828,322288,15.4248,0.0000,41413335
164.0000,44,57,1,0,9,22,22,27820.0000,22.0000,15,0,2832,322288,15.8248,0.0000,41740917
165.0000,44,59,1,0,9,19,24,27913.0000,6.0000,15,0,2836,322288,14.9248,0.0000,42066503
166.0000,44,59,1,0,9,16,22,28863.0000,6.0000,15,0,2838,322288,12.7248,0.0000,42395283
167.0000,44,58,1,0,9,16,23,28818.0000,44.0000,15,0,2842,322288,18.5248,0.0000,42718566
168.0000,42,59,1,0,10,20,23,28396.0000,20.0000,15,2,2842,322288,17.8248,0.0000,43031970
169.0000,42,60,1,0,10,22,22,29310.0000,44.0000,15,2,2850,322288,14.2248,0.0000,43331589
170.0000,41,59,1,0,14,27,26,30180.0000,478.0000,15,3,2854,322288,13.9248,0.0000,43643589
171.0000,41,62,1,0,14,27,22,29008.0000,44.0000,15,3,2856,322288,17.7248,0.0000,43930917
172.0000,40,65,1,0,14,28,21,27791.0000,20.0000,15,4,2858,322288,13.8248,0.0000,44213322
173.0000,39,67,1,0,14,29,21,28843.0000,4.0000,15,5,2862,322288,13.1248,0.0000,44511735
174.0000,39,65,1,0,15,31,18,28100.0000,4.0000,15,5,2866,322288,15.8248,0.0000,44798459
175.0000,39,60,1,0,15,36,21,29776.0000,438.0000,15,5,2872,322288,12.4248,0.0000,45091852
176.0000,39,49,1,0,15,49,21,31350.0000,24.0000,15,5,2876,322288,11.0248,0.0000,45365434
177.0000,39,49,1,0,15,51,22,33058.0000,8.0000,15,5,2884,322288,11.6248,0.0000,45649217
178.0000,39,50,1,0,16,52,26,33714.0000,16.0000,15,5,2890,322288,12.6248,0.0000,45932411
179.0000,39,52,1,0,17,51,28,34003.0000,60.0000,15,5,2896,322288,13.1248,0.0000,46218588
180.0000,39,54,1,0,17,49,27,33786.0000,44.0000,15,5,2898,322288,16.2248,1.4805,46491783
181.0000,39,56,1,0,18,48,29,34974.0000,28.0000,15,5,2900,322288,16.0248,0.0000,46775108
182.0000,37,58,1,0,18,50,30,34622.0000,12.0000,15,7,2906,322288,17.1248,0.1057,47062675
183.0000,37,58,1,0,19,51,30,35290.0000,4.0000,15,7,2912,322288,15.6248,0.0000,47338189
184.0000,36,42,1,0,19,59,29,34987.0000,4.0000,15,8,2916,322288,15.4248,0.0000,47606734
185.0000,36,43,1,0,19,60,35,35953.0000,24.0000,15,8,2918,322288,13.9248,0.0000,47863881
186.0000,43,37,1,0,19,61,31,36688.0000,8.0000,23,9,2920,322288,14.6248,0.0000,48138867
187.0000,43,39,1,0,19,62,31,37424.0000,20.0000,24,10,2926,322288,12.8248,0.0000,48444694
188.0000,43,41,1,0,19,59,33,37239.0000,4.0000,24,10,2930,322288,16.6248,0.0000,48750465
189.0000,43,40,1,0,19,59,37,39482.0000,32.0000,24,10,2936,322288,15.3248,0.0000,49056916
190.0000,43,42,1,0,19,58,38,42319.0000,8.0000,25,11,2936,322288,13.0248,0.0000,49368192
191.0000,43,43,1,0,19,55,39,45357.0000,0.0000,25,11,2944,322288,12.6248,0.0000,49678845
192.0000,43,43,1,0,19,54,42,44743.0000,0.0000,25,11,2950,322288,13.7248,0.0000,49996578
193.0000,43,41,1,0,19,56,44,46371.0000,0.0000,25,11,2954,322288,11.6248,0.0000,50302227
194.0000,42,30,1,0,18,68,43,49212.0000,0.0000,25,12,2954,322288,12.8248,0.0000,50620394
195.0000,42,23,1,0,18,73,45,51405.0000,0.0000,25,12,2958,322288,13.0248,0.3172,50920816
196.0000,42,26,1,0,18,68,48,48607.0000,24.0000,25,12,2962,322288,15.3248,0.4230,51235276
197.0000,42,29,1,0,18,55,46,45880.0000,0.0000,25,12,2962,322288,12.3248,0.0000,51537556
198.0000,42,32,1,0,18,53,51,48337.0000,15.0000,25,12,2968,322288,11.1248,0.0000,51834330
199.0000,42,33,1,0,18,52,52,50723.0000,4.0000,25,12,2970,322288,12.6248,0.0000,52144426
200.0000,42,33,1,0,18,52,56,52812.0000,4.0000,25,12,2970,322288,14.5248,0.5287,52457375
201.0000,41,33,1,0,19,53,52,50389.0000,4.0000,25,13,2974,322288,16.8248,0.0000,52768165
202.0000,41,32,1,0,19,54,53,52487.0000,4.0000,25,13,2984,322288,16.2248,0.0000,53072044
203.0000,40,26,1,0,19,61,57,54254.0000,4.0000,25,14,2990,322288,14.8248,0.0000,53378635
204.0000,40,19,1,0,19,67,58,56463.0000,4.0000,25,14,3000,322288,13.4248,1.2690,53655841
205.0000,40,16,1,0,19,54,54,54760.0000,4.0000,25,14,3004,322288,14.4248,0.0000,53952266
206.0000,40,15,1,0,19,54,59,54521.0000,4.0000,25,14,3006,322288,15.1248,0.0000,54247381
207.0000,40,13,1,0,19,56,59,52656.0000,4.0000,25,14,3014,322288,14.1248,0.0000,54541275
208.0000,40,10,1,0,19,59,58,53177.0000,4.0000,25,14,3024,322288,14.9248,0.1057,54821940
209.0000,39,10,1,0,18,60,57,51541.0000,4.0000,25,15,3030,322288,12.1248,0.3172,55110377
210.0000,39,10,1,0,18,58,60,49441.0000,4.0000,25,15,3030,322288,12.7248,0.0000,55399170
211.0000,39,10,1,0,18,58,63,51769.0000,4.0000,25,15,3032,322288,10.5248,0.0000,55695162
212.0000,39,10,1,0,18,58,65,54090.0000,4.0000,25,15,3036,322288,12.3248,0.0000,55978760
213.0000,39,8,1,0,18,60,66,56081.0000,4.0000,25,15,3044,322288,12.1248,0.0000,56279485
214.0000,39,10,1,0,17,58,70,58868.0000,160.0000,25,15,3044,322288,17.3248,0.0000,56563531
215.0000,39,12,1,0,17,48,68,57982.0000,32.0000,25,15,3044,322288,19.1248,0.0000,56835387
216.0000,39,14,1,0,18,40,68,59466.0000,16.0000,25,15,3060,322288,15.8248,0.0000,57126514
217.0000,39,16,1,0,17,40,68,58524.0000,201.0000,25,15,3064,322288,16.6248,0.0000,57405349
218.0000,39,18,1,0,16,40,68,57170.0000,978.0000,25,15,3070,322288,14.4248,0.0000,57685673
219.0000,39,20,1,0,16,40,66,54079.0000,770.0000,25,15,3072,322288,14.9248,0.4230,57979956
220.0000,39,22,1,0,16,40,68,54281.0000,562.0000,25,15,3072,322288,13.7248,0.0000,58265151
221.0000,39,24,1,0,16,40,68,54063.0000,359.0000,25,15,3076,322288,14.8248,0.0000,58551120
222.0000,39,26,1,0,16,40,66,52797.0000,152.0000,25,15,3088,322288,15.4248,0.0000,58839251
223.0000,38,26,1,0,15,40,63,49914.0000,4.0000,25,16,3106,322288,16.3248,2.7495,59126741
224.0000,38,26,1,0,14,39,61,50298.0000,4.0000,25,16,3114,322288,16.9248,0.0000,59410083
225.0000,37,26,1,0,13,28,61,49398.0000,4.0000,25,17,3116,322288,14.6248,0.0000,59687783
226.0000,37,26,1,0,13,25,61,48407.0000,4.0000,25,17,3116,322288,16.6248,0.0000,59960596
227.0000,37,27,1,0,13,24,62,46968.0000,46.0000,25,17,3122,322288,16.0248,0.0000,60225830
228.0000,37,29,1,0,13,22,60,45497.0000,16.0000,25,17,3124,322288,15.6248,0.1057,60485434
229.0000,37,31,1,0,13,19,55,44297.0000,0.0000,25,17,3126,322288,12.1248,0.0000,60760593
230.0000,37,32,1,0,11,19,54,43027.0000,45.0000,25,17,3128,322288,11.8248,0.0000,61041359
231.0000,37,33,1,0,11,20,52,41282.0000,292.0000,25,17,3130,322288,10.9248,0.0000,61311279
232.0000,37,35,1,0,11,20,56,39705.0000,888.0000,25,17,3136,322288,12.2173,0.0000,61587313
233.0000,37,37,1,0,11,20,55,38021.0000,1081.0000,25,17,3138,322288,11.3280,0.0000,61883551
234.0000,37,39,1,0,11,18,54,36934.0000,499.0000,25,17,3142,322288,8.4287,0.0000,62163438
235.0000,37,41,1,0,11,18,50,35922.0000,376.0000,25,17,3148,322288,7.8065,0.0000,62448411
236.0000,37,43,1,0,11,18,47,35109.0000,494.0000,25,17,3148,322288,9.1839,0.0000,62720495
237.0000,37,45,1,0,10,18,45,34600.0000,58.0000,25,17,3148,322288,10.0839,0.0000,63002532
238.0000,36,47,1,0,8,19,46,33262.0000,37.0000,25,18,3152,322288,10.8839,0.0000,63284733
239.0000,35,49,1,0,9,20,43,30883.0000,45.0000,25,19,3156,322288,12.5839,0.0000,63560637
240.0000,35,51,1,0,10,20,43,30604.0000,29.0000,25,19,3156,322288,9.6839,0.0000,63820772
241.0000,35,53,1,0,10,20,40,30340.0000,13.0000,25,19,3158,322288,10.1839,0.0000,64079409
242.0000,35,54,1,0,9,21,39,29909.0000,63.0000,25,19,3160,322288,9.0839,0.0000,64350849
243.0000,34,53,1,0,9,25,37,28128.0000,47.0000,25,20,3160,322288,7.5839,0.0000,64596304
244.0000,34,54,1,0,8,26,37,27817.0000,31.0000,25,20,3164,322288,6.7839,0.0000,64863958
245.0000,34,56,1,0,8,26,36,26727.0000,15.0000,25,20,3168,322288,8.2839,0.0000,65129106
246.0000,34,57,1,0,8,27,36,26399.0000,35.0000,25,20,3174,322288,7.9839,0.0000,65386129
247.0000,34,57,1,0,9,29,34,25921.0000,79.0000,25,20,3174,322288,8.5839,0.0000,65634307
248.0000,34,58,1,0,9,30,29,25225.0000,404.0000,25,20,3176,322288,10.8839,0.0000,65885647
249.0000,34,60,1,0,10,30,31,24493.0000,1493.0000,25,20,3178,322288,11.0839,0.0000,66136685
250.0000,34,62,1,0,10,30,30,23899.0000,1368.0000,25,20,3180,322288,8.1839,0.0000,66383386
251.0000,33,64,1,0,9,31,31,23460.0000,727.0000,25,21,3182,322288,9.3839,0.0000,66635902
252.0000,33,66,1,0,9,30,28,23055.0000,851.0000,25,21,3182,322288,8.2839,0.0000,66886009
253.0000,33,68,1,0,9,30,27,22702.0000,465.0000,25,21,3188,322288,7.6839,0.0000,67139085
254.0000,32,70,1,0,11,31,24,22022.0000,317.0000,25,22,3188,322288,10.8839,0.0000,67389768
255.0000,30,72,1,0,11,33,22,21178.0000,59.0000,25,24,3190,322288,10.7839,0.0000,67627932
256.0000,30,74,1,0,11,33,23,21069.0000,43.0000,25,24,3200,322288,11.3839,0.0000,67848094
257.0000,32,74,1,0,12,33,18,21374.0000,27.0000,27,24,3200,322288,10.7839,0.0000,68077514
258.0000,38,69,1,0,12,34,14,21944.0000,11.0000,33,24,3206,322288,10.6839,0.0000,68343106
259.0000,38,68,1,0,12,36,13,22050.0000,3.0000,33,24,3208,322288,6.6839,0.0000,68630887
260.0000,37,45,1,0,12,60,15,22803.0000,3.0000,33,25,3208,322288,7.6839,0.0000,68917106
261.0000,37,43,1,0,13,62,14,23308.0000,3.0000,33,25,3210,322288,10.1839,0.0000,69189427
262.0000,37,44,1,0,13,63,16,23692.0000,218.0000,33,25,3210,322288,8.5839,0.0000,69453942
263.0000,37,46,1,0,13,62,17,23685.0000,409.0000,33,25,3210,322288,8.7839,0.0000,69728014
264.0000,37,48,1,0,15,59,18,25259.0000,51.0000,33,25,3210,322288,7.8839,0.0000,70000041
265.0000,37,50,1,0,14,56,19,26899.0000,140.0000,33,25,3216,322288,7.8839,0.0000,70264054
266.0000,37,52,1,0,14,56,19,27442.0000,55.0000,33,25,3222,322288,8.4839,0.0000,70536366
267.0000,37,54,1,0,15,54,18,27847.0000,39.0000,33,25,3224,322288,9.8839,0.0000,70802198
268.0000,37,56,1,0,15,52,18,28138.0000,23.0000,33,25,3226,322288,10.3839,0.0000,71084255
269.0000,36,57,1,0,16,52,18,28140.0000,7.0000,33,26,3230,322288,10.2839,0.0000,71363574
270.0000,36,55,1,0,17,53,22,28522.0000,7.0000,33,26,3232,322288,11.1839,0.0000,71632456
271.0000,35,40,1,0,17,70,23,29520.0000,167.0000,33,27,3232,322288,8.9839,0.0000,71899091
272.0000,35,42,1,0,17,70,26,31407.0000,31.0000,33,27,3240,322288,11.6839,0.0000,72164245
273.0000,35,44,1,0,17,70,28,32997.0000,15.0000,33,27,3248,322288,14.3839,0.0000,72422237
274.0000,36,44,1,0,18,70,27,34994.0000,7.0000,34,27,3248,322288,13.2839,0.0000,72687475
275.0000,36,43,1,0,18,71,28,37031.0000,7.0000,34,27,3250,322288,12.9839,0.0000,72945780
276.0000,40,37,1,0,18,73,27,39150.0000,7.0000,38,27,3250,322288,11.8839,0.0000,73208468
277.0000,42,26,1,0,18,82,32,41159.0000,7.0000,40,27,3254,322288,11.9839,0.0000,73493644
278.0000,44,22,1,0,18,84,32,43435.0000,7.0000,42,27,3258,322288,13.0839,0.0000,73815574
279.0000,44,22,1,0,18,81,34,44128.0000,7.0000,42,27,3262,322288,13.0839,0.0000,74143767
280.0000,44,22,1,0,18,79,37,45371.0000,7.0000,42,27,3264,322288,14.6839,1.5494,74464274
281.0000,43,19,1,0,18,58,38,48081.0000,7.0000,42,28,3264,322288,14.4839,0.0000,74783879
282.0000,43,17,1,0,18,58,35,46234.0000,7.0000,42,28,3272,322288,14.8839,0.0000,75103441
283.0000,43,17,1,0,18,59,39,49564.0000,63.0000,42,28,3276,322288,13.9839,0.0000,75403194
284.0000,43,20,1,0,18,58,43,54086.0000,3.0000,42,28,3278,322288,11.7839,0.0000,75712710
285.0000,43,20,1,0,18,58,44,54608.0000,3.0000,42,28,3284,322288,17.5839,0.0000,76030924
286.0000,43,20,1,0,19,58,47,56533.0000,3.0000,42,28,3290,322288,16.8839,0.0000,76349875
287.0000,43,20,1,0,19,57,48,58583.0000,3.0000,42,28,3292,322288,13.2839,0.0000,76657130
288.0000,43,19,1,0,20,58,49,61973.0000,3.0000,42,28,3296,322288,12.9839,0.0000,76974783
289.0000,43,8,1,0,19,69,48,59254.0000,3.0000,42,28,3298,322288,16.7839,0.0000,77295616
290.0000,43,5,1,0,19,71,48,57039.0000,3.0000,42,28,3304,322288,12.8839,0.0000,77611064
291.0000,43,5,1,0,19,68,53,59318.0000,3.0000,42,28,3308,322288,12.1839,0.0000,77904133
292.0000,43,5,1,0,19,52,53,56595.0000,3.0000,42,28,3308,322288,14.8839,0.0000,78225476
293.0000,42,8,1,0,19,53,57,58317.0000,288.0000,42,29,3310,322288,11.4839,0.0000,78538463
294.0000,42,9,1,0,19,53,59,59696.0000,280.0000,42,29,3316,322288,10.0839,0.0000,78849451
295.0000,42,9,1,0,19,53,58,60874.0000,280.0000,42,29,3320,322288,10.6839,0.0000,79155779
296.0000,42,9,1,0,19,52,55,60627.0000,280.0000,42,29,3322,322288,11.6839,0.0000,79459564
297.0000,42,9,1,0,19,50,54,59898.0000,182.0000,42,29,3326,322288,12.1839,0.0000,79761573
298.0000,42,9,1,0,19,40,60,58335.0000,7.0000,42,29,3328,322288,15.2839,1.3557,80066961
299.0000,42,10,1,0,19,38,64,59188.0000,185.0000,42,29,3328,322288,15.0839,0.0000,80373636
300.0000,42,12,1,0,18,37,66,59278.0000,54.0000,42,29,3330,322288,16.1839,0.0968,80683717
301.0000,42,12,1,0,17,37,66,59157.0000,3.0000,42,29,3336,322288,14.6839,0.0000,80996632
302.0000,42,12,1,0,18,34,66,58032.0000,3.0000,42,29,3340,322288,14.4839,0.0000,81313078
303.0000,42,12,1,0,18,32,64,58012.0000,3.0000,42,29,3342,322288,12.9839,0.0000,81615714
304.0000,42,12,1,0,18,30,63,57684.0000,3.0000,42,29,3344,322288,13.6839,0.0000,81920655
305.0000,42,15,1,0,18,30,68,57431.0000,1014.0000,42,29,3346,322288,11.8839,0.0000,82216553
306.0000,41,18,1,0,17,30,67,55065.0000,853.0000,42,30,3348,322288,15.6839,0.0000,82524126
307.0000,41,21,1,0,17,30,69,56045.0000,541.0000,42,30,3348,322288,14.3839,0.0000,82812301
308.0000,41,24,1,0,16,30,67,57780.0000,277.0000,42,30,3350,322288,12.0839,0.0000,83092766
309.0000,41,24,1,0,16,29,67,58792.0000,72.0000,42,30,3354,322288,11.6839,0.0000,83411879
310.0000,40,24,1,0,16,19,65,56051.0000,3.0000,42,31,3360,322288,12.7839,0.0000,83705004
311.0000,40,26,1,0,15,16,68,55817.0000,47.0000,42,31,3360,322288,10.6839,0.0000,83988554
312.0000,40,28,1,0,15,16,73,56406.0000,7.0000,42,31,3364,322288,11.8839,0.0000,84279444
313.0000,40,30,1,0,15,16,74,56710.0000,296.0000,42,31,3364,322288,12.0839,0.2905,84571887
314.0000,39,32,1,0,15,17,73,52801.0000,35.0000,42,32,3366,322288,14.3839,0.3874,84858008
315.0000,39,34,1,0,15,17,70,49457.0000,371.0000,42,32,3366,322288,11.3839,0.0000,85163635
316.0000,39,36,1,0,16,17,66,50653.0000,67.0000,42,32,3366,322288,10.1839,0.0000,85429715
317.0000,39,38,1,0,14,17,64,51889.0000,47.0000,42,32,3366,322288,11.6839,0.0000,85707419
318.0000,39,40,1,0,14,17,67,52093.0000,31.0000,42,32,3368,322288,13.5839,0.4842,85986849
319.0000,39,42,1,0,14,17,67,49296.0000,15.0000,42,32,3368,322288,15.8839,0.0000,86269531
320.0000,39,43,1,0,13,16,67,49731.0000,7.0000,42,32,3368,322288,15.2839,0.0000,86553297
321.0000,39,38,1,0,13,21,64,50181.0000,7.0000,42,32,3370,322288,13.8839,0.0000,86833616
322.0000,39,32,1,0,13,26,64,50647.0000,7.0000,42,32,3376,322288,12.4839,1.1621,87118281
323.0000,39,31,1,0,12,28,62,48304.0000,23.0000,42,32,3382,322288,13.4839,0.0000,87415977
324.0000,39,33,1,0,12,28,58,46819.0000,7.0000,42,32,3384,322288,14.1839,0.0000,87705560
325.0000,39,33,1,0,12,28,59,44474.0000,7.0000,42,32,3386,322288,13.1839,0.0000,87995230
326.0000,39,33,1,0,10,28,60,43537.0000,7.0000,42,32,3392,322288,13.9839,0.0968,88276378
327.0000,39,32,1,0,10,29,54,41640.0000,7.0000,42,32,3396,322288,11.1839,0.2905,88557584
328.0000,39,24,1,0,11,37,55,39524.0000,7.0000,42,32,3402,322288,11.7839,0.0000,88843007
329.0000,39,21,1,0,11,40,56,39648.0000,7.0000,42,32,3402,322288,9.5839,0.0000,89122572
330.0000,39,19,1,0,13,42,53,39817.0000,7.0000,42,32,3404,322288,11.3839,0.0000,89399192
331.0000,39,17,1,0,13,44,52,40005.0000,7.0000,42,32,3406,322288,11.1839,0.0000,89668496
332.0000,39,18,1,0,13,45,54,40661.0000,27.0000,42,32,3410,322288,16.3839,0.0000,89943361
333.0000,39,20,1,0,13,45,50,39398.0000,11.0000,42,32,3414,322288,18.1839,0.0000,90227421
334.0000,39,22,1,0,12,45,48,39565.0000,55.0000,42,32,3416,322288,14.8839,0.0000,90515197
335.0000,39,24,1,0,11,44,48,38388.0000,39.0000,42,32,3416,322288,15.6839,0.0000,90804207
336.0000,37,26,1,0,12,45,48,36207.0000,733.0000,42,34,3418,322288,13.4839,0.0000,91093194
337.0000,37,28,1,0,11,45,48,34248.0000,434.0000,42,34,3420,322288,13.9839,0.3874,91376600
338.0000,38,29,1,0,11,45,42,33810.0000,51.0000,43,34,3424,322288,12.7839,0.0000,91658493
339.0000,38,31,1,0,11,45,46,33276.0000,158.0000,43,34,3424,322288,13.8839,0.0000,91939001
340.0000,38,33,1,0,11,44,40,32011.0000,55.0000,43,34,3424,322288,14.4839,0.0000,92220805
341.0000,38,35,1,0,10,44,34,30403.0000,39.0000,43,34,3424,322288,15.3839,2.5178,92498081
342.0000,37,37,1,0,11,43,35,29558.0000,23.0000,43,35,3424,322288,15.9839,0.0000,92769227
343.0000,37,39,1,0,11,34,33,29127.0000,7.0000,43,35,3432,322288,13.6839,0.0000,93056103
344.0000,37,40,1,0,11,32,29,28600.0000,71.0000,43,35,3434,322288,15.6839,0.0000,93335304
345.0000,36,40,1,0,10,35,29,27523.0000,55.0000,43,36,3436,322288,15.0839,0.0000,93612553
346.0000,35,42,1,0,10,36,29,26228.0000,39.0000,43,37,3436,322288,14.6839,0.0968,93885846
347.0000,35,44,1,0,10,36,26,25614.0000,23.0000,43,37,3438,322288,11.1839,0.0000,94135396
348.0000,35,45,1,0,11,36,25,25033.0000,7.0000,43,37,3442,322288,10.8839,0.0000,94395791
349.0000,35,31,1,0,11,42,25,24521.0000,7.0000,43,37,3442,322288,9.9839,0.0000,94659105
350.0000,35,29,1,0,10,41,24,23951.0000,7.0000,43,37,3442,322288,11.4337,0.0000,94921301
351.0000,34,29,1,0,10,41,25,22861.0000,70.0000,43,38,3444,322288,10.9194,0.0000,95183384
352.0000,34,31,1,0,11,35,24,22712.0000,153.0000,43,38,3450,322288,8.4677,0.0000,95447393
353.0000,34,33,1,0,11,34,24,22491.0000,15.0000,43,38,3452,322288,8.2206,0.0000,95699708
354.0000,34,34,1,0,11,34,24,22419.0000,7.0000,43,38,3454,322288,9.7552,0.0000,95954155
355.0000,34,36,1,0,11,34,23,22707.0000,63.0000,43,38,3454,322288,10.6552,0.0000,96222034
356.0000,34,38,1,0,12,34,23,22929.0000,47.0000,43,38,3456,322288,11.4552,0.0000,96484634
357.0000,34,40,1,0,12,33,19,22120.0000,31.0000,43,38,3458,322288,13.1552,0.0000,96733941
358.0000,34,42,1,0,13,33,22,23223.0000,15.0000,43,38,3458,322288,10.2552,0.0000,96991797
359.0000,34,42,1,0,13,34,22,24269.0000,7.0000,43,38,3460,322288,10.7552,0.0000,97247569
360.0000,34,27,1,0,15,49,21,25044.0000,7.0000,43,38,3470,322288,9.6552,0.0000,97504676
361.0000,34,25,1,0,15,51,23,24729.0000,7.0000,43,38,3476,322288,8.1552,0.0000,97747727
362.0000,34,24,1,0,15,52,24,25721.0000,7.0000,43,38,3480,322288,7.3552,0.0000,98008489
363.0000,34,23,1,0,16,53,23,25802.0000,7.0000,43,38,3484,322288,8.8552,0.0000,98264995
364.0000,34,21,1,0,16,55,24,27053.0000,7.0000,43,38,3486,322288,8.5552,0.0000,98517774
365.0000,34,20,1,0,16,56,24,27916.0000,7.0000,43,38,3486,322288,9.1552,0.0000,98782066
366.0000,34,18,1,0,16,55,25,28158.0000,7.0000,43,38,3486,322288,11.4552,0.0000,99034538
367.0000,33,16,1,0,17,58,25,27950.0000,7.0000,43,39,3492,322288,11.6552,0.0000,99281434
368.0000,33,15,1,0,18,59,27,28419.0000,7.0000,43,39,3496,322288,8.7552,0.0000,99527181
369.0000,33,15,1,0,19,57,27,30141.0000,7.0000,43,39,3498,322288,9.9552,0.0000,99770300
370.0000,33,15,1,0,18,43,31,31606.0000,7.0000,43,39,3500,322288,8.8552,0.0000,100015351
371.0000,32,13,1,0,18,44,28,32075.0000,7.0000,43,40,3502,322288,8.2552,0.0000,100259224
372.0000,32,11,1,0,18,45,30,33096.0000,7.0000,43,40,3502,322288,11.4552,0.0000,100488941
373.0000,32,9,1,0,20,47,33,34651.0000,7.0000,43,40,3508,322288,11.3552,0.0000,100723592
374.0000,32,8,1,0,20,48,32,35446.0000,7.0000,43,40,3510,322288,11.9552,0.0000,100970091
375.0000,32,6,1,0,20,50,35,36562.0000,7.0000,43,40,3512,322288,11.3552,0.0000,101203060
376.0000,31,4,1,0,20,53,35,36788.0000,7.0000,43,41,3514,322288,11.2552,0.0000,101443366
377.0000,31,3,1,0,21,55,41,36984.0000,1568.0000,43,41,3516,322288,7.2552,0.0000,101676583
378.0000,31,5,1,0,21,54,42,39500.0000,1504.0000,43,41,3520,322288,8.2552,0.0000,101907237
379.0000,31,7,1,0,21,54,46,40417.0000,2183.0000,43,41,3520,322288,10.7552,0.0000,102130942
380.0000,31,9,1,0,21,53,47,41052.0000,2119.0000,43,41,3520,322288,9.1552,0.0000,102359735
381.0000,31,11,1,0,20,39,43,40841.0000,2798.0000,43,41,3520,322288,9.3552,0.0000,102588705
382.0000,31,13,1,0,20,36,48,43136.0000,2734.0000,43,41,3522,322288,8.4552,0.0000,102823340
383.0000,31,15,1,0,20,35,50,45540.0000,2670.0000,43,41,3522,322288,8.4552,0.0000,103046817
384.0000,31,17,1,0,20,34,53,46501.0000,2606.0000,43,41,3524,322288,9.0552,0.0000,103288749
385.0000,31,19,1,0,20,32,54,47200.0000,2542.0000,43,41,3526,322288,10.4552,0.0000,103517197
386.0000,31,21,1,0,19,31,56,47582.0000,2478.0000,43,41,3526,322288,10.9552,0.0000,103742507
387.0000,31,23,1,0,19,29,58,48142.0000,2869.0000,43,41,3532,322288,10.8552,0.0000,103968424
388.0000,28,25,1,0,18,30,56,47020.0000,2549.0000,43,44,3532,322288,11.7552,0.0000,104195653
389.0000,28,27,1,0,17,29,60,48576.0000,2485.0000,43,44,3534,322288,9.5552,0.0000,104398187
390.0000,28,29,1,0,17,29,60,50316.0000,2421.0000,43,44,3536,322288,12.2552,0.0000,104603394
391.0000,28,31,1,0,17,29,60,51515.0000,2357.0000,43,44,3536,322288,14.9552,0.0000,104797155
392.0000,28,33,1,0,17,26,60,53374.0000,2293.0000,43,44,3538,322288,13.8552,0.0000,105005019
393.0000,28,35,1,0,17,24,61,55179.0000,2125.0000,43,44,3542,322288,13.5552,0.0000,105208885
394.0000,26,37,1,0,17,24,61,55751.0000,1768.0000,43,46,3542,322288,12.4552,0.0000,105417810
395.0000,26,39,1,0,17,23,61,57036.0000,1440.0000,43,46,3544,322288,12.5552,0.0000,105607731
396.0000,26,41,1,0,16,21,66,58201.0000,1104.0000,43,46,3544,322288,13.6552,0.0000,105798459
397.0000,25,43,1,0,16,20,66,56997.0000,616.0000,43,47,3544,322288,13.6552,0.0000,105993237
398.0000,25,45,1,0,16,18,68,57197.0000,528.0000,43,47,3546,322288,15.2552,1.6654,106183239
399.0000,25,47,1,0,16,18,67,59719.0000,19.0000,43,47,3546,322288,15.0552,0.0000,106370645
400.0000,25,49,1,0,14,18,66,56499.0000,3.0000,43,47,3546,322288,15.4552,0.0000,106559115
401.0000,25,51,1,0,14,18,70,58069.0000,8.0000,43,47,3548,322288,14.5552,0.0000,106736066
402.0000,25,52,1,0,14,18,68,60661.0000,0.0000,43,47,3548,322288,12.3552,0.0000,106921906
403.0000,25,51,1,0,14,19,71,59500.0000,0.0000,43,47,3550,322288,18.1552,0.0000,107103709
404.0000,23,46,1,0,14,26,70,58803.0000,0.0000,43,49,3550,322288,17.4552,0.0000,107290736
405.0000,23,39,1,0,15,33,71,59479.0000,0.0000,43,49,3552,322288,13.8552,0.0000,107468128
406.0000,23,26,1,0,14,44,70,61107.0000,0.0000,43,49,3554,322288,13.5552,0.0000,107639219
407.0000,23,24,1,0,14,46,69,57417.0000,0.0000,43,49,3556,322288,17.3552,0.0000,107814068
408.0000,23,22,1,0,15,48,66,54394.0000,0.0000,43,49,3556,322288,13.4552,0.0000,107981042
409.0000,23,22,1,0,15,49,67,55120.0000,151.0000,43,49,3556,322288,12.7552,0.0000,108156196
410.0000,23,24,1,0,15,48,67,51730.0000,696.0000,43,49,3556,322288,15.4552,0.0000,108327534
411.0000,22,26,1,0,15,49,68,52354.0000,177.0000,43,50,3556,322288,12.0552,0.0000,108499585
412.0000,21,28,1,0,16,50,69,52250.0000,52.0000,43,51,3556,322288,10.6552,0.0000,108664881
413.0000,21,30,1,0,17,50,71,53012.0000,36.0000,43,51,3556,322288,11.2552,0.0000,108818462
414.0000,21,32,1,0,17,50,66,52093.0000,20.0000,43,51,3558,322288,12.2552,0.0000,108974682
415.0000,21,34,1,0,17,50,64,50694.0000,64.0000,43,51,3560,322288,12.7552,0.0000,109130462
416.0000,21,34,1,0,16,52,64,48678.0000,48.0000,43,51,3562,322288,15.8552,1.4573,109276132
417.0000,23,32,1,0,16,54,65,48204.0000,32.0000,45,51,3564,322288,15.6552,0.0000,109448047
418.0000,23,31,1,0,16,57,65,47179.0000,52.0000,45,51,3564,322288,16.7552,0.1041,109621990
419.0000,23,32,1,0,16,58,65,46374.0000,36.0000,45,51,3564,322288,15.2552,0.0000,109794629
420.0000,23,32,1,0,17,60,64,45316.0000,68.0000,45,51,3564,322288,15.0552,0.0000,109962961
421.0000,23,33,1,0,17,61,65,45326.0000,52.0000,45,51,3566,322288,13.5552,0.0000,110139090
422.0000,23,35,1,0,17,61,66,45095.0000,36.0000,45,51,3570,322288,14.2552,0.0000,110305371
423.0000,23,37,1,0,14,61,68,44973.0000,312.0000,45,51,3576,322288,12.4552,0.0000,110474730
424.0000,23,39,1,0,12,60,68,42859.0000,52.0000,45,51,3576,322288,16.2552,0.0000,110646157
425.0000,23,41,1,0,12,56,67,42247.0000,36.0000,45,51,3578,322288,14.9552,0.0000,110814695
426.0000,23,43,1,0,11,48,66,42392.0000,20.0000,45,51,3578,322288,12.6552,0.0000,110979878
427.0000,23,45,1,0,10,35,64,42172.0000,4.0000,45,51,3582,322288,12.2552,0.0000,111144452
428.0000,23,46,1,0,10,34,62,40127.0000,84.0000,45,51,3586,322288,13.3552,0.0000,111314898
429.0000,23,48,1,0,11,32,61,39320.0000,68.0000,45,51,3594,322288,11.2552,0.0000,111487092
430.0000,23,49,1,0,10,32,63,39440.0000,52.0000,45,51,3596,322288,12.4552,0.0000,111655208
431.0000,23,50,1,0,9,33,62,38859.0000,36.0000,45,51,3596,322288,12.6552,0.3123,111821053
432.0000,23,49,1,0,9,35,55,36057.0000,20.0000,45,51,3596,322288,14.9552,0.4164,111988338
433.0000,23,47,1,0,10,39,57,33421.0000,64.0000,45,51,3596,322288,11.9552,0.0000,112165991
434.0000,23,49,1,0,10,38,55,33310.0000,101.0000,45,51,3600,322288,10.7552,0.0000,112332944
435.0000,23,51,1,0,9,38,56,33413.0000,68.0000,45,51,3600,322288,12.2552,0.0000,112498822
436.0000,23,53,1,0,9,38,54,33141.0000,52.0000,45,51,3600,322288,14.1552,0.5204,112674652
437.0000,23,55,1,0,8,36,53,31297.0000,36.0000,45,51,3600,322288,16.4552,0.0000,112853949
438.0000,23,56,1,0,8,34,51,30808.0000,20.0000,45,51,3600,322288,15.8552,0.0000,113028112
439.0000,23,52,1,0,8,37,50,30514.0000,4.0000,45,51,3604,322288,14.4552,0.0000,113196171
440.0000,23,42,1,0,9,48,50,30299.0000,171.0000,45,51,3606,322288,13.0552,1.2491,113360384
441.0000,23,44,1,0,9,46,46,28834.0000,32.0000,45,51,3608,322288,14.0552,0.0000,113534200
442.0000,23,46,1,0,9,43,46,28245.0000,358.0000,45,51,3608,322288,14.7552,0.0000,113703597
443.0000,23,48,1,0,9,43,43,27010.0000,60.0000,45,51,3608,322288,13.7552,0.0000,113880255
444.0000,23,50,1,0,9,43,43,26704.0000,44.0000,45,51,3610,322288,14.5552,0.1041,114053444
445.0000,23,52,1,0,11,43,43,25746.0000,197.0000,45,51,3612,322288,11.7552,0.3123,114221553
446.0000,23,54,1,0,11,43,40,24485.0000,48.0000,45,51,3652,322288,12.3552,0.0000,114502383
447.0000,23,54,1,0,11,44,43,25170.0000,32.0000,45,51,3652,322288,10.1552,0.0000,114672880
448.0000,23,47,1,0,12,53,39,25906.0000,16.0000,45,51,3654,322288,11.9552,0.0000,114841993
449.0000,23,47,1,0,14,54,37,26804.0000,60.0000,45,51,3656,322288,11.7552,0.0000,115016290
450.0000,22,49,1,0,14,55,37,27649.0000,44.0000,45,52,3658,322288,16.9552,0.0000,115189555
451.0000,22,50,1,0,15,55,35,27282.0000,52.0000,45,52,3658,322288,18.7552,0.0000,115348421
452.0000,22,51,1,0,16,55,36,28216.0000,72.0000,45,52,3660,322288,15.4552,0.0000,115503799
453.0000,21,53,1,0,16,53,34,27709.0000,56.0000,45,53,3664,322288,16.2552,0.0000,115670427
454.0000,22,54,1,0,17,49,35,27629.0000,40.0000,46,53,3666,322288,14.0552,0.0000,115819930
455.0000,26,52,1,0,17,49,30,26603.0000,24.0000,50,53,3666,322288,14.5552,0.4164,116004090
456.0000,26,52,1,0,18,51,35,27659.0000,157.0000,50,53,3668,322288,13.3552,0.0000,116190219
457.0000,26,53,1,0,18,52,37,28428.0000,88.0000,50,53,3668,322288,14.4552,0.0000,116378212
458.0000,26,55,1,0,18,52,36,28415.0000,72.0000,50,53,3670,322288,15.0552,0.0000,116574712
459.0000,26,57,1,0,19,51,36,27544.0000,56.0000,50,53,3670,322288,15.9552,2.7063,116778845
460.0000,26,59,1,0,19,47,37,29107.0000,163.0000,50,53,3670,322288,16.5552,0.0000,116967999
461.0000,26,59,1,0,19,35,40,30222.0000,60.0000,50,53,3674,322288,14.2552,0.0000,117150355
462.0000,26,59,1,0,19,37,38,30885.0000,44.0000,50,53,3674,322288,16.2552,0.0000,117344262
463.0000,26,57,1,0,19,40,40,31092.0000,28.0000,50,53,3676,322288,15.6552,0.0000,117538283
464.0000,26,57,1,0,19,42,39,31203.0000,12.0000,50,53,3676,322288,15.2552,0.1041,117731645
465.0000,26,56,1,0,19,44,39,31479.0000,4.0000,50,53,3680,322288,11.7552,0.0000,117922427
466.0000,25,36,1,0,19,65,40,31149.0000,4.0000,50,54,3682,322288,11.4552,0.0000,118107545
467.0000,25,34,1,0,19,66,38,31224.0000,4.0000,50,54,3682,322288,10.5552,0.0000,118288980
468.0000,25,36,1,0,19,64,42,31139.0000,351.0000,50,54,3684,322288,11.8903,0.0000,118473157
469.0000,25,38,1,0,19,55,43,30915.0000,1785.0000,50,54,3684,322288,11.1025,0.0000,118659901
470.0000,25,40,1,0,18,53,46,31538.0000,1449.0000,50,54,3688,322288,8.3243,0.0000,118858839
471.0000,25,42,1,0,18,53,49,31921.0000,2298.0000,50,54,3690,322288,7.8037,0.0000,119036778
472.0000,25,44,1,0,18,52,51,32434.0000,1882.0000,50,54,3690,322288,9.2236,0.0000,119223545
473.0000,25,46,1,0,19,50,52,33440.0000,1765.0000,50,54,3692,322288,10.1236,0.0000,119398509
474.0000,25,48,1,0,19,50,53,34158.0000,2127.0000,50,54,3694,322288,10.9236,0.0000,119582369
475.0000,24,50,1,0,19,51,54,32260.0000,1523.0000,50,55,3698,322288,12.6236,0.0000,119771313
476.0000,23,52,1,0,18,52,55,33832.0000,911.0000,50,56,3698,322288,9.7236,0.0000,119957010
477.0000,23,54,1,0,18,50,57,35404.0000,1216.0000,50,56,3704,322288,10.2236,0.0000,120130262
478.0000,23,56,1,0,18,49,58,36435.0000,1322.0000,50,56,3704,322288,9.1236,0.0000,120296400
479.0000,22,58,1,0,17,50,57,35396.0000,650.0000,50,57,3708,322288,7.6236,0.0000,120460342
480.0000,22,60,1,0,17,50,57,36963.0000,482.0000,50,57,3710,322288,6.8236,0.0000,120627687
481.0000,22,62,1,0,17,50,54,36834.0000,68.0000,50,57,3712,322288,8.3236,0.0000,120788385
482.0000,21,63,1,0,16,49,56,38040.0000,60.0000,50,58,3712,322288,8.0236,0.0000,120957820
483.0000,21,63,1,0,16,47,56,38717.0000,60.0000,50,58,3714,322288,8.6236,0.0000,121117860
484.0000,25,61,1,0,16,43,52,38527.0000,44.0000,54,58,3718,322288,10.9236,0.0000,121286851
485.0000,26,61,1,0,16,42,56,38049.0000,64.0000,56,59,3718,322288,11.1236,0.0000,121485175
486.0000,26,53,1,0,16,50,53,38215.0000,72.0000,56,59,3718,322288,8.2236,0.0000,121681726
487.0000,26,54,1,0,16,31,57,40172.0000,56.0000,56,59,3722,322288,9.4236,0.0000,121879053
488.0000,25,54,1,0,16,33,57,40828.0000,40.0000,56,60,3724,322288,8.3236,0.0000,122075889
489.0000,25,54,1,0,16,34,57,41609.0000,24.0000,56,60,3724,322288,7.7236,0.0000,122265183
490.0000,25,48,1,0,16,42,56,42085.0000,8.0000,56,60,3726,322288,10.9236,0.0000,122454050
491.0000,25,35,1,0,16,56,57,43112.0000,0.0000,56,60,3732,322288,10.8236,0.0000,122646887
492.0000,25,33,1,0,15,58,58,43274.0000,0.0000,56,60,3734,322288,11.4236,0.0000,122833772
493.0000,25,31,1,0,15,60,57,43595.0000,0.0000,56,60,3734,322288,10.8236,0.0000,123023533
494.0000,25,29,1,0,15,62,56,43407.0000,0.0000,56,60,3734,322288,10.7236,0.0000,123214523
495.0000,25,27,1,0,15,64,56,42465.0000,0.0000,56,60,3738,322288,6.7236,0.0000,123404231
496.0000,25,25,1,0,15,66,54,43702.0000,0.0000,56,60,3738,322288,7.7236,0.0000,123589272
497.0000,25,23,1,0,15,68,54,43511.0000,0.0000,56,60,3738,322288,10.2236,0.0000,123780799
498.0000,25,23,1,0,15,69,58,43334.0000,4.0000,56,60,3744,322288,8.6236,0.0000,123967373
499.0000,25,23,1,0,15,70,60,42418.0000,541.0000,56,60,3744,322288,8.8236,0.0000,124151371
500.0000,25,25,1,0,16,68,60,44052.0000,271.0000,56,60,3748,322288,7.9236,0.0000,124340168
501.0000,25,27,1,0,16,68,61,45459.0000,36.0000,56,60,3750,322288,7.9236,0.0000,124524076
502.0000,25,29,1,0,16,68,60,45285.0000,20.0000,56,60,3752,322288,8.5236,0.0000,124707073
503.0000,25,31,1,0,15,67,57,44876.0000,4.0000,56,60,3752,322288,9.9236,0.0000,124890130
504.0000,25,31,1,0,15,67,55,44189.0000,4.0000,56,60,3754,322288,10.4236,0.0000,125073522
505.0000,25,29,1,0,15,67,59,43984.0000,716.0000,56,60,3756,322288,10.3236,0.0000,125255917
506.0000,25,30,1,0,15,67,61,43599.0000,424.0000,56,60,3758,322288,11.2236,0.0000,125436286
507.0000,25,32,1,0,14,55,61,44690.0000,700.0000,56,60,3758,322288,9.0236,0.0000,125615065
508.0000,25,34,1,0,14,52,60,45622.0000,262.0000,56,60,3762,322288,11.7236,0.0000,125794960
509.0000,25,36,1,0,14,50,64,45881.0000,605.0000,56,60,3764,322288,14.4236,0.0000,125978148
510.0000,24,38,1,0,12,49,61,46214.0000,534.0000,56,61,3766,322288,13.3236,0.0000,126151172
511.0000,24,40,1,0,12,42,60,46444.0000,96.0000,56,61,3768,322288,13.0236,0.0000,126318275
512.0000,24,42,1,0,13,28,61,46688.0000,36.0000,56,61,3768,322288,11.9236,0.0000,126503595
513.0000,24,44,1,0,11,26,60,46477.0000,20.0000,56,61,3768,322288,12.0236,0.0000,126681385
514.0000,24,46,1,0,11,24,58,45735.0000,4.0000,56,61,3772,322288,13.1236,0.0000,126849979
515.0000,24,47,1,0,9,21,60,44222.0000,32.0000,56,61,3774,322288,13.1236,0.0000,127019977
516.0000,23,49,1,0,7,20,61,41960.0000,16.0000,56,62,3774,322288,14.7236,1.4779,127197834
517.0000,23,39,1,0,8,30,59,40417.0000,0.0000,56,62,3774,322288,14.5236,0.0000,127347862
518.0000,23,36,1,0,7,31,56,37568.0000,0.0000,56,62,3776,322288,14.9236,0.0000,127519377
519.0000,22,34,1,0,6,33,54,35701.0000,0.0000,56,63,3780,322288,14.0236,0.0000,127691073
520.0000,22,30,1,0,6,36,52,34637.0000,0.0000,56,63,3780,322288,11.8236,0.0000,127850040
521.0000,22,23,1,0,6,43,48,32844.0000,0.0000,56,63,3780,322288,17.6236,0.0000,128008792
522.0000,22,23,1,0,6,43,48,31470.0000,0.0000,56,63,3780,322288,16.9236,0.0000,128177762
523.0000,22,21,1,0,6,45,45,30323.0000,0.0000,56,63,3780,322288,13.3236,0.0000,128340219
524.0000,22,19,1,0,7,47,47,29892.0000,0.0000,56,63,3786,322288,13.0236,0.0000,128490798
525.0000,22,18,1,0,7,49,47,28020.0000,504.0000,56,63,3788,322288,16.8236,0.0000,128645184
526.0000,21,20,1,0,8,48,45,25989.0000,215.0000,56,64,3788,322288,12.9236,0.0000,128799085
527.0000,21,22,1,0,8,47,42,25841.0000,44.0000,56,64,3792,322288,12.2236,0.0000,128953660
528.0000,21,24,1,0,8,47,42,24409.0000,52.0000,56,64,3792,322288,14.9236,0.0000,129106039
529.0000,20,26,1,0,9,48,42,23716.0000,36.0000,56,65,3792,322288,11.5236,0.0000,129248265
530.0000,19,27,1,0,9,49,40,22849.0000,76.0000,56,66,3792,322288,10.1236,0.0000,129385573
531.0000,19,28,1,0,10,49,42,22685.0000,440.0000,56,66,3794,322288,10.7236,0.0000,129525250
532.0000,19,29,1,0,11,49,40,22426.0000,900.0000,56,66,3796,322288,11.7236,0.0000,129664926
533.0000,19,30,1,0,11,49,40,22067.0000,874.0000,56,66,3798,322288,12.2236,0.0000,129802048
534.0000,19,31,1,0,11,49,37,21473.0000,1080.0000,56,66,3798,322288,15.3236,1.2931,129942468
535.0000,19,32,1,0,12,49,33,21708.0000,664.0000,56,66,3798,322288,15.1236,0.0000,130085218
536.0000,18,33,1,0,12,50,32,21238.0000,227.0000,56,67,3798,322288,16.2236,0.0924,130215331
537.0000,18,34,1,0,14,50,32,21191.0000,68.0000,56,67,3800,322288,14.7236,0.0000,130350027
538.0000,17,35,1,0,15,39,33,20550.0000,143.0000,56,68,3802,322288,14.5236,0.0000,130481702
539.0000,17,36,1,0,16,37,31,21038.0000,104.0000,56,68,3806,322288,13.0236,0.0000,130600908
540.0000,17,37,1,0,17,34,34,21415.0000,92.0000,56,68,3808,322288,13.7236,0.0000,130723093
541.0000,16,38,1,0,17,31,36,21374.0000,132.0000,56,69,3808,322288,11.9236,0.0000,130848598
542.0000,16,39,1,0,17,24,33,21000.0000,88.0000,56,69,3808,322288,15.7236,0.0000,130965591
543.0000,16,39,1,0,18,25,32,21814.0000,80.0000,56,69,3810,322288,14.4236,0.0000,131083094
544.0000,16,36,1,0,18,27,33,23104.0000,72.0000,56,69,3810,322288,12.1236,0.0000,131196735
545.0000,16,32,1,0,18,30,36,24374.0000,64.0000,56,69,3810,322288,11.7236,0.0000,131317675
546.0000,16,30,1,0,17,30,32,23993.0000,56.0000,56,69,3812,322288,12.8236,0.0000,131436821
547.0000,16,30,1,0,17,31,35,24716.0000,543.0000,56,69,3812,322288,10.7236,0.0000,131558963
548.0000,15,31,1,0,18,32,37,25797.0000,252.0000,56,70,3814,322288,11.9236,0.0000,131672756
549.0000,15,32,1,0,18,31,40,27212.0000,759.0000,56,70,3818,322288,12.1236,0.2771,131777522
550.0000,15,33,1,0,18,31,37,25690.0000,503.0000,56,70,3818,322288,14.4236,0.3695,131883404
551.0000,15,34,1,0,18,31,38,24215.0000,255.0000,56,70,3822,322288,11.4236,0.0000,131998880
552.0000,15,35,1,0,18,31,42,26573.0000,68.0000,56,70,3824,322288,10.2236,0.0000,132107739
553.0000,15,36,1,0,18,31,41,29062.0000,60.0000,56,70,3824,322288,11.7236,0.0000,132216022
554.0000,14,37,1,0,18,32,44,31011.0000,52.0000,56,71,3826,322288,13.6236,0.4618,132326099
555.0000,14,38,1,0,18,32,46,30013.0000,44.0000,56,71,3828,322288,15.9236,0.0000,132428619
556.0000,14,38,1,0,18,33,47,32398.0000,84.0000,56,71,3830,322288,15.3236,0.0000,132532240
557.0000,14,39,1,0,18,33,51,35178.0000,1086.0000,56,71,3830,322288,13.9236,0.0000,132634871
558.0000,14,40,1,0,18,33,54,37572.0000,734.0000,56,71,3832,322288,12.5236,1.1084,132732741
559.0000,14,41,1,0,18,33,57,36633.0000,358.0000,56,71,3836,322288,13.5236,0.0000,132834496
560.0000,14,42,1,0,18,33,57,37243.0000,88.0000,56,71,3836,322288,14.2236,0.0000,132940065
561.0000,14,42,1,0,18,33,56,36330.0000,174.0000,56,71,3838,322288,13.2236,0.0000,133039826
562.0000,14,42,1,0,18,32,60,37438.0000,178.0000,56,71,3840,322288,14.0236,0.0924,133136644
563.0000,14,42,1,0,18,32,58,36944.0000,112.0000,56,71,3840,322288,11.2236,0.2771,133242884
564.0000,14,42,1,0,19,31,59,35763.0000,112.0000,56,71,3840,322288,11.8236,0.0000,133352015
565.0000,14,42,1,0,18,28,60,38808.0000,112.0000,56,71,3840,322288,9.6236,0.0000,133462321
566.0000,14,42,1,0,18,23,65,41444.0000,104.0000,56,71,3842,322288,11.4236,0.0000,133561924
567.0000,14,42,1,0,18,21,64,43665.0000,96.0000,56,71,3842,322288,11.2236,0.0000,133658990
568.0000,21,29,1,0,19,27,60,46424.0000,88.0000,63,71,3842,322288,16.4236,0.0000,133789513
569.0000,22,29,1,0,19,28,63,45422.0000,96.0000,64,71,3842,322288,18.2236,0.0000,133948128
570.0000,24,29,1,0,19,28,62,45915.0000,80.0000,66,71,3848,322288,14.9236,0.0000,134122286
571.0000,26,29,1,0,18,28,59,45456.0000,64.0000,68,71,3850,322288,15.7236,0.0000,134312658
572.0000,26,31,1,0,18,28,61,44832.0000,48.0000,68,71,3850,322288,13.5236,0.0000,134498969
573.0000,26,32,1,0,18,29,63,42579.0000,32.0000,68,71,3852,322288,14.0236,0.3695,134690548
574.0000,26,33,1,0,18,30,64,43927.0000,694.0000,68,71,3852,322288,12.8236,0.0000,134871543
575.0000,26,35,1,0,18,30,65,44704.0000,327.0000,68,71,3854,322288,13.9236,0.0000,135070393
576.0000,26,37,1,0,18,30,64,44103.0000,56.0000,68,71,3856,322288,14.5236,0.0000,135257916
577.0000,26,39,1,0,18,29,62,42220.0000,40.0000,68,71,3858,322288,15.4236,2.4015,135452946
578.0000,26,41,1,0,18,28,63,43659.0000,410.0000,68,71,3866,322288,16.0236,0.0000,135645956
579.0000,26,43,1,0,18,28,65,44228.0000,165.0000,68,71,3870,322288,13.7236,0.0000,135828663
580.0000,26,45,1,0,17,28,68,44144.0000,634.0000,68,71,3872,322288,15.7236,0.0000,136016820
581.0000,26,47,1,0,17,26,68,43807.0000,324.0000,68,71,3874,322288,15.1236,0.0000,136209737
582.0000,26,49,1,0,17,26,65,43368.0000,68.0000,68,71,3874,322288,14.7236,0.0924,136394795
583.0000,26,51,1,0,17,25,65,43070.0000,52.0000,68,71,3878,322288,11.2236,0.0000,136586602
584.0000,26,53,1,0,16,24,65,42538.0000,36.0000,68,71,3882,322288,10.9236,0.0000,136786991
585.0000,26,55,1,0,16,24,65,41903.0000,20.0000,68,71,3886,322288,10.0236,0.0000,136971077
586.0000,26,55,1,0,16,26,65,40923.0000,40.0000,68,71,3886,322288,11.5087,0.0000,137158783
587.0000,26,55,1,0,16,27,67,39874.0000,60.0000,68,71,3888,322288,11.0786,0.0000,137340231
588.0000,26,56,1,0,15,26,67,39868.0000,44.0000,68,71,3890,322288,8.7273,0.0000,137529281
589.0000,26,57,1,0,14,20,62,39350.0000,28.0000,68,71,3890,322288,8.5643,0.0000,137722786
590.0000,29,54,1,0,14,21,60,38999.0000,12.0000,71,71,3890,322288,10.1342,0.0000,137913779
591.0000,30,52,1,0,13,23,58,39024.0000,4.0000,72,71,3890,322288,11.0342,0.0000,138125684
592.0000,30,40,1,0,13,35,58,38623.0000,4.0000,72,71,3894,322288,11.8342,0.0000,138351236
593.0000,30,38,1,0,12,37,57,36511.0000,4.0000,72,71,3896,322288,13.5342,0.0000,138577449
594.0000,30,36,1,0,10,38,57,37128.0000,4.0000,72,71,3896,322288,10.6342,0.0000,138782680
595.0000,31,33,1,0,10,39,55,37131.0000,4.0000,73,71,3896,322288,11.1342,0.0000,138997010
596.0000,32,34,1,0,10,39,54,36778.0000,215.0000,74,71,3900,322288,10.0342,0.0000,139226876
597.0000,33,35,1,0,10,39,51,35248.0000,32.0000,75,71,3906,322288,8.5342,0.0000,139468813
598.0000,33,37,1,0,9,39,49,35251.0000,16.0000,75,71,3908,322288,7.7342,0.0000,139704632
599.0000,34,38,1,0,9,39,47,34257.0000,0.0000,76,71,3910,322288,9.2342,0.0000,139973360
600.0000,34,38,1,0,10,39,46,34366.0000,0.0000,76,71,3912,322288,8.9342,0.0000,140217594
601.0000,34,38,1,0,8,40,45,34120.0000,64.0000,76,71,3912,322288,9.5342,0.0000,140458887
602.0000,35,39,1,0,8,40,43,32999.0000,48.0000,77,71,3916,322288,11.8342,0.0000,140711226
603.0000,36,40,1,0,9,40,38,31966.0000,32.0000,78,71,3918,322288,12.0342,0.0000,140988285
604.0000,37,39,1,0,9,42,38,31187.0000,16.0000,79,71,3918,322288,9.1342,0.0000,141258505
605.0000,37,39,1,0,9,44,37,31212.0000,0.0000,79,71,3920,322288,10.3342,0.0000,141512955
606.0000,37,33,1,0,10,51,38,30978.0000,28.0000,79,71,3926,322288,9.2342,0.0000,141781058
607.0000,37,34,1,0,9,50,37,30568.0000,12.0000,79,71,3930,322288,8.6342,0.0000,142038418
608.0000,37,34,1,0,8,51,34,29975.0000,32.0000,79,71,3936,322288,11.8342,0.0000,142308520
609.0000,37,36,1,0,8,49,35,29507.0000,52.0000,79,71,3944,322288,11.7342,0.0000,142589971
610.0000,37,38,1,0,7,48,31,28827.0000,36.0000,79,71,3950,322288,12.3342,0.0000,142859884
611.0000,37,40,1,0,7,46,32,28049.0000,20.0000,79,71,3950,322288,11.7342,0.0000,143140877
612.0000,37,42,1,0,7,43,27,27049.0000,4.0000,79,71,3952,322288,11.6342,0.0000,143419378
613.0000,37,41,1,0,7,31,23,25994.0000,4.0000,79,71,3954,322288,7.6342,0.0000,143691998
614.0000,37,38,1,0,8,32,25,25747.0000,4.0000,79,71,3956,322288,8.6342,0.0000,143961198
615.0000,37,28,1,0,10,39,25,25177.0000,4.0000,79,71,3960,322288,11.1342,0.0000,144242970
616.0000,37,25,1,0,11,40,23,24673.0000,4.0000,79,71,3960,322288,9.5342,0.0000,144509726
617.0000,36,23,1,0,11,43,23,23521.0000,4.0000,79,72,3960,322288,9.7342,0.0000,144788150
618.0000,36,22,1,0,12,44,20,23741.0000,4.0000,79,72,3960,322288,8.8342,0.0000,145051785
619.0000,36,24,1,0,12,44,20,24049.0000,453.0000,79,72,3960,322288,8.8342,0.0000,145298430
620.0000,36,26,1,0,11,44,18,23998.0000,187.0000,79,72,3964,322288,9.4342,0.0000,145556381
621.0000,36,28,1,0,11,44,18,23655.0000,16.0000,79,72,3966,322288,10.8342,0.0000,145822856
622.0000,36,30,1,0,12,43,17,23243.0000,0.0000,79,72,3968,322288,11.3342,0.0000,146088646
623.0000,36,31,1,0,13,43,18,23213.0000,28.0000,79,72,3970,322288,11.2342,0.0000,146349014
624.0000,36,33,1,0,13,42,18,23280.0000,12.0000,79,72,3970,322288,12.1342,0.0000,146614763
625.0000,36,33,1,0,13,40,21,24165.0000,4.0000,79,72,3970,322288,9.9342,0.0000,146882359
626.0000,36,30,1,0,13,40,22,25430.0000,4.0000,79,72,3970,322288,12.6342,0.0000,147138703
627.0000,36,27,1,0,12,36,18,26505.0000,4.0000,79,72,3974,322288,15.3342,0.0000,147410035
628.0000,36,19,1,0,12,43,18,27430.0000,4.0000,79,72,3976,322288,14.2342,0.0000,147677221
629.0000,36,16,1,0,13,45,20,28422.0000,4.0000,79,72,3976,322288,13.9342,0.0000,147943357
630.0000,36,14,1,0,14,46,20,29772.0000,4.0000,79,72,3976,322288,12.8342,0.0000,148210830
631.0000,36,12,1,0,14,48,22,31179.0000,4.0000,79,72,3978,322288,12.9342,0.0000,148480086
632.0000,36,12,1,0,15,48,26,32578.0000,4.0000,79,72,3978,322288,14.0342,0.0000,148747780
633.0000,36,12,1,0,17,48,25,33132.0000,4.0000,79,72,3978,322288,14.0342,0.0000,149018210
634.0000,36,12,1,0,18,46,24,34218.0000,4.0000,79,72,3980,322288,15.6342,1.5913,149289927
635.0000,35,12,1,0,18,45,26,36141.0000,4.0000,79,73,3980,322288,15.4342,0.0000,149557687
636.0000,35,11,1,0,18,35,25,34696.0000,4.0000,79,73,3984,322288,15.8342,0.0000,149829491
637.0000,35,9,1,0,18,33,28,37662.0000,4.0000,79,73,3988,322288,14.9342,0.0000,150092418
638.0000,35,9,1,0,18,31,31,41923.0000,32.0000,79,73,3990,322288,12.7342,0.0000,150353579
639.0000,35,11,1,0,18,30,34,42825.0000,121.0000,79,73,3992,322288,18.5342,0.0000,150617563
640.0000,35,13,1,0,18,30,38,44916.0000,12.0000,79,73,3994,322288,17.8342,0.0000,150886576
641.0000,35,15,1,0,18,30,38,47381.0000,294.0000,79,73,3996,322288,14.2342,0.0000,151137547
642.0000,34,17,1,0,18,31,36,50442.0000,97.0000,79,74,3996,322288,13.9342,0.0000,151397766
643.0000,34,19,1,0,18,31,39,48350.0000,24.0000,79,74,3998,322288,17.7342,0.0000,151650033
644.0000,34,21,1,0,18,31,40,47020.0000,8.0000,79,74,3998,322288,13.8342,0.0000,151903234
645.0000,34,22,1,0,18,31,44,50378.0000,0.0000,79,74,4000,322288,13.1342,0.0000,152160890
646.0000,34,22,1,0,18,30,44,48450.0000,0.0000,79,74,4000,322288,15.8342,0.0000,152408511
647.0000,34,22,1,0,18,27,49,51477.0000,0.0000,79,74,4000,322288,12.4342,0.0000,152655664
648.0000,34,14,1,0,18,32,48,53604.0000,0.0000,79,74,4002,322288,11.0342,0.0000,152907132
649.0000,34,14,1,0,18,23,49,55299.0000,0.0000,79,74,4008,322288,11.6342,0.0000,153168611
650.0000,34,14,1,0,18,19,51,55501.0000,0.0000,79,74,4014,322288,12.6342,0.0000,153421257
651.0000,34,14,1,0,18,17,53,55287.0000,0.0000,79,74,4020,322288,13.1342,0.0000,153675149
652.0000,34,14,1,0,18,15,55,54206.0000,0.0000,79,74,4026,322288,16.2342,1.3924,153942026
653.0000,34,15,1,0,18,15,60,55061.0000,193.0000,79,74,4030,322288,16.0342,0.0000,154196200
654.0000,34,17,1,0,18,15,64,55195.0000,496.0000,79,74,4034,322288,17.1342,0.0995,154455450
655.0000,34,19,1,0,19,15,63,55326.0000,209.0000,79,74,4034,322288,15.6342,0.0000,154711498
656.0000,34,21,1,0,19,15,62,54615.0000,224.0000,79,74,4036,322288,15.4342,0.0000,154970707
657.0000,34,23,1,0,19,14,62,55050.0000,33.0000,79,74,4040,322288,13.9342,0.0000,155224179
658.0000,34,25,1,0,19,12,62,55072.0000,17.0000,79,74,4044,322288,14.6342,0.0000,155481883
659.0000,33,27,1,0,18,12,65,54865.0000,1.0000,79,75,4044,322288,12.8342,0.0000,155721023
660.0000,33,28,1,0,18,12,64,53210.0000,38.0000,79,75,4044,322288,16.6342,0.0000,155973541
661.0000,33,28,1,0,19,14,69,54505.0000,22.0000,79,75,4046,322288,15.3342,0.0000,156224512
662.0000,33,25,1,0,19,19,69,56787.0000,6.0000,79,75,4052,322288,13.0342,0.0000,156480107
663.0000,33,25,1,0,19,19,71,58663.0000,6.0000,79,75,4054,322288,12.6342,0.0000,156725849
664.0000,33,27,1,0,19,19,70,56570.0000,14.0000,79,75,4054,322288,13.7342,0.0000,156972417
665.0000,33,28,1,0,19,19,72,56638.0000,6.0000,79,75,4058,322288,11.6342,0.0000,157217022
666.0000,32,28,1,0,19,20,75,57987.0000,6.0000,79,76,4060,322288,12.8342,0.0000,157459808
667.0000,32,28,1,0,19,20,74,59099.0000,6.0000,79,76,4062,322288,13.0342,0.2984,157708792
668.0000,32,28,1,0,19,20,76,55374.0000,6.0000,79,76,4062,322288,15.3342,0.3978,157958573
669.0000,32,21,1,0,18,19,69,51779.0000,6.0000,79,76,4062,322288,12.3342,0.0000,158201910
670.0000,32,20,1,0,17,20,70,53570.0000,6.0000,79,76,4064,322288,11.1342,0.0000,158430134
671.0000,32,19,1,0,17,21,72,54972.0000,6.0000,79,76,4066,322288,12.6342,0.0000,158674564
672.0000,32,20,1,0,17,22,75,56003.0000,328.0000,79,76,4070,322288,14.5342,0.4973,158918938
673.0000,32,22,1,0,16,22,74,53214.0000,42.0000,79,76,4072,322288,16.8342,0.0000,159165896
674.0000,32,24,1,0,17,22,75,54190.0000,475.0000,79,76,4078,322288,16.2342,0.0000,159400980
675.0000,32,26,1,0,15,22,76,55494.0000,112.0000,79,76,4078,322288,14.8342,0.0000,159632976
676.0000,32,28,1,0,14,22,73,55943.0000,40.0000,79,76,4080,322288,13.4342,1.1935,159864519
677.0000,32,30,1,0,14,22,76,53340.0000,1102.0000,79,76,4084,322288,14.4342,0.0000,160104967
678.0000,32,32,1,0,14,22,78,51975.0000,1288.0000,79,76,4084,322288,15.1342,0.0000,160339504
679.0000,32,34,1,0,14,22,77,49384.0000,768.0000,79,76,4086,322288,14.1342,0.0000,160586059
680.0000,32,36,1,0,14,22,75,48583.0000,1764.0000,79,76,4086,322288,14.9342,0.0995,160806306
681.0000,32,38,1,0,12,22,72,46659.0000,1316.0000,79,76,4088,322288,12.1342,0.2984,161050713
682.0000,32,40,1,0,12,20,68,44155.0000,868.0000,79,76,4088,322288,12.7342,0.0000,161303400
683.0000,32,42,1,0,12,15,69,44578.0000,422.0000,79,76,4088,322288,10.5342,0.0000,161541409
684.0000,32,44,1,0,12,15,68,45271.0000,32.0000,79,76,4090,322288,12.3342,0.0000,161772472
685.0000,32,46,1,0,12,15,66,45857.0000,16.0000,79,76,4100,322288,12.1342,0.0000,161998333
686.0000,32,48,1,0,12,15,66,47050.0000,0.0000,79,76,4102,322288,17.3342,0.0000,162239480
687.0000,32,48,1,0,12,15,65,45853.0000,0.0000,79,76,4108,322288,19.1342,0.0000,162467718
688.0000,32,48,1,0,12,15,60,46566.0000,738.0000,79,76,4108,322288,15.8342,0.0000,162695607
689.0000,31,46,1,0,11,20,62,45230.0000,419.0000,79,77,4112,322288,16.6342,0.0000,162926618
690.0000,31,45,1,0,10,16,58,43934.0000,40.0000,79,77,4112,322288,14.4342,0.0000,163154236
691.0000,31,45,1,0,11,17,56,41387.0000,24.0000,79,77,4116,322288,14.9342,0.3978,163412736
692.0000,31,45,1,0,8,18,57,40999.0000,8.0000,79,77,4116,322288,13.7342,0.0000,163636852
693.0000,31,44,1,0,8,20,54,39230.0000,52.0000,79,77,4118,322288,14.8342,0.0000,163870940
694.0000,31,44,1,0,8,22,51,37185.0000,36.0000,79,77,4122,322288,15.4342,0.0000,164106622
695.0000,31,42,1,0,9,26,49,34872.0000,20.0000,79,77,4122,322288,16.3342,2.5859,164333791
696.0000,31,44,1,0,9,26,48,33898.0000,4.0000,79,77,4122,322288,16.9342,0.0000,164565166
697.0000,30,41,1,0,9,30,46,32340.0000,4.0000,79,78,4126,322288,14.6342,0.0000,164786066
698.0000,30,39,1,0,10,32,44,31020.0000,4.0000,79,78,4126,322288,16.6342,0.0000,165017431
699.0000,30,37,1,0,10,34,39,29682.0000,4.0000,79,78,4128,322288,16.0342,0.0000,165241776
700.0000,30,39,1,0,11,34,35,28463.0000,17.0000,79,78,4130,322288,15.6342,0.0995,165484149
701.0000,30,41,1,0,10,34,33,27362.0000,1.0000,79,78,4130,322288,12.1342,0.0000,165707245
702.0000,30,43,1,0,10,34,29,26206.0000,57.0000,79,78,4130,322288,11.8342,0.0000,165935313
703.0000,30,45,1,0,10,34,29,25236.0000,89.0000,79,78,4130,322288,10.9342,0.0000,166164672
704.0000,30,47,1,0,10,34,28,24253.0000,73.0000,79,78,4132,322288,12.2477,0.0000,166398871
705.0000,30,49,1,0,10,34,26,23372.0000,190.0000,79,78,4134,322288,11.4082,0.0000,166631419
706.0000,30,51,1,0,11,34,27,22861.0000,65.0000,79,78,4136,322288,8.5684,0.0000,166859425
707.0000,30,53,1,0,11,34,23,22418.0000,73.0000,79,78,4136,322288,7.9961,0.0000,167085402
708.0000,30,55,1,0,11,34,20,22060.0000,57.0000,79,78,4136,322288,9.3944,0.0000,167313404
709.0000,29,57,1,0,11,35,22,21518.0000,41.0000,79,79,4142,322288,10.2944,0.0000,167528309
710.0000,29,59,1,0,11,32,25,21463.0000,25.0000,79,79,4142,322288,11.0944,0.0000,167745810
711.0000,29,59,1,0,12,30,21,20561.0000,9.0000,79,79,4142,322288,12.7944,0.0000,167987426
712.0000,29,41,1,0,13,47,25,21366.0000,1.0000,79,79,4146,322288,9.8944,0.0000,168210914
713.0000,28,41,1,0,14,46,26,21723.0000,268.0000,79,80,4148,322288,10.3944,0.0000,168411724
714.0000,34,37,1,0,14,44,16,22585.0000,1357.0000,85,80,4150,322288,9.2944,0.0000,168641837
715.0000,35,38,1,0,15,41,12,22342.0000,1978.0000,86,80,4152,322288,7.7944,0.0000,168892721
716.0000,36,39,1,0,16,38,16,23110.0000,2274.0000,87,80,4156,322288,6.9944,0.0000,169143084
717.0000,37,40,1,0,15,37,18,23233.0000,2034.0000,88,80,4158,322288,8.4944,0.0000,169409355
718.0000,38,41,1,0,15,34,16,24099.0000,1794.0000,89,80,4158,322288,8.1944,0.0000,169695172
719.0000,38,43,1,0,15,32,16,24686.0000,2130.0000,89,80,4158,322288,8.7944,0.0000,169989399
720.0000,38,45,1,0,16,30,17,24727.0000,1762.0000,89,80,4158,322288,11.0944,0.0000,170278438
721.0000,38,47,1,0,17,30,15,24816.0000,1346.0000,89,80,4162,322288,11.2944,0.0000,170569088
722.0000,39,48,1,0,17,30,16,25178.0000,882.0000,90,80,4168,322288,8.3944,0.0000,170870925
723.0000,39,50,1,0,17,30,20,26692.0000,1272.0000,90,80,4170,322288,9.5944,0.0000,171167617
724.0000,40,51,1,0,17,30,23,28045.0000,689.0000,91,80,4172,322288,8.4944,0.0000,171467928
725.0000,39,53,1,0,16,31,25,28987.0000,101.0000,91,81,4174,322288,7.8944,0.0000,171757572
726.0000,39,55,1,0,17,31,25,30235.0000,37.0000,91,81,4178,322288,11.0944,0.0000,172044458
727.0000,39,57,1,0,17,31,25,31749.0000,57.0000,91,81,4178,322288,10.9944,0.0000,172334076
728.0000,39,59,1,0,17,31,25,32437.0000,41.0000,91,81,4180,322288,11.5944,0.0000,172632558
729.0000,39,59,1,0,17,33,28,33502.0000,25.0000,91,81,4180,322288,10.9944,0.0000,172929579
730.0000,39,59,1,0,16,35,28,34291.0000,9.0000,91,81,4184,322288,10.8944,0.0000,173225111
731.0000,39,56,1,0,17,39,33,34398.0000,14.0000,91,81,4184,322288,6.8944,0.0000,173516456
732.0000,39,57,1,0,17,37,36,36463.0000,561.0000,91,81,4188,322288,7.8944,0.0000,173820378
733.0000,39,49,1,0,17,28,36,37247.0000,26.0000,91,81,4188,322288,10.3944,0.0000,174108330
734.0000,39,47,1,0,17,31,34,37697.0000,10.0000,91,81,4190,322288,8.7944,0.0000,174405970
735.0000,39,46,1,0,17,33,33,37338.0000,2.0000,91,81,4192,322288,8.9944,0.0000,174709103
736.0000,39,44,1,0,17,35,35,39415.0000,2.0000,91,81,4194,322288,8.0944,0.0000,174996406
737.0000,39,41,1,0,17,38,36,41616.0000,2.0000,91,81,4196,322288,8.0944,0.0000,175297139
738.0000,39,32,1,0,17,48,43,42574.0000,802.0000,91,81,4198,322288,8.6944,0.0000,175590282
739.0000,38,34,1,0,18,48,44,42799.0000,487.0000,91,82,4200,322288,10.0944,0.0000,175884710
740.0000,38,36,1,0,19,48,43,43389.0000,171.0000,91,82,4202,322288,10.5944,0.0000,176176270
741.0000,38,38,1,0,19,48,42,44320.0000,39.0000,91,82,4204,322288,10.4944,0.0000,176469126
742.0000,38,40,1,0,19,48,40,44708.0000,23.0000,91,82,4206,322288,11.3944,0.0000,176763350
743.0000,38,42,1,0,19,48,44,46579.0000,7.0000,91,82,4208,322288,9.1944,0.0000,177054979
744.0000,38,41,1,0,19,49,46,48893.0000,7.0000,91,82,4210,322288,11.8944,0.0000,177346154
745.0000,38,39,1,0,19,51,51,50548.0000,7.0000,91,82,4212,322288,14.5944,0.0000,177634780
746.0000,38,35,1,0,19,57,53,52827.0000,39.0000,91,82,4216,322288,13.4944,0.0000,177929159
747.0000,38,36,1,0,19,58,54,55254.0000,23.0000,91,82,4220,322288,13.1944,0.0000,178218315
748.0000,37,37,1,0,19,60,55,57004.0000,7.0000,91,83,4224,322288,12.0944,0.0000,178504977
749.0000,37,36,1,0,19,61,54,58502.0000,7.0000,91,83,4226,322288,12.1944,0.0000,178780343
750.0000,37,25,1,0,20,70,57,59932.0000,7.0000,91,83,4228,322288,13.2944,0.0000,179062657
751.0000,37,27,1,0,19,68,61,59785.0000,217.0000,91,83,4230,322288,13.2944,0.0000,179327658
752.0000,37,29,1,0,19,63,61,60402.0000,11.0000,91,83,4232,322288,14.8944,1.5260,179603752
753.0000,37,30,1,0,19,63,64,63491.0000,3.0000,91,83,4236,322288,14.6944,0.0000,179870017
754.0000,37,30,1,0,18,53,62,60472.0000,3.0000,91,83,4242,322288,15.0944,0.0000,180157746
755.0000,37,30,1,0,18,49,64,63163.0000,3.0000,91,83,4244,322288,14.1944,0.0000,180432269
756.0000,37,28,1,0,18,48,62,66796.0000,3.0000,91,83,4246,322288,11.9944,0.0000,180694589
757.0000,37,21,1,0,17,53,65,65760.0000,3.0000,91,83,4250,322288,17.7944,0.0000,180982795
758.0000,36,15,1,0,17,57,67,65366.0000,3.0000,91,84,4254,322288,17.0944,0.0000,181254283
759.0000,36,13,1,0,17,49,66,66096.0000,3.0000,91,84,4258,322288,13.4944,0.0000,181526395
760.0000,35,11,1,0,17,52,68,68146.0000,3.0000,91,85,4260,322288,13.1944,0.0000,181783128
761.0000,35,11,1,0,16,52,67,64509.0000,3.0000,91,85,4260,322288,16.9944,0.0000,182038309
762.0000,35,10,1,0,14,53,68,61586.0000,3.0000,91,85,4260,322288,13.0944,0.0000,182296440
763.0000,35,8,1,0,14,54,69,61959.0000,3.0000,91,85,4260,322288,12.3944,0.0000,182552949
764.0000,34,6,1,0,15,57,71,57716.0000,3.0000,91,86,4260,322288,15.0944,0.0000,182814590
765.0000,34,5,1,0,15,57,72,57911.0000,3.0000,91,86,4262,322288,11.6944,0.0000,183062041
766.0000,34,7,1,0,15,55,74,57763.0000,611.0000,91,86,4262,322288,10.2944,0.0000,183316147
767.0000,34,9,1,0,15,49,74,57640.0000,1131.0000,91,86,4262,322288,10.8944,0.0000,183576776
768.0000,34,11,1,0,15,48,73,56769.0000,995.0000,91,86,4264,322288,11.8944,0.0000,183825719
769.0000,34,13,1,0,15,47,69,55568.0000,1248.0000,91,86,4266,322288,12.3944,0.0000,184076442
770.0000,34,15,1,0,15,46,69,53545.0000,1112.0000,91,86,4266,322288,15.4944,1.3353,184327263
771.0000,34,17,1,0,15,35,70,53323.0000,976.0000,91,86,4270,322288,15.2944,0.0000,184587945
772.0000,33,19,1,0,15,36,74,52100.0000,812.0000,91,87,4276,322288,16.3944,0.0954,184835976
773.0000,33,21,1,0,15,36,73,51670.0000,676.0000,91,87,4280,322288,14.8944,0.0000,185075859
774.0000,32,23,1,0,16,37,68,50270.0000,517.0000,91,88,4282,322288,14.6944,0.0000,185304231
775.0000,32,25,1,0,15,37,68,50369.0000,382.0000,91,88,4282,322288,13.1944,0.0000,185544062
776.0000,31,26,1,0,14,38,68,49541.0000,1117.0000,91,89,4282,322288,13.8944,0.0000,185771823
777.0000,31,28,1,0,14,36,67,48846.0000,1827.0000,91,89,4282,322288,12.0944,0.0000,185998326
778.0000,31,30,1,0,12,32,70,46854.0000,2437.0000,91,89,4286,322288,15.8944,0.0000,186221396
779.0000,31,32,1,0,12,24,71,46447.0000,2301.0000,91,89,4290,322288,14.5944,0.0000,186460978
780.0000,29,34,1,0,12,23,69,45461.0000,1926.0000,91,91,4292,322288,12.2944,0.0000,186692720
781.0000,29,36,1,0,13,21,68,45284.0000,1630.0000,91,91,4294,322288,11.8944,0.0000,186910145
782.0000,28,38,1,0,11,22,61,42574.0000,1238.0000,91,92,4296,322288,12.9944,0.0000,187118062
783.0000,27,40,1,0,11,22,59,40902.0000,810.0000,91,93,4298,322288,10.8944,0.0000,187326525
784.0000,27,42,1,0,12,20,56,40510.0000,370.0000,91,93,4298,322288,12.0944,0.0000,187525645
785.0000,27,44,1,0,12,17,56,39916.0000,369.0000,91,93,4298,322288,12.2944,0.2861,187728436
786.0000,26,46,1,0,11,17,57,36747.0000,35.0000,91,94,4300,322288,14.5944,0.3815,187936356
787.0000,26,48,1,0,11,17,54,34198.0000,247.0000,91,94,4302,322288,11.5944,0.0000,188125235
788.0000,26,50,1,0,11,17,53,34152.0000,63.0000,91,94,4302,322288,10.3944,0.0000,188327996
789.0000,26,52,1,0,12,17,51,34252.0000,71.0000,91,94,4308,322288,11.8944,0.0000,188535775
790.0000,26,54,1,0,10,17,48,34433.0000,55.0000,91,94,4312,322288,13.7944,0.4769,188735356
791.0000,26,56,1,0,10,17,48,32541.0000,222.0000,91,94,4314,322288,16.0944,0.0000,188930167
792.0000,26,58,1,0,9,17,47,32242.0000,59.0000,91,94,4316,322288,15.4944,0.0000,189133638
793.0000,25,60,1,0,9,17,44,31442.0000,43.0000,91,95,4318,322288,14.0944,0.0000,189329735
794.0000,25,62,1,0,9,17,41,31384.0000,27.0000,91,95,4320,322288,12.6944,1.1445,189531488
795.0000,25,63,1,0,9,18,38,29961.0000,11.0000,91,95,4322,322288,13.6944,0.0000,189715464
796.0000,25,63,1,0,9,20,40,29270.0000,79.0000,91,95,4324,322288,14.3944,0.0000,189907525
797.0000,25,61,1,0,9,24,40,27945.0000,63.0000,91,95,4328,322288,13.3944,0.0000,190110617
798.0000,25,61,1,0,9,26,40,27656.0000,83.0000,91,95,4332,322288,14.1944,0.0954,190289485
799.0000,25,63,1,0,9,26,39,26806.0000,79.0000,91,95,4334,322288,11.3944,0.2861,190489254
800.0000,25,65,1,0,9,26,38,25608.0000,63.0000,91,95,4336,322288,11.9944,0.0000,190687034
801.0000,25,66,1,0,9,27,36,26453.0000,47.0000,91,95,4344,322288,9.7944,0.0000,190880338
802.0000,25,67,1,0,10,28,35,27402.0000,67.0000,91,95,4344,322288,11.5944,0.0000,191071714
803.0000,25,67,1,0,10,30,36,28320.0000,51.0000,91,95,4346,322288,11.3944,0.0000,191258969
804.0000,25,52,1,0,12,47,36,29642.0000,35.0000,91,95,4346,322288,16.5944,0.0000,191447862
805.0000,28,49,1,0,12,48,32,29264.0000,19.0000,94,95,4346,322288,18.3944,0.0000,191649861
806.0000,30,47,1,0,12,50,28,29994.0000,47.0000,96,95,4346,322288,15.0944,0.0000,191866822
807.0000,29,46,1,0,12,54,30,29112.0000,31.0000,96,96,4348,322288,15.8944,0.0000,192090493
808.0000,29,45,1,0,10,57,31,28764.0000,15.0000,96,96,4348,322288,13.6944,0.0000,192315695
809.0000,29,44,1,0,10,58,29,27330.0000,7.0000,96,96,4352,322288,14.1944,0.3815,192531979
810.0000,29,42,1,0,12,60,28,27028.0000,7.0000,96,96,4352,322288,12.9944,0.0000,192750937
811.0000,29,41,1,0,12,62,29,26698.0000,35.0000,96,96,4356,322288,14.0944,0.0000,192963376
812.0000,27,43,1,0,12,64,29,24994.0000,19.0000,96,98,4360,322288,14.6944,0.0000,193176928
813.0000,27,45,1,0,13,64,27,23876.0000,221.0000,96,98,4360,322288,15.5944,2.4798,193377634
814.0000,27,47,1,0,13,64,28,24076.0000,59.0000,96,98,4362,322288,16.1944,0.0000,193573806
815.0000,27,49,1,0,15,64,28,24238.0000,43.0000,96,98,4368,322288,13.8944,0.0000,193780788
816.0000,27,51,1,0,15,63,29,24230.0000,63.0000,96,98,4368,322288,15.8944,0.0000,193984712
817.0000,26,53,1,0,15,62,27,23673.0000,47.0000,96,99,4370,322288,15.2944,0.0000,194174968
818.0000,26,53,1,0,15,60,24,23493.0000,31.0000,96,99,4370,322288,14.8944,0.0954,194370548
819.0000,26,53,1,0,15,60,24,23444.0000,15.0000,96,99,4370,322288,11.3944,0.0000,194566838
820.0000,26,52,1,0,15,62,22,23332.0000,7.0000,96,99,4370,322288,11.0944,0.0000,194763899
821.0000,26,36,1,0,16,78,24,23307.0000,7.0000,96,99,4372,322288,10.1944,0.0000,194968853
822.0000,28,32,1,0,17,79,22,23257.0000,7.0000,98,99,4372,322288,11.6700,0.0000,195167110
823.0000,28,30,1,0,17,79,24,23060.0000,7.0000,98,99,4372,322288,11.2172,0.0000,195390821
824.0000,28,29,1,0,17,78,27,23528.0000,7.0000,98,99,4372,322288,8.8389,0.0000,195606472
825.0000,28,27,1,0,17,63,27,23847.0000,7.0000,98,99,4372,322288,8.6533,0.0000,195822980
826.0000,30,23,1,0,17,63,22,24311.0000,7.0000,100,99,4372,322288,10.2137,0.0000,196046217
827.0000,31,24,1,0,17,61,24,25166.0000,242.0000,101,99,4372,322288,11.1137,0.0000,196271886
828.0000,33,24,1,0,17,58,22,25912.0000,83.0000,103,99,4372,322288,11.9137,0.0000,196513992
829.0000,33,26,1,0,17,56,24,25063.0000,12.0000,103,99,4374,322288,13.6137,0.0000,196773079
830.0000,33,27,1,0,17,53,29,27052.0000,4.0000,103,99,4378,322288,10.7137,0.0000,197028040
831.0000,32,27,1,0,17,52,32,28625.0000,4.0000,103,100,4380,322288,11.2137,0.0000,197271839
832.0000,33,26,1,0,17,50,32,30089.0000,4.0000,104,100,4384,322288,10.1137,0.0000,197518489
833.0000,34,22,1,0,18,53,32,29992.0000,4.0000,105,100,4384,322288,8.6137,0.0000,197774983
834.0000,34,15,1,0,18,60,33,31900.0000,4.0000,105,100,4386,322288,7.8137,0.0000,198022843
835.0000,34,13,1,0,18,62,33,32158.0000,530.0000,105,100,4386,322288,9.3137,0.0000,198274037
836.0000,34,15,1,0,18,62,38,34007.0000,87.0000,105,100,4386,322288,9.0137,0.0000,198531919
837.0000,34,17,1,0,18,62,38,35227.0000,8.0000,105,100,4386,322288,9.6137,0.0000,198800856
838.0000,34,18,1,0,18,62,40,35613.0000,0.0000,105,100,4388,322288,11.9137,0.0000,199057867
839.0000,34,18,1,0,17,59,38,35832.0000,0.0000,105,100,4388,322288,12.1137,0.0000,199317169
840.0000,34,18,1,0,17,57,38,36004.0000,0.0000,105,100,4390,322288,9.2137,0.0000,199581285
841.0000,34,18,1,0,17,55,41,37723.0000,0.0000,105,100,4390,322288,10.4137,0.0000,199846336
842.0000,34,12,1,0,17,46,43,38815.0000,0.0000,105,100,4390,322288,9.3137,0.0000,200110503
843.0000,34,12,1,0,17,43,43,39813.0000,0.0000,105,100,4392,322288,8.7137,0.0000,200369522
844.0000,34,12,1,0,16,40,46,40841.0000,0.0000,105,100,4400,322288,11.9137,0.0000,200622933
845.0000,34,12,1,0,16,39,46,42326.0000,0.0000,105,100,4400,322288,11.8137,0.0000,200873585
846.0000,34,12,1,0,16,38,48,42763.0000,653.0000,105,100,4400,322288,12.4137,0.0000,201134086
847.0000,33,14,1,0,16,37,47,42650.0000,912.0000,105,101,4400,322288,11.8137,0.0000,201377416
848.0000,33,16,1,0,15,37,51,42626.0000,1616.0000,105,101,4404,322288,11.7137,0.0000,201618712
849.0000,33,18,1,0,15,37,50,41773.0000,2030.0000,105,101,4404,322288,7.7137,0.0000,201867047
850.0000,32,20,1,0,14,38,51,42649.0000,1810.0000,105,102,4404,322288,8.7137,0.0000,202102016
851.0000,32,22,1,0,14,38,50,42380.0000,2438.0000,105,102,4406,322288,11.2137,0.0000,202337968
852.0000,32,24,1,0,14,38,49,42084.0000,2134.0000,105,102,4406,322288,9.6137,0.0000,202578291
853.0000,32,26,1,0,14,38,46,41006.0000,1782.0000,105,102,4408,322288,9.8137,0.0000,202813040
854.0000,32,28,1,0,14,34,47,42034.0000,1502.0000,105,102,4412,322288,8.9137,0.0000,203049334
855.0000,32,30,1,0,14,27,50,43183.0000,1222.0000,105,102,4414,322288,8.9137,0.0000,203277475
856.0000,32,32,1,0,14,24,49,43139.0000,942.0000,105,102,4414,322288,9.5137,0.0000,203515546
857.0000,32,34,1,0,15,24,53,42996.0000,1917.0000,105,102,4416,322288,10.9137,0.0000,203752643
858.0000,32,36,1,0,15,24,55,42673.0000,2259.0000,105,102,4418,322288,11.4137,0.0000,203968422
859.0000,31,38,1,0,15,25,55,42390.0000,1915.0000,105,103,4420,322288,11.3137,0.0000,204203690
860.0000,30,40,1,0,15,25,54,41700.0000,1575.0000,105,104,4424,322288,12.2137,0.0000,204417937
861.0000,30,42,1,0,15,25,52,42726.0000,1645.0000,105,104,4424,322288,10.0137,0.0000,204636398
862.0000,30,44,1,0,15,25,52,44100.0000,1269.0000,105,104,4428,322288,12.7137,0.0000,204841129
863.0000,30,46,1,0,15,19,52,44877.0000,837.0000,105,104,4432,322288,15.4137,0.0000,205056649
864.0000,30,48,1,0,16,19,56,46114.0000,363.0000,105,104,4434,322288,14.3137,0.0000,205270663
865.0000,30,50,1,0,16,19,57,47368.0000,10.0000,105,104,4436,322288,14.0137,0.0000,205484103
866.0000,29,52,1,0,17,20,58,48449.0000,42.0000,105,105,4436,322288,12.9137,0.0000,205684463
867.0000,29,54,1,0,16,19,57,49527.0000,26.0000,105,105,4440,322288,13.0137,0.0000,205897523
868.0000,28,56,1,0,16,20,58,49521.0000,10.0000,105,106,4442,322288,14.1137,0.0000,206105229
869.0000,27,57,1,0,15,21,62,48219.0000,2.0000,105,107,4442,322288,14.1137,0.0000,206311798
870.0000,27,55,1,0,15,23,57,47908.0000,2.0000,105,107,4444,322288,15.7137,1.6036,206491740
871.0000,27,41,1,0,15,37,55,49518.0000,2.0000,105,107,4444,322288,15.5137,0.0000,206691417
872.0000,27,34,1,0,15,44,57,46734.0000,2.0000,105,107,4446,322288,15.9137,0.0000,206893699
873.0000,27,32,1,0,16,45,57,48299.0000,2.0000,105,107,4448,322288,15.0137,0.0000,207088065
874.0000,27,29,1,0,16,48,58,50479.0000,2.0000,105,107,4448,322288,12.8137,0.0000,207276559
875.0000,27,27,1,0,15,48,59,49567.0000,2.0000,105,107,4448,322288,18.6137,0.0000,207468299
876.0000,27,25,1,0,15,50,61,49327.0000,743.0000,105,107,4448,322288,17.9137,0.0000,207658088
877.0000,27,26,1,0,14,51,58,49358.0000,144.0000,105,107,4448,322288,14.3137,0.0000,207851734
878.0000,27,28,1,0,12,51,56,50010.0000,345.0000,105,107,4450,322288,14.0137,0.0000,208030033
879.0000,26,30,1,0,13,52,56,46281.0000,38.0000,105,108,4452,322288,17.8137,0.0000,208230574
880.0000,26,32,1,0,13,52,58,43753.0000,22.0000,105,108,4452,322288,13.9137,0.0000,208428221
881.0000,26,34,1,0,12,52,57,44315.0000,66.0000,105,108,4454,322288,13.2137,0.0000,208594856
882.0000,26,36,1,0,11,51,54,41797.0000,50.0000,105,108,4454,322288,15.9137,0.0000,208786552
883.0000,26,38,1,0,11,51,56,41651.0000,34.0000,105,108,4456,322288,12.5137,0.0000,208969680
884.0000,26,40,1,0,10,51,54,41221.0000,18.0000,105,108,4458,322288,11.1137,0.0000,209146292
885.0000,32,34,1,0,10,53,51,40906.0000,50.0000,111,108,4458,322288,11.7137,0.0000,209355103
886.0000,32,34,1,0,10,55,49,39757.0000,34.0000,111,108,4460,322288,12.7137,0.0000,209573658
887.0000,32,31,1,0,10,60,50,38679.0000,18.0000,111,108,4462,322288,13.2137,0.0000,209802089
888.0000,32,32,1,0,10,60,50,37361.0000,2.0000,111,108,4464,322288,16.3137,1.4032,210036722
889.0000,32,32,1,0,10,59,50,37090.0000,2.0000,111,108,4466,322288,16.1137,0.0000,210268725
890.0000,32,24,1,0,10,66,50,36540.0000,2.0000,111,108,4468,322288,17.2137,0.1002,210499051
891.0000,32,24,1,0,11,64,47,35978.0000,2.0000,111,108,4470,322288,15.7137,0.0000,210730205
892.0000,32,26,1,0,11,50,48,35035.0000,259.0000,111,108,4472,322288,15.5137,0.0000,210957534
893.0000,32,28,1,0,11,41,46,34941.0000,350.0000,111,108,4472,322288,14.0137,0.0000,211184358
894.0000,32,30,1,0,11,39,48,34798.0000,74.0000,111,108,4474,322288,14.7137,0.0000,211406514
895.0000,32,32,1,0,11,37,47,34776.0000,12.0000,111,108,4478,322288,12.9137,0.0000,211640956
896.0000,32,33,1,0,11,34,47,33772.0000,4.0000,111,108,4482,322288,16.7137,0.0000,211877984
897.0000,32,33,1,0,12,32,46,34415.0000,4.0000,111,108,4486,322288,15.4137,0.0000,212100431
898.0000,32,32,1,0,13,32,45,35421.0000,4.0000,111,108,4486,322288,13.1137,0.0000,212330738
899.0000,32,33,1,0,14,33,48,36187.0000,36.0000,111,108,4486,322288,12.7137,0.0000,212557710
900.0000,32,35,1,0,15,33,45,34978.0000,20.0000,111,108,4486,322288,13.8137,0.0000,212777532
901.0000,32,37,1,0,15,33,47,35177.0000,40.0000,111,108,4494,322288,11.7137,0.0000,213006874
902.0000,32,39,1,0,16,33,47,35980.0000,288.0000,111,108,4494,322288,12.9137,0.0000,213232751
903.0000,31,40,1,0,15,34,45,35976.0000,181.0000,111,109,4494,322288,13.1137,0.3007,213461483
904.0000,31,42,1,0,16,34,41,33862.0000,52.0000,111,109,4500,322288,15.4137,0.4009,213712006
905.0000,31,44,1,0,18,34,38,31698.0000,36.0000,111,109,4500,322288,12.4137,0.0000,213940185
906.0000,31,46,1,0,18,32,37,32232.0000,56.0000,111,109,4500,322288,11.2137,0.0000,214183183
907.0000,31,48,1,0,17,30,38,32986.0000,88.0000,111,109,4502,322288,12.7137,0.0000,214409635
908.0000,31,50,1,0,17,23,39,33476.0000,72.0000,111,109,4502,322288,14.6137,0.5011,214649565
909.0000,31,47,1,0,17,27,38,32034.0000,56.0000,111,109,4502,322288,16.9137,0.0000,214895710
910.0000,31,47,1,0,17,29,36,32944.0000,76.0000,111,109,4502,322288,16.3137,0.0000,215133750
911.0000,31,47,1,0,18,23,36,34185.0000,60.0000,111,109,4506,322288,14.9137,0.0000,215368358
912.0000,31,44,1,0,18,28,37,35376.0000,44.0000,111,109,4506,322288,13.5137,1.2027,215609910
913.0000,31,45,1,0,18,28,39,34321.0000,52.0000,111,109,4506,322288,14.5137,0.0000,215842341
914.0000,31,47,1,0,18,28,40,34530.0000,36.0000,111,109,4506,322288,15.2137,0.0000,216086025
915.0000,31,48,1,0,18,29,41,33685.0000,20.0000,111,109,4508,322288,14.2137,0.0000,216330014
916.0000,31,49,1,0,18,30,43,34510.0000,4.0000,111,109,4510,322288,15.0137,0.1002,216560161
917.0000,31,46,1,0,18,33,43,34180.0000,4.0000,111,109,4514,322288,12.2137,0.3007,216790370
918.0000,31,35,1,0,18,44,40,33259.0000,4.0000,111,109,4590,322288,12.8137,0.0000,217059718
919.0000,31,36,1,0,18,44,44,35613.0000,93.0000,111,109,4590,322288,10.6137,0.0000,217301733
920.0000,31,38,1,0,18,43,48,37997.0000,459.0000,111,109,4596,322288,12.4137,0.0000,217549671
921.0000,31,40,1,0,18,43,49,40590.0000,744.0000,111,109,4598,322288,12.2137,0.0000,217799277
922.0000,31,42,1,0,17,43,50,44023.0000,339.0000,111,109,4600,322288,17.4137,0.0000,218037521
923.0000,31,44,1,0,18,43,51,44068.0000,769.0000,111,109,4602,322288,19.2137,0.0000,218267078
924.0000,31,46,1,0,17,42,51,46330.0000,652.0000,111,109,4602,322288,15.9137,0.0000,218507632
925.0000,31,48,1,0,17,42,51,46241.0000,101.0000,111,109,4604,322288,16.7137,0.0000,218746332
926.0000,31,50,1,0,17,42,53,45751.0000,32.0000,111,109,4606,322288,14.5137,0.0000,218983677
927.0000,31,52,1,0,17,41,54,43442.0000,16.0000,111,109,4608,322288,15.0137,0.4009,219222608
928.0000,31,54,1,0,17,41,53,44577.0000,0.0000,111,109,4608,322288,13.8137,0.0000,219467260
929.0000,31,52,1,0,17,43,54,45210.0000,0.0000,111,109,4610,322288,14.9137,0.0000,219699547
930.0000,31,51,1,0,18,40,53,44504.0000,40.0000,111,109,4612,322288,15.5137,0.0000,219940581
931.0000,31,42,1,0,17,49,54,42725.0000,24.0000,111,109,4614,322288,16.4137,2.6059,220183151
932.0000,31,42,1,0,17,49,56,43793.0000,44.0000,111,109,4616,322288,17.0137,0.0000,220417319
933.0000,32,41,1,0,17,46,56,44299.0000,674.0000,112,109,4620,322288,14.7137,0.0000,220651341
934.0000,35,39,1,0,17,46,58,44393.0000,60.0000,115,109,4626,322288,16.7137,0.0000,220919296
935.0000,35,41,1,0,17,46,60,44018.0000,44.0000,115,109,4630,322288,16.1137,0.0000,221196093
936.0000,35,43,1,0,17,45,57,43499.0000,64.0000,115,109,4634,322288,15.7137,0.1002,221476902
937.0000,35,44,1,0,16,45,54,43196.0000,48.0000,115,109,4634,322288,12.2137,0.0000,221746545
938.0000,35,44,1,0,16,44,53,42563.0000,32.0000,115,109,4634,322288,11.9137,0.0000,222025374
939.0000,35,42,1,0,16,37,54,41878.0000,16.0000,115,109,4638,322288,11.0137,0.0000,222289568
940.0000,35,41,1,0,15,39,56,40959.0000,0.0000,115,109,4640,322288,12.4110,0.0000,222570666
941.0000,35,42,1,0,17,40,57,39813.0000,44.0000,115,109,4642,322288,11.7714,0.0000,222859663
942.0000,35,43,1,0,15,41,56,39561.0000,28.0000,115,109,4642,322288,9.1702,0.0000,223125306
943.0000,34,44,1,0,15,43,54,38438.0000,12.0000,115,110,4642,322288,8.7978,0.0000,223393674
944.0000,33,43,1,0,15,46,55,37468.0000,4.0000,115,111,4642,322288,10.2799,0.0000,223646197
945.0000,33,39,1,0,15,49,55,37394.0000,4.0000,115,111,4642,322288,11.1799,0.0000,223899238
946.0000,33,34,1,0,15,54,55,37129.0000,4.0000,115,111,4642,322288,11.9799,0.0000,224159724
947.0000,33,34,1,0,17,54,52,35241.0000,4.0000,115,111,4642,322288,13.6799,0.0000,224413553
948.0000,33,36,1,0,17,54,56,36443.0000,125.0000,115,111,4644,322288,10.7799,0.0000,224659751
949.0000,33,38,1,0,17,54,57,37598.0000,423.0000,115,111,4646,322288,11.2799,0.0000,224910043
950.0000,33,40,1,0,17,53,56,38203.0000,97.0000,115,111,4648,322288,10.1799,0.0000,225156520
951.0000,33,42,1,0,17,51,53,37157.0000,36.0000,115,111,4650,322288,8.6799,0.0000,225410818
952.0000,33,44,1,0,17,39,54,38033.0000,68.0000,115,111,4654,322288,7.8799,0.0000,225643902
953.0000,33,46,1,0,17,37,52,37610.0000,52.0000,115,111,4656,322288,9.3799,0.0000,225873062
954.0000,33,48,1,0,17,35,54,38838.0000,36.0000,115,111,4656,322288,9.0799,0.0000,226115801
955.0000,33,50,1,0,17,34,58,39363.0000,20.0000,115,111,4658,322288,9.6799,0.0000,226362952
956.0000,33,51,1,0,17,35,57,39061.0000,4.0000,115,111,4662,322288,11.9799,0.0000,226610128
957.0000,33,41,1,0,18,45,54,38915.0000,4.0000,115,111,4664,322288,12.1799,0.0000,226848682
958.0000,32,34,1,0,18,52,53,38516.0000,4.0000,115,112,4664,322288,9.2799,0.0000,227085244
959.0000,32,32,1,0,16,52,55,40219.0000,4.0000,115,112,4664,322288,10.4799,0.0000,227315679
960.0000,32,30,1,0,16,50,52,40638.0000,4.0000,115,112,4664,322288,9.3799,0.0000,227540701
961.0000,32,29,1,0,14,48,52,40869.0000,210.0000,115,112,4666,322288,8.7799,0.0000,227763416
962.0000,32,31,1,0,15,46,53,40636.0000,103.0000,115,112,4670,322288,11.9799,0.0000,227992655
963.0000,32,33,1,0,13,45,54,41225.0000,918.0000,115,112,4672,322288,11.8799,0.0000,228218315
964.0000,38,29,1,0,14,43,50,40825.0000,640.0000,121,112,4674,322288,12.4799,0.0000,228464674
965.0000,38,31,1,0,15,40,48,40419.0000,363.0000,121,112,4676,322288,11.8799,0.0000,228738754
966.0000,38,33,1,0,14,36,45,39811.0000,32.0000,121,112,4676,322288,11.7799,0.0000,229007739
967.0000,38,34,1,0,14,31,41,38743.0000,4.0000,121,112,4676,322288,7.7799,0.0000,229286107
968.0000,38,36,1,0,14,31,45,39364.0000,623.0000,121,112,4678,322288,8.7799,0.0000,229554240
969.0000,38,38,1,0,14,31,44,38707.0000,936.0000,121,112,4678,322288,11.2799,0.0000,229822839
970.0000,38,40,1,0,13,31,44,38047.0000,395.0000,121,112,4680,322288,9.6799,0.0000,230094625
971.0000,38,42,1,0,13,29,44,36874.0000,947.0000,121,112,4682,322288,9.8799,0.0000,230366113
972.0000,38,44,1,0,13,29,42,37323.0000,1087.0000,121,112,4682,322288,8.9799,0.0000,230636523
973.0000,38,46,1,0,12,29,45,37854.0000,1407.0000,121,112,4682,322288,8.9799,0.0000,230870159
974.0000,38,48,1,0,12,29,45,37460.0000,863.0000,121,112,4684,322288,9.5799,0.0000,231131367
975.0000,38,50,1,0,12,29,41,36983.0000,332.0000,121,112,4686,322288,10.9799,0.0000,231405786
976.0000,38,52,1,0,12,29,43,36375.0000,40.0000,121,112,4696,322288,11.4799,0.0000,231679164
977.0000,37,54,1,0,12,28,42,35555.0000,24.0000,121,113,4700,322288,11.3799,0.0000,231944949
978.0000,37,56,1,0,12,19,40,35204.0000,8.0000,121,113,4700,322288,12.2799,0.0000,232206136
979.0000,37,58,1,0,11,11,42,35902.0000,57.0000,121,113,4702,322288,10.0799,0.0000,232472952
980.0000,37,59,1,0,11,10,47,36595.0000,41.0000,121,113,4704,322288,12.7799,0.0000,232718984
981.0000,37,54,1,0,11,15,47,37051.0000,49.0000,121,113,4708,322288,15.4799,0.0000,232969519
982.0000,37,53,1,0,12,16,46,37957.0000,57.0000,121,113,4708,322288,14.3799,0.0000,233211465
983.0000,37,53,1,0,13,18,42,38691.0000,41.0000,121,113,4708,322288,14.0799,0.0000,233454207
984.0000,37,53,1,0,13,20,42,39299.0000,25.0000,121,113,4708,322288,12.9799,0.0000,233699594
985.0000,37,54,1,0,14,21,41,39807.0000,710.0000,121,113,4710,322288,13.0799,0.0000,233939515
986.0000,37,56,1,0,15,21,42,40441.0000,53.0000,121,113,4712,322288,14.1799,0.0000,234191827
987.0000,37,58,1,0,14,21,45,40147.0000,37.0000,121,113,4712,322288,14.1799,0.0000,234446568
988.0000,37,60,1,0,14,21,42,40128.0000,21.0000,121,113,4714,322288,15.7799,1.7157,234699145
989.0000,36,61,1,0,16,23,37,41199.0000,5.0000,121,114,4714,322288,15.5799,0.0000,234954444
990.0000,36,60,1,0,16,26,37,39265.0000,37.0000,121,114,4714,322288,15.9799,0.0000,235205059
991.0000,34,55,1,0,16,35,40,40047.0000,21.0000,121,116,4714,322288,15.0799,0.0000,235444513
992.0000,34,54,1,0,17,38,42,42722.0000,5.0000,121,116,4716,322288,12.8799,0.0000,235661526
993.0000,32,55,1,0,17,41,43,41813.0000,61.0000,121,118,4716,322288,18.6799,0.0000,235880021
994.0000,31,57,1,0,16,42,46,42585.0000,45.0000,121,119,4720,322288,17.9799,0.0000,236083577
995.0000,31,59,1,0,17,42,44,44002.0000,101.0000,121,119,4720,322288,14.3799,0.0000,236285584
996.0000,31,61,1,0,17,42,44,46273.0000,85.0000,121,119,4720,322288,14.0799,0.0000,236484834
997.0000,31,62,1,0,17,43,42,44143.0000,388.0000,121,119,4722,322288,17.8799,0.0000,236715308
998.0000,31,64,1,0,17,43,44,42513.0000,77.0000,121,119,4728,322288,13.9799,0.0000,236945974
999.0000,30,66,1,0,17,44,47,43917.0000,61.0000,121,120,4728,322288,13.2799,0.0000,237163701
1000.0000,30,68,1,0,18,44,45,41986.0000,57.0000,121,120,4728,322288,15.9799,0.0000,237389993
1001.0000,34,66,1,0,18,42,44,44676.0000,41.0000,125,120,4730,322288,12.5799,0.0000,237629310
1002.0000,34,66,1,0,18,37,45,47217.0000,25.0000,125,120,4732,322288,11.1799,0.0000,237861349
1003.0000,34,62,1,0,17,40,46,50202.0000,9.0000,125,120,4734,322288,11.7799,0.0000,238102602
1004.0000,35,59,1,0,17,42,46,50708.0000,29.0000,126,120,4736,322288,12.7799,0.0000,238346596
1005.0000,36,59,1,0,17,41,46,50128.0000,73.0000,127,120,4736,322288,13.2799,0.0000,238604436
1006.0000,39,58,1,0,17,40,48,48957.0000,81.0000,130,120,4738,322288,16.3799,1.5012,238893258
1007.0000,38,60,1,0,18,41,50,49106.0000,65.0000,130,121,4744,322288,16.1799,0.0000,239185414
1008.0000,38,62,1,0,18,41,52,49214.0000,49.0000,130,121,4746,322288,17.2799,0.1072,239470387
1009.0000,40,63,1,0,17,41,50,49505.0000,25.0000,132,121,4746,322288,15.7799,0.0000,239770967
1010.0000,41,62,1,0,17,43,49,48659.0000,1.0000,134,122,4746,322288,15.5799,0.0000,240069091
1011.0000,42,40,1,0,17,61,48,48926.0000,1.0000,135,122,4750,322288,14.0799,0.0000,240382348
1012.0000,43,37,1,0,17,56,47,48942.0000,1.0000,136,122,4754,322288,14.7799,0.0000,240701259
1013.0000,43,36,1,0,16,55,50,48970.0000,368.0000,136,122,4758,322288,12.9799,0.0000,241015035
1014.0000,44,38,1,0,16,54,48,47392.0000,651.0000,137,122,4764,322288,16.7799,0.0000,241333425
1015.0000,43,41,1,0,16,55,50,48005.0000,863.0000,137,123,4764,322288,15.4799,0.0000,241652296
1016.0000,43,44,1,0,16,55,50,50118.0000,476.0000,137,123,4768,322288,13.1799,0.0000,241983827
1017.0000,43,45,1,0,16,55,51,52018.0000,49.0000,137,123,4778,322288,12.7799,0.0000,242309748
1018.0000,43,45,1,0,16,54,50,50532.0000,5.0000,137,123,4778,322288,13.8799,0.0000,242636703
1019.0000,43,45,1,0,16,54,50,51029.0000,5.0000,137,123,4784,322288,11.7799,0.0000,242958125
1020.0000,43,46,1,0,16,54,54,52721.0000,21.0000,137,123,4786,322288,12.9799,0.0000,243277160
1021.0000,43,47,1,0,16,55,56,53731.0000,5.0000,137,123,4786,322288,13.1799,0.3217,243595423
1022.0000,42,45,1,0,16,58,57,50116.0000,5.0000,137,124,4790,322288,15.4799,0.4289,243916437
1023.0000,42,39,1,0,16,62,54,47097.0000,5.0000,137,124,4792,322288,12.4799,0.0000,244238248
1024.0000,42,37,1,0,16,58,57,48914.0000,5.0000,137,124,4792,322288,11.2799,0.0000,244553094
1025.0000,43,29,1,0,14,61,51,50750.0000,5.0000,138,124,4794,322288,12.7799,0.0000,244870835
1026.0000,45,19,1,0,13,68,53,51736.0000,5.0000,140,124,4794,322288,14.6799,0.5362,245213356
1027.0000,46,15,1,0,13,71,51,49249.0000,5.0000,141,124,4794,322288,16.9799,0.0000,245568491
1028.0000,46,15,1,0,13,72,55,49678.0000,559.0000,141,124,4800,322288,16.3799,0.0000,245913994
1029.0000,46,18,1,0,13,72,54,50464.0000,236.0000,141,124,4802,322288,14.9799,0.0000,246276961
1030.0000,46,19,1,0,13,72,51,51348.0000,1.0000,141,124,4804,322288,13.5799,1.2868,246626463
1031.0000,46,20,1,0,13,70,54,49484.0000,91.0000,141,124,4806,322288,14.5799,0.0000,246966433
1032.0000,46,23,1,0,12,49,51,48685.0000,17.0000,141,124,4812,322288,15.2799,0.0000,247323529
1033.0000,46,26,1,0,11,47,51,46707.0000,29.0000,141,124,4818,322288,14.2799,0.0000,247660370
1034.0000,46,29,1,0,11,45,51,45895.0000,5.0000,141,124,4828,322288,15.0799,0.1072,248009840
1035.0000,46,32,1,0,13,45,50,44219.0000,29.0000,141,124,4836,322288,12.2799,0.3217,248353765
1036.0000,46,35,1,0,13,45,45,42244.0000,5.0000,141,124,4842,322288,12.8799,0.0000,248710141
1037.0000,45,35,1,0,15,46,46,42657.0000,5.0000,141,125,4844,322288,10.6799,0.0000,249066595
1038.0000,45,34,1,0,15,47,48,43554.0000,5.0000,141,125,4846,322288,12.4799,0.0000,249406070
1039.0000,45,34,1,0,15,46,45,44544.0000,5.0000,141,125,4846,322288,12.2799,0.0000,249740601
1040.0000,45,21,1,0,15,58,48,46035.0000,5.0000,141,125,4848,322288,17.4799,0.0000,250068877
1041.0000,45,22,1,0,15,58,46,45061.0000,302.0000,141,125,4850,322288,19.2799,0.0000,250407937
1042.0000,45,25,1,0,15,57,46,45674.0000,230.0000,141,125,4854,322288,15.9799,0.0000,250743577
1043.0000,45,25,1,0,15,55,44,45013.0000,5.0000,141,125,4860,322288,16.7799,0.0000,251081250
1044.0000,45,25,1,0,14,49,49,44277.0000,5.0000,141,125,4862,322288,14.5799,0.0000,251411997
1045.0000,45,25,1,0,13,47,46,42035.0000,5.0000,141,125,4866,322288,15.0799,0.4289,251744941
1046.0000,45,25,1,0,13,43,47,42256.0000,5.0000,141,125,4870,322288,13.8799,0.0000,252076700
1047.0000,44,28,1,0,12,33,49,41733.0000,29.0000,141,126,4882,322288,14.9799,0.0000,252414212
1048.0000,44,31,1,0,13,30,46,40575.0000,5.0000,141,126,4886,322288,15.5799,0.0000,252733914
1049.0000,44,31,1,0,14,29,41,38706.0000,5.0000,141,126,4888,322288,16.4799,2.7880,253070672
1050.0000,44,29,1,0,15,31,39,39146.0000,5.0000,141,126,4892,322288,17.0799,0.0000,253404120
1051.0000,44,25,1,0,15,35,36,39264.0000,5.0000,141,126,4894,322288,14.7799,0.0000,253740128
1052.0000,44,13,1,0,13,47,37,39016.0000,5.0000,141,126,4904,322288,16.7799,0.0000,254069448
1053.0000,44,10,1,0,13,50,39,38104.0000,5.0000,141,126,4908,322288,16.1799,0.0000,254412060
1054.0000,44,10,1,0,13,49,37,37252.0000,5.0000,141,126,4908,322288,15.7799,0.1072,254734140
1055.0000,44,10,1,0,14,49,32,36463.0000,5.0000,141,126,4910,322288,12.2799,0.0000,255064894
1056.0000,44,10,1,0,14,49,31,35577.0000,5.0000,141,126,4916,322288,11.9799,0.0000,255383402
1057.0000,44,10,1,0,13,49,32,34774.0000,455.0000,141,126,4916,322288,11.0799,0.0000,255717861
1058.0000,44,13,1,0,12,49,33,33663.0000,142.0000,141,126,4920,322288,12.4512,0.0000,256042940
1059.0000,44,16,1,0,12,48,31,32453.0000,892.0000,141,126,4920,322288,11.7495,0.0000,256383295
1060.0000,43,19,1,0,12,49,32,31440.0000,716.0000,141,127,4924,322288,9.0742,0.0000,256720538
1061.0000,42,22,1,0,12,37,31,30574.0000,458.0000,141,128,4926,322288,8.6397,0.0000,257047189
1062.0000,41,24,1,0,13,38,29,30010.0000,969.0000,141,129,4928,322288,10.0958,0.0000,257360711
1063.0000,41,26,1,0,11,38,28,30308.0000,665.0000,141,129,4930,322288,10.9958,0.0000,257659103
1064.0000,41,29,1,0,11,38,26,29985.0000,411.0000,141,129,4934,322288,11.7958,0.0000,257975572
1065.0000,41,32,1,0,11,38,25,28661.0000,154.0000,141,129,4934,322288,13.4958,0.0000,258291759
1066.0000,41,34,1,0,11,38,25,29293.0000,7.0000,141,129,4936,322288,10.5958,0.0000,258613179
1067.0000,41,34,1,0,11,38,27,30091.0000,7.0000,141,129,4940,322288,11.0958,0.0000,258909888
1068.0000,41,34,1,0,11,38,26,30655.0000,7.0000,141,129,4946,322288,9.9958,0.0000,259225820
1069.0000,41,34,1,0,10,38,25,30120.0000,7.0000,141,129,4948,322288,8.4958,0.0000,259534073
1070.0000,40,34,1,0,10,39,25,29913.0000,7.0000,141,130,4948,322288,7.6958,0.0000,259846412
1071.0000,40,24,1,0,10,47,24,29374.0000,7.0000,141,130,4952,322288,9.1958,0.0000,260160306
1072.0000,39,24,1,0,11,44,22,29472.0000,7.0000,141,131,4956,322288,8.8958,0.0000,260468651
1073.0000,39,24,1,0,12,31,23,29750.0000,7.0000,141,131,4956,322288,9.4958,0.0000,260764895
1074.0000,39,24,1,0,12,28,24,29558.0000,7.0000,141,131,4958,322288,11.7958,0.0000,261062118
1075.0000,38,24,1,0,13,29,24,29072.0000,7.0000,141,132,4962,322288,11.9958,0.0000,261346774
1076.0000,38,24,1,0,13,29,25,29313.0000,7.0000,141,132,4962,322288,9.0958,0.0000,261643289
1077.0000,38,22,1,0,13,31,24,30120.0000,7.0000,141,132,4964,322288,10.2958,0.0000,261935835
1078.0000,38,19,1,0,14,34,24,30458.0000,7.0000,141,132,4966,322288,9.1958,0.0000,262229635
1079.0000,38,18,1,0,14,36,25,30682.0000,47.0000,141,132,4976,322288,8.5958,0.0000,262517820
1080.0000,38,20,1,0,14,36,25,30844.0000,31.0000,141,132,4978,322288,11.7958,0.0000,262792256
1081.0000,38,22,1,0,14,36,29,31543.0000,15.0000,141,132,4978,322288,11.6958,0.0000,263071756
1082.0000,38,23,1,0,14,36,26,31902.0000,7.0000,141,132,4978,322288,12.2958,0.0000,263359550
1083.0000,38,20,1,0,14,39,27,32684.0000,7.0000,141,132,4978,322288,11.6958,0.0000,263646780
1084.0000,38,8,1,0,14,51,25,33086.0000,7.0000,141,132,4982,322288,11.5958,0.0000,263938360
1085.0000,38,10,1,0,16,50,24,32945.0000,364.0000,141,132,4982,322288,7.5958,0.0000,264227092
1086.0000,38,12,1,0,16,50,29,34505.0000,1074.0000,141,132,4982,322288,8.5958,0.0000,264514060
1087.0000,38,14,1,0,18,48,29,34881.0000,1010.0000,141,132,4982,322288,11.0958,0.0000,264793745
1088.0000,38,16,1,0,18,48,31,35349.0000,946.0000,141,132,4982,322288,9.4958,0.0000,265070198
1089.0000,38,18,1,0,18,46,29,35137.0000,882.0000,141,132,4982,322288,9.6958,0.0000,265360435
1090.0000,38,20,1,0,18,45,31,37136.0000,818.0000,141,132,4984,322288,8.7958,0.0000,265640208
1091.0000,38,22,1,0,18,45,30,38926.0000,754.0000,141,132,4984,322288,8.7958,0.0000,265921569
1092.0000,38,24,1,0,19,35,29,39410.0000,690.0000,141,132,4988,322288,9.3958,0.0000,266213100
1093.0000,38,26,1,0,18,35,35,39671.0000,1011.0000,141,132,4988,322288,10.7958,0.0000,266498567
1094.0000,37,28,1,0,18,36,35,39193.0000,919.0000,141,133,4988,322288,11.2958,0.0000,266783901
1095.0000,37,30,1,0,18,35,39,39814.0000,751.0000,141,133,4988,322288,11.1958,0.0000,267062704
1096.0000,37,32,1,0,17,35,42,40323.0000,543.0000,141,133,4990,322288,12.0958,0.0000,267343641
1097.0000,36,34,1,0,18,36,43,41501.0000,312.0000,141,134,4992,322288,9.8958,0.0000,267613541
1098.0000,36,36,1,0,18,34,44,43483.0000,777.0000,141,134,4996,322288,12.5958,0.0000,267891197
1099.0000,36,38,1,0,18,31,41,44706.0000,569.0000,141,134,4996,322288,15.2958,0.0000,268154239
1100.0000,36,40,1,0,19,29,48,46379.0000,314.0000,141,134,5000,322288,14.1958,0.0000,268414985
1101.0000,36,42,1,0,19,29,49,48291.0000,7.0000,141,134,5002,322288,13.8958,0.0000,268682988
1102.0000,36,42,1,0,18,29,49,50510.0000,7.0000,141,134,5002,322288,12.7958,0.0000,268939836
1103.0000,35,42,1,0,18,29,52,51535.0000,7.0000,141,135,5004,322288,12.8958,0.0000,269210844
1104.0000,35,43,1,0,17,26,57,53138.0000,585.0000,141,135,5008,322288,13.9958,0.0000,269473130
1105.0000,34,44,1,0,17,16,53,52313.0000,43.0000,141,136,5012,322288,13.9958,0.0000,269731434
1106.0000,34,45,1,0,16,16,52,52705.0000,51.0000,141,136,5012,322288,15.5958,1.7264,269991030
1107.0000,34,46,1,0,16,17,57,54767.0000,35.0000,141,136,5016,322288,15.3958,0.0000,270254618
1108.0000,34,44,1,0,16,21,56,51942.0000,55.0000,141,136,5016,322288,15.7958,0.0000,270515732
1109.0000,34,45,1,0,16,22,55,54877.0000,204.0000,141,136,5016,322288,14.8958,0.0000,270763391
1110.0000,34,47,1,0,15,22,57,58919.0000,71.0000,141,136,5018,322288,12.6958,0.0000,271016589
1111.0000,33,49,1,0,14,23,58,57932.0000,55.0000,141,137,5020,322288,18.4958,0.0000,271260667
1112.0000,33,51,1,0,14,23,57,58375.0000,39.0000,141,137,5022,322288,17.7958,0.0000,271508279
1113.0000,33,51,1,0,14,25,54,59207.0000,23.0000,141,137,5024,322288,14.1958,0.0000,271773814
1114.0000,33,50,1,0,14,28,60,60634.0000,55.0000,141,137,5024,322288,13.8958,0.0000,272029531
1115.0000,33,38,1,0,15,42,59,57207.0000,39.0000,141,137,5024,322288,17.6958,0.0000,272279619
1116.0000,33,38,1,0,15,43,60,54821.0000,398.0000,141,137,5024,322288,13.7958,0.0000,272540088
1117.0000,33,40,1,0,15,43,62,56490.0000,43.0000,141,137,5024,322288,13.0958,0.0000,272783539
1118.0000,33,42,1,0,15,42,60,53561.0000,27.0000,141,137,5024,322288,15.7958,0.0000,273033924
1119.0000,33,44,1,0,16,42,62,55286.0000,515.0000,141,137,5026,322288,12.3958,0.0000,273279581
1120.0000,33,46,1,0,15,42,60,56557.0000,43.0000,141,137,5026,322288,10.9958,0.0000,273532358
1121.0000,33,47,1,0,15,43,66,57571.0000,1452.0000,141,137,5032,322288,11.5958,0.0000,273781403
1122.0000,33,49,1,0,15,43,67,56792.0000,1530.0000,141,137,5032,322288,12.5958,0.0000,274027374
1123.0000,33,51,1,0,15,43,64,55521.0000,2072.0000,141,137,5034,322288,13.0958,0.0000,274261059
1124.0000,33,53,1,0,15,43,64,53581.0000,1592.0000,141,137,5034,322288,16.1958,1.5106,274504470
1125.0000,35,53,1,0,15,43,64,53432.0000,1412.0000,143,137,5034,322288,15.9958,0.0000,274755770
1126.0000,35,55,1,0,15,42,62,52595.0000,1228.0000,143,137,5034,322288,17.0958,0.1079,275021663
1127.0000,35,57,1,0,15,41,63,51970.0000,1653.0000,143,137,5034,322288,15.5958,0.0000,275281625
1128.0000,35,59,1,0,15,40,64,50666.0000,973.0000,143,137,5036,322288,15.3958,0.0000,275545721
1129.0000,35,61,1,0,15,36,62,50583.0000,294.0000,143,137,5036,322288,13.8958,0.0000,275819836
1130.0000,35,63,1,0,14,35,62,50375.0000,51.0000,143,137,5038,322288,14.5958,0.0000,276076528
1131.0000,35,65,1,0,14,35,64,49972.0000,35.0000,143,137,5038,322288,12.7958,0.0000,276328291
1132.0000,35,67,1,0,14,35,61,48048.0000,19.0000,143,137,5038,322288,16.5958,0.0000,276588508
1133.0000,35,68,1,0,14,35,60,48502.0000,3.0000,143,137,5040,322288,15.2958,0.0000,276852772
1134.0000,35,66,1,0,15,35,62,49707.0000,3.0000,143,137,5040,322288,12.9958,0.0000,277120762
1135.0000,35,38,1,0,14,60,63,50646.0000,3.0000,143,137,5042,322288,12.5958,0.0000,277375038
1136.0000,36,35,1,0,13,48,61,48637.0000,3.0000,144,137,5042,322288,13.6958,0.0000,277635704
1137.0000,37,32,1,0,12,48,56,48196.0000,3.0000,145,137,5044,322288,11.5958,0.0000,277910437
1138.0000,39,28,1,0,13,50,55,48462.0000,3.0000,147,137,5044,322288,12.7958,0.0000,278183429
1139.0000,40,29,1,0,13,50,52,48386.0000,165.0000,148,137,5046,322288,12.9958,0.3237,278475913
1140.0000,41,31,1,0,13,50,46,45491.0000,11.0000,149,137,5046,322288,15.2958,0.4316,278773338
1141.0000,41,32,1,0,13,50,45,42754.0000,3.0000,149,137,5048,322288,12.2958,0.0000,279068768
1142.0000,41,32,1,0,13,49,48,43341.0000,3.0000,149,137,5048,322288,11.0958,0.0000,279371819
1143.0000,42,31,1,0,13,48,47,44224.0000,3.0000,150,137,5048,322288,12.5958,0.0000,279687988
1144.0000,43,28,1,0,13,50,44,44671.0000,3.0000,151,137,5048,322288,14.4958,0.5395,280014340
1145.0000,43,17,1,0,11,61,43,42637.0000,3.0000,151,137,5048,322288,16.7958,0.0000,280354565
1146.0000,43,15,1,0,10,63,43,42258.0000,3.0000,151,137,5050,322288,16.1958,0.0000,280679590
1147.0000,43,13,1,0,10,65,39,41944.0000,3.0000,151,137,5058,322288,14.7958,0.0000,281018101
1148.0000,43,11,1,0,10,67,39,41877.0000,3.0000,151,137,5060,322288,13.3958,1.2948,281353891
1149.0000,43,9,1,0,10,69,41,40018.0000,3.0000,151,137,5060,322288,14.3958,0.0000,281685977
1150.0000,43,7,1,0,10,71,38,39076.0000,3.0000,151,137,5062,322288,15.0958,0.0000,282005070
1151.0000,43,6,1,0,10,72,35,37444.0000,3.0000,151,137,5062,322288,14.0958,0.0000,282338542
1152.0000,43,6,1,0,10,72,33,36984.0000,3.0000,151,137,5062,322288,14.8958,0.1079,282653443
1153.0000,43,6,1,0,11,72,32,35791.0000,3.0000,151,137,5064,322288,12.0958,0.3237,282979081
1154.0000,43,6,1,0,11,71,29,34384.0000,3.0000,151,137,5064,322288,12.6958,0.0000,283325913
1155.0000,43,7,1,0,9,69,32,35486.0000,414.0000,151,137,5064,322288,10.4958,0.0000,283648465
1156.0000,43,10,1,0,9,41,33,35770.0000,254.0000,151,137,5064,322288,12.2958,0.0000,283977754
1157.0000,43,13,1,0,10,39,30,36185.0000,79.0000,151,137,5066,322288,12.0958,0.0000,284308090
1158.0000,43,15,1,0,10,37,30,36910.0000,3.0000,151,137,5066,322288,17.2958,0.0000,284628635
1159.0000,43,17,1,0,10,34,27,36082.0000,580.0000,151,137,5068,322288,19.0958,0.0000,284942108
1160.0000,43,20,1,0,11,32,29,36425.0000,421.0000,151,137,5070,322288,15.7958,0.0000,285261345
1161.0000,43,22,1,0,11,32,30,35905.0000,244.0000,151,137,5072,322288,16.5958,0.0000,285594565
1162.0000,43,24,1,0,11,32,31,35409.0000,726.0000,151,137,5072,322288,14.3958,0.0000,285924464
1163.0000,42,27,1,0,11,33,27,33300.0000,547.0000,151,138,5072,322288,14.8958,0.4316,286243335
1164.0000,42,30,1,0,12,33,29,33464.0000,393.0000,151,138,5072,322288,13.6958,0.0000,286549481
1165.0000,42,30,1,0,14,31,26,33284.0000,244.0000,151,138,5074,322288,14.7958,0.0000,286867339
1166.0000,42,30,1,0,14,19,25,32557.0000,97.0000,151,138,5080,322288,15.3958,0.0000,287185365
1167.0000,42,30,1,0,15,17,27,31256.0000,6.0000,151,138,5084,322288,16.2958,2.8054,287504984
1168.0000,41,30,1,0,15,16,28,31373.0000,6.0000,151,139,5086,322288,16.8958,0.0000,287805044
1169.0000,41,30,1,0,15,14,29,31786.0000,6.0000,151,139,5088,322288,14.5958,0.0000,288106987
1170.0000,41,31,1,0,14,11,27,31949.0000,34.0000,151,139,5092,322288,16.5958,0.0000,288422811
1171.0000,40,34,1,0,14,9,26,31062.0000,10.0000,151,140,5098,322288,15.9958,0.0000,288727446
1172.0000,40,36,1,0,14,8,26,30526.0000,735.0000,151,140,5102,322288,15.5958,0.1079,289038352
1173.0000,39,38,1,0,14,9,23,29626.0000,74.0000,151,141,5106,322288,12.0958,0.0000,289345318
1174.0000,39,40,1,0,14,9,24,29274.0000,58.0000,151,141,5108,322288,11.7958,0.0000,289635665
1175.0000,39,42,1,0,15,9,25,29013.0000,42.0000,151,141,5110,322288,10.8958,0.0000,289938655
1176.0000,39,44,1,0,16,9,27,28774.0000,26.0000,151,141,5118,322288,12.2046,0.0000,290245004
1177.0000,38,45,1,0,16,11,27,27924.0000,58.0000,151,142,5122,322288,11.3542,0.0000,290529957
1178.0000,37,46,1,0,16,13,27,27807.0000,42.0000,151,143,5126,322288,8.5013,0.0000,290819243
1179.0000,37,47,1,0,17,14,28,28082.0000,62.0000,151,143,5126,322288,7.9181,0.0000,291104477
1180.0000,37,46,1,0,17,17,27,28476.0000,46.0000,151,143,5130,322288,9.3118,0.0000,291384945
1181.0000,37,46,1,0,16,19,30,29285.0000,66.0000,151,143,5130,322288,10.2118,0.0000,291666974
1182.0000,37,48,1,0,16,19,31,29688.0000,469.0000,151,143,5130,322288,11.0118,0.0000,291938336
1183.0000,37,50,1,0,15,19,29,28643.0000,481.0000,151,143,5132,322288,12.7118,0.0000,292204886
1184.0000,37,52,1,0,17,19,28,29860.0000,117.0000,151,143,5136,322288,9.8118,0.0000,292477558
1185.0000,37,54,1,0,17,19,28,30924.0000,50.0000,151,143,5138,322288,10.3118,0.0000,292760103
1186.0000,37,56,1,0,17,19,30,31585.0000,34.0000,151,143,5138,322288,9.2118,0.0000,293048993
1187.0000,37,58,1,0,17,19,32,31143.0000,54.0000,151,143,5140,322288,7.7118,0.0000,293325847
1188.0000,37,60,1,0,17,19,35,32554.0000,38.0000,151,143,5142,322288,6.9118,0.0000,293603029
1189.0000,37,60,1,0,17,21,34,32763.0000,22.0000,151,143,5142,322288,8.4118,0.0000,293887343
1190.0000,37,52,1,0,17,31,35,34642.0000,6.0000,151,143,5144,322288,8.1118,0.0000,294149875
1191.0000,37,51,1,0,17,32,33,35789.0000,6.0000,151,143,5148,322288,8.7118,0.0000,294433689
1192.0000,36,50,1,0,18,36,34,35514.0000,38.0000,151,144,5154,322288,11.0118,0.0000,294713605
1193.0000,36,51,1,0,18,37,38,35700.0000,34.0000,151,144,5156,322288,11.2118,0.0000,294978182
1194.0000,36,53,1,0,17,37,41,36361.0000,42.0000,151,144,5156,322288,8.3118,0.0000,295256422
1195.0000,35,55,1,0,17,37,42,37929.0000,62.0000,151,145,5158,322288,9.5118,0.0000,295514587
1196.0000,35,57,1,0,18,37,43,39243.0000,46.0000,151,145,5160,322288,8.4118,0.0000,295793074
1197.0000,39,55,1,0,18,36,41,40516.0000,66.0000,155,145,5162,322288,7.8118,0.0000,296057692
1198.0000,40,56,1,0,18,36,40,41236.0000,42.0000,157,146,5164,322288,11.0118,0.0000,296344352
1199.0000,40,59,1,0,16,34,43,42857.0000,42.0000,157,146,5166,322288,10.9118,0.0000,296632968
1200.0000,40,62,1,0,16,33,45,43046.0000,42.0000,157,146,5166,322288,11.5118,0.0000,296935694
1201.0000,39,64,1,0,15,30,46,43419.0000,50.0000,157,147,5168,322288,10.9118,0.0000,297227868
1202.0000,37,66,1,0,15,30,48,42591.0000,70.0000,157,149,5172,322288,10.8118,0.0000,297519478
1203.0000,37,68,1,0,15,30,45,42105.0000,54.0000,157,149,5174,322288,6.8118,0.0000,297803850
1204.0000,37,70,1,0,16,30,44,43682.0000,38.0000,157,149,5176,322288,7.8118,0.0000,298078328
1205.0000,37,72,1,0,16,30,44,43707.0000,22.0000,157,149,5180,322288,10.3118,0.0000,298357139
1206.0000,37,72,1,0,16,32,46,43632.0000,42.0000,157,149,5180,322288,8.7118,0.0000,298616291
1207.0000,37,58,1,0,16,47,47,42923.0000,26.0000,157,149,5180,322288,8.9118,0.0000,298896547
1208.0000,37,58,1,0,16,49,51,44906.0000,58.0000,157,149,5186,322288,8.0118,0.0000,299172164
1209.0000,37,58,1,0,16,51,51,46743.0000,42.0000,157,149,5188,322288,8.0118,0.0000,299437471
1210.0000,37,60,1,0,16,49,52,47156.0000,26.0000,157,149,5188,322288,8.6118,0.0000,299718816
1211.0000,37,60,1,0,16,42,51,47102.0000,10.0000,157,149,5188,322288,10.0118,0.0000,299998642
1212.0000,37,59,1,0,15,42,50,46713.0000,2.0000,157,149,5190,322288,10.5118,0.0000,300273688
1213.0000,36,46,1,0,15,53,54,46184.0000,2.0000,157,150,5190,322288,10.4118,0.0000,300541578
1214.0000,36,48,1,0,15,52,52,46013.0000,212.0000,157,150,5190,322288,11.3118,0.0000,300815996
1215.0000,35,50,1,0,15,53,54,46924.0000,547.0000,157,151,5190,322288,9.1118,0.0000,301071865
1216.0000,35,52,1,0,16,53,57,48678.0000,433.0000,157,151,5190,322288,11.8118,0.0000,301325942
1217.0000,35,54,1,0,16,53,53,49726.0000,58.0000,157,151,5196,322288,14.5118,0.0000,301592336
1218.0000,40,51,1,0,17,54,50,50942.0000,34.0000,163,152,5196,322288,13.4118,0.0000,301879550
1219.0000,40,54,1,0,17,54,52,52312.0000,10.0000,163,152,5198,322288,13.1118,0.0000,302173779
1220.0000,41,54,1,0,17,54,52,53699.0000,2.0000,164,152,5198,322288,12.0118,0.0000,302483103
1221.0000,40,52,1,0,17,57,56,54359.0000,2.0000,164,153,5202,322288,12.1118,0.0000,302776741
1222.0000,40,32,1,0,16,77,54,55505.0000,2.0000,164,153,5202,322288,13.2118,0.0000,303064936
1223.0000,40,30,1,0,16,79,54,54963.0000,2.0000,164,153,5206,322288,13.2118,0.0000,303353521
1224.0000,40,27,1,0,15,82,54,55191.0000,2.0000,164,153,5206,322288,14.8118,1.5347,303650263
1225.0000,40,27,1,0,17,83,57,56992.0000,18.0000,164,153,5206,322288,14.6118,0.0000,303948509
1226.0000,40,29,1,0,14,83,55,53902.0000,2.0000,164,153,5208,322288,15.0118,0.0000,304247866
1227.0000,39,29,1,0,14,82,54,54249.0000,2.0000,164,154,5210,322288,14.1118,0.0000,304549075
1228.0000,39,29,1,0,15,67,52,56129.0000,2.0000,164,154,5212,322288,11.9118,0.0000,304834981
1229.0000,38,26,1,0,15,69,51,54359.0000,2.0000,164,155,5212,322288,17.7118,0.0000,305115556
1230.0000,38,22,1,0,15,71,52,54066.0000,42.0000,164,155,5214,322288,17.0118,0.0000,305388672
1231.0000,38,24,1,0,14,71,53,54134.0000,426.0000,164,155,5216,322288,13.4118,0.0000,305671800
1232.0000,38,26,1,0,14,70,56,55088.0000,46.0000,164,155,5216,322288,13.1118,0.0000,305957021
1233.0000,38,28,1,0,12,67,57,52031.0000,54.0000,164,155,5216,322288,16.9118,0.0000,306260311
1234.0000,38,30,1,0,12,54,52,49391.0000,38.0000,164,155,5218,322288,13.0118,0.0000,306537583
1235.0000,38,32,1,0,11,54,50,49453.0000,22.0000,164,155,5220,322288,12.3118,0.0000,306809753
1236.0000,38,31,1,0,11,57,50,46484.0000,6.0000,164,155,5220,322288,15.0118,0.0000,307104478
1237.0000,38,28,1,0,12,60,49,46441.0000,6.0000,164,155,5220,322288,11.6118,0.0000,307386997
1238.0000,38,28,1,0,12,61,48,46222.0000,34.0000,164,155,5220,322288,10.2118,0.0000,307678845
1239.0000,38,28,1,0,12,63,52,45628.0000,1129.0000,164,155,5220,322288,10.8118,0.0000,307941673
1240.0000,37,30,1,0,12,64,53,44174.0000,777.0000,164,156,5220,322288,11.8118,0.0000,308208526
1241.0000,37,32,1,0,12,64,51,43118.0000,1153.0000,164,156,5220,322288,12.3118,0.0000,308481293
1242.0000,37,34,1,0,12,62,51,41620.0000,849.0000,164,156,5220,322288,15.4118,1.3429,308750673
1243.0000,37,36,1,0,12,43,49,41278.0000,545.0000,164,156,5220,322288,15.2118,0.0000,309021856
1244.0000,37,38,1,0,12,40,46,40637.0000,199.0000,164,156,5220,322288,16.3118,0.0959,309286705
1245.0000,37,40,1,0,13,38,45,40133.0000,18.0000,164,156,5220,322288,14.8118,0.0000,309557891
1246.0000,37,42,1,0,13,36,46,39319.0000,2.0000,164,156,5224,322288,14.6118,0.0000,309834107
1247.0000,37,42,1,0,13,36,46,39202.0000,2.0000,164,156,5224,322288,13.1118,0.0000,310103426
1248.0000,36,42,1,0,13,37,48,38685.0000,2.0000,164,157,5224,322288,13.8118,0.0000,310374445
1249.0000,36,40,1,0,13,39,47,38304.0000,2.0000,164,157,5224,322288,12.0118,0.0000,310640197
1250.0000,36,39,1,0,13,39,46,36835.0000,52.0000,164,157,5228,322288,15.8118,0.0000,310912587
1251.0000,35,39,1,0,13,37,46,36548.0000,36.0000,164,158,5230,322288,14.5118,0.0000,311182320
1252.0000,35,38,1,0,13,40,45,37417.0000,20.0000,164,158,5230,322288,12.2118,0.0000,311442306
1253.0000,34,38,1,0,14,43,46,37675.0000,4.0000,164,159,5232,322288,11.8118,0.0000,311700400
1254.0000,33,30,1,0,14,52,43,36111.0000,4.0000,164,160,5236,322288,12.9118,0.0000,311947543
1255.0000,32,26,1,0,15,57,42,36052.0000,4.0000,164,161,5238,322288,10.8118,0.0000,312201305
1256.0000,32,24,1,0,15,59,43,37281.0000,4.0000,164,161,5238,322288,12.0118,0.0000,312445996
1257.0000,32,22,1,0,15,58,43,37961.0000,4.0000,164,161,5238,322288,12.2118,0.2878,312684674
1258.0000,32,20,1,0,14,57,43,35614.0000,4.0000,164,161,5240,322288,14.5118,0.3837,312925381
1259.0000,32,18,1,0,14,58,42,33406.0000,4.0000,164,161,5242,322288,11.5118,0.0000,313179427
1260.0000,31,16,1,0,15,59,45,34248.0000,4.0000,164,162,5242,322288,10.3118,0.0000,313413959
1261.0000,31,14,1,0,15,60,46,35792.0000,4.0000,164,162,5246,322288,11.8118,0.0000,313639383
1262.0000,30,13,1,0,14,62,45,36922.0000,4.0000,164,163,5246,322288,13.7118,0.4796,313873635
1263.0000,29,11,1,0,15,65,40,35002.0000,4.0000,164,164,5250,322288,16.0118,0.0000,314103447
1264.0000,29,12,1,0,15,65,42,36000.0000,430.0000,164,164,5250,322288,15.4118,0.0000,314326243
1265.0000,29,14,1,0,15,65,40,37279.0000,265.0000,164,164,5252,322288,14.0118,0.0000,314548617
1266.0000,29,16,1,0,15,65,43,38341.0000,827.0000,164,164,5254,322288,12.6118,1.1510,314764918
1267.0000,29,18,1,0,15,64,46,36949.0000,571.0000,164,164,5256,322288,13.6118,0.0000,314986774
1268.0000,28,20,1,0,15,65,46,36361.0000,287.0000,164,165,5258,322288,14.3118,0.0000,315203570
1269.0000,28,22,1,0,15,65,48,35286.0000,536.0000,164,165,5260,322288,13.3118,0.0000,315408481
1270.0000,28,24,1,0,16,63,45,35505.0000,306.0000,164,165,5260,322288,14.1118,0.0959,315619319
1271.0000,28,26,1,0,16,59,46,34642.0000,1348.0000,164,165,5262,322288,11.3118,0.2878,315840886
1272.0000,29,27,1,0,17,57,42,33302.0000,1786.0000,165,165,5264,322288,11.9118,0.0000,316067796
1273.0000,29,29,1,0,17,53,44,35310.0000,1554.0000,165,165,5264,322288,9.7118,0.0000,316287677
1274.0000,29,31,1,0,17,50,47,37352.0000,1322.0000,165,165,5264,322288,11.5118,0.0000,316498481
1275.0000,29,33,1,0,17,43,45,39605.0000,1090.0000,165,165,5264,322288,11.3118,0.0000,316722707
1276.0000,29,35,1,0,17,38,44,42440.0000,1195.0000,165,165,5266,322288,16.5118,0.0000,316940445
1277.0000,29,37,1,0,17,36,44,41968.0000,963.0000,165,165,5266,322288,18.3118,0.0000,317153387
1278.0000,28,39,1,0,18,35,47,42553.0000,659.0000,165,166,5266,322288,15.0118,0.0000,317367053
1279.0000,28,41,1,0,18,33,48,41964.0000,653.0000,165,166,5268,322288,15.8118,0.0000,317567895
1280.0000,28,43,1,0,19,31,49,41623.0000,742.0000,165,166,5272,322288,13.6118,0.0000,317786307
1281.0000,28,45,1,0,19,29,51,39781.0000,273.0000,165,166,5272,322288,14.1118,0.3837,318003402
1282.0000,28,47,1,0,19,27,52,41384.0000,72.0000,165,166,5274,322288,12.9118,0.0000,318215743
1283.0000,28,49,1,0,19,26,51,42447.0000,56.0000,165,166,5276,322288,14.0118,0.0000,318435695
1284.0000,28,51,1,0,18,24,50,42057.0000,40.0000,165,166,5278,322288,14.6118,0.0000,318648178
1285.0000,28,52,1,0,17,24,50,40330.0000,24.0000,165,166,5280,322288,15.5118,2.4939,318860145
1286.0000,28,52,1,0,16,26,52,41211.0000,8.0000,165,166,5280,322288,16.1118,0.0000,319066549
1287.0000,27,35,1,0,16,45,51,41016.0000,0.0000,165,167,5282,322288,13.8118,0.0000,319284718
1288.0000,26,33,1,0,15,47,53,40365.0000,0.0000,165,168,5282,322288,15.8118,0.0000,319483969
1289.0000,26,31,1,0,16,49,56,39994.0000,0.0000,165,168,5282,322288,15.2118,0.0000,319681810
1290.0000,26,28,1,0,16,52,56,39428.0000,0.0000,165,168,5284,322288,14.8118,0.0959,319871573
1291.0000,26,28,1,0,16,52,54,39023.0000,83.0000,165,168,5284,322288,11.3118,0.0000,320073974
1292.0000,26,30,1,0,16,52,58,38381.0000,24.0000,165,168,5284,322288,11.0118,0.0000,320267403
1293.0000,26,32,1,0,17,52,58,37756.0000,501.0000,165,168,5284,322288,10.1118,0.0000,320470841
1294.0000,26,34,1,0,17,51,57,37048.0000,40.0000,165,168,5284,322288,11.5310,0.0000,320666463
1295.0000,26,36,1,0,17,51,59,36049.0000,653.0000,165,168,5286,322288,10.9437,0.0000,320862543
1296.0000,26,38,1,0,17,51,62,35943.0000,346.0000,165,168,5286,322288,8.4050,0.0000,321060924
1297.0000,26,40,1,0,17,50,58,35646.0000,52.0000,165,168,5286,322288,8.0849,0.0000,321258124
1298.0000,26,42,1,0,17,48,56,35542.0000,36.0000,165,168,5288,322288,9.5890,0.0000,321453793
1299.0000,25,44,1,0,17,49,56,35298.0000,20.0000,165,169,5290,322288,10.4890,0.0000,321635872
1300.0000,25,46,1,0,17,49,58,35399.0000,583.0000,165,169,5294,322288,11.2890,0.0000,321823601
1301.0000,25,48,1,0,17,49,59,33612.0000,72.0000,165,169,5294,322288,12.9890,0.0000,322007774
1302.0000,25,50,1,0,17,49,61,35291.0000,470.0000,165,169,5300,322288,10.0890,0.0000,322181827
1303.0000,24,52,1,0,17,50,64,36325.0000,64.0000,165,170,5304,322288,10.5890,0.0000,322358920
1304.0000,25,53,1,0,16,50,59,37287.0000,48.0000,166,170,5304,322288,9.4890,0.0000,322551481
1305.0000,25,53,1,0,14,52,55,36443.0000,32.0000,166,170,5306,322288,7.9890,0.0000,322739775
1306.0000,25,49,1,0,14,57,56,37025.0000,16.0000,166,170,5306,322288,7.1890,0.0000,322928668
1307.0000,25,49,1,0,14,57,56,36133.0000,36.0000,166,170,5308,322288,8.6890,0.0000,323110462
1308.0000,25,50,1,0,15,40,60,36784.0000,88.0000,166,170,5310,322288,8.3890,0.0000,323298649
1309.0000,25,52,1,0,15,37,59,36864.0000,52.0000,166,170,5310,322288,8.9890,0.0000,323487256
1310.0000,25,54,1,0,15,35,56,36297.0000,36.0000,166,170,5312,322288,11.2890,0.0000,323669489
1311.0000,25,56,1,0,15,31,55,35807.0000,80.0000,166,170,5314,322288,11.4890,0.0000,323854112
1312.0000,25,56,1,0,15,32,53,35611.0000,76.0000,166,170,5318,322288,8.5890,0.0000,324042152
1313.0000,25,54,1,0,14,36,55,36695.0000,60.0000,166,170,5320,322288,9.7890,0.0000,324221524
1314.0000,25,53,1,0,14,38,55,36921.0000,44.0000,166,170,5320,322288,8.6890,0.0000,324407304
1315.0000,24,52,1,0,15,42,56,36658.0000,76.0000,166,171,5322,322288,8.0890,0.0000,324589619
1316.0000,24,53,1,0,15,43,51,36925.0000,60.0000,166,171,5322,322288,11.2890,0.0000,324775112
1317.0000,24,54,1,0,17,43,56,37841.0000,92.0000,166,171,5324,322288,11.1890,0.0000,324954322
1318.0000,24,56,1,0,17,43,57,38000.0000,76.0000,166,171,5326,322288,11.7890,0.0000,325130289
1319.0000,24,58,1,0,17,43,56,38531.0000,60.0000,166,171,5326,322288,11.1890,0.0000,325316889
1320.0000,24,59,1,0,17,44,57,38513.0000,44.0000,166,171,5326,322288,11.0890,0.0000,325502101
1321.0000,24,59,1,0,16,46,52,37893.0000,28.0000,166,171,5326,322288,7.0890,0.0000,325681958
1322.0000,24,57,1,0,15,50,53,39132.0000,12.0000,166,171,5332,322288,8.0890,0.0000,325858551
1323.0000,24,55,1,0,15,52,51,38685.0000,4.0000,166,171,5334,322288,10.5890,0.0000,326030657
1324.0000,24,47,1,0,15,60,54,38287.0000,4.0000,166,171,5336,322288,8.9890,0.0000,326216878
1325.0000,24,44,1,0,15,62,53,37360.0000,4.0000,166,171,5336,322288,9.1890,0.0000,326409379
1326.0000,24,42,1,0,13,62,52,38802.0000,4.0000,166,171,5338,322288,8.2890,0.0000,326581195
1327.0000,24,40,1,0,14,58,53,39509.0000,4.0000,166,171,5340,322288,8.2890,0.0000,326755844
1328.0000,24,38,1,0,14,58,53,39086.0000,4.0000,166,171,5342,322288,8.8890,0.0000,326934101
1329.0000,24,36,1,0,13,59,55,38613.0000,4.0000,166,171,5342,322288,10.2890,0.0000,327108266
1330.0000,24,38,1,0,14,59,52,37896.0000,42.0000,166,171,5342,322288,10.7890,0.0000,327282190
1331.0000,24,40,1,0,14,59,55,37593.0000,62.0000,166,171,5344,322288,10.6890,0.0000,327445974
1332.0000,24,42,1,0,14,59,56,37108.0000,46.0000,166,171,5344,322288,11.5890,0.0000,327610361
1333.0000,24,44,1,0,14,57,54,37850.0000,54.0000,166,171,5344,322288,9.3890,0.0000,327782805
1334.0000,24,46,1,0,13,56,58,38908.0000,223.0000,166,171,5346,322288,12.0890,0.0000,327957588
1335.0000,23,48,1,0,13,51,54,38606.0000,82.0000,166,172,5348,322288,14.7890,0.0000,328129498
1336.0000,23,50,1,0,14,48,57,39380.0000,78.0000,166,172,5354,322288,13.6890,0.0000,328291382
1337.0000,27,48,1,0,15,47,56,40312.0000,74.0000,170,172,5358,322288,13.3890,0.0000,328481492
1338.0000,30,47,1,0,15,46,53,41519.0000,58.0000,173,172,5358,322288,12.2890,0.0000,328692634
1339.0000,31,47,1,0,13,47,55,42573.0000,66.0000,174,172,5360,322288,12.3890,0.0000,328918158
1340.0000,32,46,1,0,13,48,53,42978.0000,50.0000,175,172,5362,322288,13.4890,0.0000,329146942
1341.0000,32,44,1,0,13,51,53,42287.0000,34.0000,175,172,5364,322288,13.4890,0.0000,329371106
1342.0000,34,35,1,0,13,58,50,42197.0000,54.0000,177,172,5366,322288,15.0890,1.5875,329610999
1343.0000,34,37,1,0,13,54,51,43665.0000,38.0000,177,172,5366,322288,14.8890,0.0000,329848685
1344.0000,34,38,1,0,12,51,50,41285.0000,22.0000,177,172,5366,322288,15.2890,0.0000,330108801
1345.0000,34,40,1,0,13,44,48,42779.0000,6.0000,177,172,5366,322288,14.3890,0.0000,330359122
1346.0000,34,39,1,0,14,41,47,45326.0000,6.0000,177,172,5366,322288,12.1890,0.0000,330599461
1347.0000,34,31,1,0,15,46,47,45161.0000,6.0000,177,172,5366,322288,17.9890,0.0000,330856471
1348.0000,33,28,1,0,16,48,50,45251.0000,6.0000,177,173,5368,322288,17.2890,0.0000,331104212
1349.0000,33,26,1,0,16,47,46,45931.0000,6.0000,177,173,5372,322288,13.6890,0.0000,331348557
1350.0000,33,24,1,0,16,46,46,47651.0000,6.0000,177,173,5376,322288,13.3890,0.0000,331585532
1351.0000,33,21,1,0,16,48,48,45099.0000,6.0000,177,173,5376,322288,17.1890,0.0000,331838804
1352.0000,33,19,1,0,15,50,46,43376.0000,6.0000,177,173,5378,322288,13.2890,0.0000,332084305
1353.0000,33,17,1,0,14,52,48,44799.0000,6.0000,177,173,5380,322288,12.5890,0.0000,332337055
1354.0000,33,15,1,0,14,54,46,42586.0000,6.0000,177,173,5382,322288,15.2890,0.0000,332578060
1355.0000,33,15,1,0,15,55,48,43649.0000,53.0000,177,173,5382,322288,11.8890,0.0000,332822766
1356.0000,33,17,1,0,15,54,47,44440.0000,30.0000,177,173,5386,322288,10.4890,0.0000,333060209
1357.0000,33,19,1,0,15,54,49,45332.0000,50.0000,177,173,5386,322288,11.0890,0.0000,333305050
1358.0000,33,21,1,0,16,53,49,45013.0000,187.0000,177,173,5386,322288,12.0890,0.0000,333543244
1359.0000,33,23,1,0,16,52,51,44518.0000,424.0000,177,173,5386,322288,12.5890,0.0000,333788643
1360.0000,33,25,1,0,15,51,51,43404.0000,91.0000,177,173,5386,322288,15.6890,1.3890,334034284
1361.0000,33,27,1,0,15,49,52,43544.0000,46.0000,177,173,5386,322288,15.4890,0.0000,334281284
1362.0000,33,29,1,0,17,46,51,43051.0000,54.0000,177,173,5386,322288,16.5890,0.0992,334523595
1363.0000,32,31,1,0,17,37,48,42273.0000,38.0000,177,174,5386,322288,15.0890,0.0000,334773825
1364.0000,32,33,1,0,17,37,50,41707.0000,633.0000,177,174,5386,322288,14.8890,0.0000,335005296
1365.0000,32,35,1,0,17,36,52,41979.0000,66.0000,177,174,5386,322288,13.3890,0.0000,335241362
1366.0000,32,34,1,0,16,39,52,42124.0000,50.0000,177,174,5388,322288,14.0890,0.0000,335480320
1367.0000,32,36,1,0,16,38,54,42205.0000,34.0000,177,174,5388,322288,12.2890,0.0000,335712968
1368.0000,32,37,1,0,16,30,52,41074.0000,68.0000,177,174,5388,322288,16.0890,0.0000,335938858
1369.0000,32,39,1,0,16,27,52,42186.0000,605.0000,177,174,5388,322288,14.7890,0.0000,336174747
1370.0000,32,41,1,0,16,25,54,44066.0000,960.0000,177,174,5392,322288,12.4890,0.0000,336399517
1371.0000,32,43,1,0,16,23,58,46016.0000,1354.0000,177,174,5394,322288,12.0890,0.0000,336624554
1372.0000,32,45,1,0,16,20,59,44607.0000,1233.0000,177,174,5396,322288,13.1890,0.0000,336859505
1373.0000,31,47,1,0,16,19,60,44513.0000,653.0000,177,175,5396,322288,11.0890,0.0000,337092346
1374.0000,31,49,1,0,15,17,59,45986.0000,87.0000,177,175,5398,322288,12.2890,0.0000,337314805
1375.0000,31,51,1,0,15,15,56,46531.0000,38.0000,177,175,5402,322288,12.4890,0.2977,337541938
1376.0000,31,53,1,0,15,14,56,43457.0000,22.0000,177,175,5404,322288,14.7890,0.3969,337764180
1377.0000,30,55,1,0,15,15,54,40259.0000,66.0000,177,176,5404,322288,11.7890,0.0000,337995950
1378.0000,29,56,1,0,14,17,55,41326.0000,50.0000,177,177,5406,322288,10.5890,0.0000,338215875
1379.0000,29,56,1,0,15,19,56,42615.0000,34.0000,177,177,5408,322288,12.0890,0.0000,338422225
1380.0000,29,55,1,0,16,21,57,43681.0000,18.0000,177,177,5414,322288,13.9890,0.4961,338639978
1381.0000,29,56,1,0,16,22,56,41683.0000,636.0000,177,177,5414,322288,16.2890,0.0000,338857359
1382.0000,29,56,1,0,16,24,56,42894.0000,46.0000,177,177,5414,322288,15.6890,0.0000,339074359
1383.0000,29,55,1,0,16,26,56,44242.0000,30.0000,177,177,5414,322288,14.2890,0.0000,339285800
1384.0000,29,56,1,0,17,27,56,45584.0000,97.0000,177,177,5416,322288,12.8890,1.1906,339494666
1385.0000,29,58,1,0,16,26,55,43824.0000,58.0000,177,177,5418,322288,13.8890,0.0000,339707515
1386.0000,29,60,1,0,15,26,54,43256.0000,42.0000,177,177,5418,322288,14.5890,0.0000,339917144
1387.0000,29,62,1,0,15,23,53,41353.0000,74.0000,177,177,5418,322288,13.5890,0.0000,340149362
1388.0000,28,63,1,0,15,25,53,40294.0000,58.0000,177,178,5418,322288,14.3890,0.0992,340368918
1389.0000,28,63,1,0,15,26,51,38882.0000,78.0000,177,178,5418,322288,11.5890,0.2977,340581844
1390.0000,28,57,1,0,15,34,51,37044.0000,86.0000,177,178,5420,322288,12.1890,0.0000,340788597
1391.0000,28,59,1,0,15,34,52,38249.0000,70.0000,177,178,5422,322288,9.9890,0.0000,341005330
1392.0000,28,61,1,0,15,34,56,39436.0000,54.0000,177,178,5422,322288,11.7890,0.0000,341205055
1393.0000,28,63,1,0,16,34,52,40734.0000,38.0000,177,178,5422,322288,11.5890,0.0000,341420676
1394.0000,28,64,1,0,16,35,50,42884.0000,22.0000,177,178,5422,322288,16.7890,0.0000,341640577
1395.0000,28,47,1,0,14,53,54,42312.0000,6.0000,177,178,5426,322288,18.5890,0.0000,341847805
1396.0000,34,39,1,0,14,55,48,43385.0000,6.0000,183,178,5426,322288,15.2890,0.0000,342071797
1397.0000,35,35,1,0,15,58,48,42872.0000,6.0000,184,178,5426,322288,16.0890,0.0000,342340113
1398.0000,37,31,1,0,15,60,46,42340.0000,6.0000,186,178,5428,322288,13.8890,0.0000,342621483
1399.0000,37,29,1,0,15,60,47,40226.0000,6.0000,186,178,5430,322288,14.3890,0.3969,342898686
1400.0000,37,27,1,0,15,60,48,40888.0000,6.0000,186,178,5430,322288,13.1890,0.0000,343177713
1401.0000,37,25,1,0,15,59,45,41156.0000,6.0000,186,178,5430,322288,14.2890,0.0000,343456552
1402.0000,38,25,1,0,15,59,47,40588.0000,546.0000,187,178,5430,322288,14.8890,0.0000,343733291
1403.0000,38,27,1,0,17,57,47,38988.0000,244.0000,187,178,5430,322288,15.7890,2.5796,344019477
1404.0000,38,29,1,0,16,54,48,40096.0000,42.0000,187,178,5434,322288,16.3890,0.0000,344300869
1405.0000,38,31,1,0,16,53,46,40373.0000,26.0000,187,178,5434,322288,14.0890,0.0000,344593218
1406.0000,38,33,1,0,16,53,48,40196.0000,58.0000,187,178,5434,322288,16.0890,0.0000,344888956
1407.0000,37,35,1,0,16,54,47,39317.0000,42.0000,187,179,5442,322288,15.4890,0.0000,345173104
1408.0000,37,37,1,0,16,54,45,38887.0000,26.0000,187,179,5444,322288,15.0890,0.0992,345446648
1409.0000,37,39,1,0,16,53,49,38562.0000,10.0000,187,179,5448,322288,11.5890,0.0000,345732133
1410.0000,37,39,1,0,15,53,48,37978.0000,54.0000,187,179,5450,322288,11.2890,0.0000,346015441
1411.0000,38,33,1,0,16,51,47,37266.0000,38.0000,188,179,5452,322288,10.3890,0.0000,346302884
1412.0000,38,33,1,0,16,53,47,36308.0000,58.0000,188,179,5454,322288,11.7674,0.0000,346597938
1413.0000,38,34,1,0,15,54,48,35275.0000,152.0000,188,179,5454,322288,11.0829,0.0000,346875690
1414.0000,36,36,1,0,15,56,46,33960.0000,62.0000,188,181,5454,322288,8.4282,0.0000,347154181
1415.0000,36,38,1,0,15,55,43,33603.0000,46.0000,188,181,5454,322288,8.0109,0.0000,347433743
1416.0000,36,40,1,0,15,40,44,33377.0000,30.0000,188,181,5454,322288,9.4741,0.0000,347705362
1417.0000,36,42,1,0,15,34,41,33610.0000,14.0000,188,181,5456,322288,10.3741,0.0000,347978192
1418.0000,36,43,1,0,14,32,40,33495.0000,6.0000,188,181,5458,322288,11.1741,0.0000,348252234
1419.0000,36,34,1,0,13,39,40,31921.0000,83.0000,188,181,5460,322288,12.8741,0.0000,348515102
1420.0000,36,36,1,0,13,37,41,32283.0000,168.0000,188,181,5460,322288,9.9741,0.0000,348787694
1421.0000,36,38,1,0,13,35,42,32720.0000,691.0000,188,181,5464,322288,10.4741,0.0000,349073724
1422.0000,36,40,1,0,12,33,40,32976.0000,353.0000,188,181,5464,322288,9.3741,0.0000,349345792
1423.0000,35,42,1,0,13,33,40,31524.0000,54.0000,188,182,5466,322288,7.8741,0.0000,349613937
1424.0000,35,44,1,0,13,33,40,31957.0000,385.0000,188,182,5472,322288,7.0741,0.0000,349876543
1425.0000,35,46,1,0,13,33,40,31457.0000,58.0000,188,182,5478,322288,8.5741,0.0000,350131005
1426.0000,35,48,1,0,13,33,39,32097.0000,42.0000,188,182,5480,322288,8.2741,0.0000,350387660
1427.0000,35,50,1,0,13,33,42,32348.0000,464.0000,188,182,5486,322288,8.8741,0.0000,350636002
1428.0000,35,52,1,0,13,33,38,31998.0000,58.0000,188,182,5490,322288,11.1741,0.0000,350893581
1429.0000,35,54,1,0,13,33,38,31840.0000,78.0000,188,182,5490,322288,11.3741,0.0000,351145445
1430.0000,35,56,1,0,13,33,41,31839.0000,62.0000,188,182,5490,322288,8.4741,0.0000,351394332
1431.0000,35,58,1,0,14,30,42,33091.0000,82.0000,188,182,5494,322288,9.6741,0.0000,351645207
1432.0000,35,60,1,0,15,23,43,33868.0000,66.0000,188,182,5496,322288,8.5741,0.0000,351905388
1433.0000,34,62,1,0,15,22,37,34029.0000,50.0000,188,183,5496,322288,7.9741,0.0000,352156623
1434.0000,34,64,1,0,15,21,40,34339.0000,500.0000,188,183,5496,322288,11.1741,0.0000,352402840
1435.0000,34,64,1,0,15,23,42,35191.0000,66.0000,188,183,5496,322288,11.0741,0.0000,352640849
1436.0000,34,55,1,0,15,34,40,35363.0000,50.0000,188,183,5498,322288,11.6741,0.0000,352902026
1437.0000,34,55,1,0,13,36,41,35890.0000,34.0000,188,183,5500,322288,11.0741,0.0000,353156502
1438.0000,34,56,1,0,13,37,34,35443.0000,18.0000,188,183,5500,322288,10.9741,0.0000,353408085
1439.0000,34,56,1,0,14,39,34,34667.0000,74.0000,188,183,5500,322288,6.9741,0.0000,353661066
1440.0000,34,52,1,0,14,35,35,35428.0000,58.0000,188,183,5502,322288,7.9741,0.0000,353914352
1441.0000,34,51,1,0,14,38,37,35203.0000,42.0000,188,183,5504,322288,10.4741,0.0000,354160059
1442.0000,34,50,1,0,15,41,39,35120.0000,26.0000,188,183,5506,322288,8.8741,0.0000,354418413
1443.0000,34,50,1,0,15,43,38,34416.0000,58.0000,188,183,5512,322288,9.0741,0.0000,354670417
1444.0000,33,51,1,0,15,44,38,35087.0000,90.0000,188,184,5514,322288,8.1741,0.0000,354920114
1445.0000,33,53,1,0,16,44,38,36207.0000,74.0000,188,184,5514,322288,8.1741,0.0000,355169979
1446.0000,33,55,1,0,16,44,39,36263.0000,58.0000,188,184,5516,322288,8.7741,0.0000,355428471
1447.0000,33,56,1,0,17,45,37,36110.0000,42.0000,188,184,5520,322288,10.1741,0.0000,355684537
1448.0000,33,55,1,0,17,48,36,35834.0000,26.0000,188,184,5522,322288,10.6741,0.0000,355925850
1449.0000,32,55,1,0,16,51,40,35710.0000,70.0000,188,185,5524,322288,10.5741,0.0000,356164669
1450.0000,32,56,1,0,16,52,40,35737.0000,54.0000,188,185,5530,322288,11.4741,0.0000,356415375
1451.0000,32,57,1,0,16,53,43,36902.0000,38.0000,188,185,5530,322288,9.2741,0.0000,356668853
1452.0000,31,58,1,0,16,55,40,37806.0000,22.0000,188,186,5530,322288,11.9741,0.0000,356893799
1453.0000,31,56,1,0,16,59,40,38664.0000,6.0000,188,186,5530,322288,14.6741,0.0000,357127923
1454.0000,31,46,1,0,16,69,42,40117.0000,6.0000,188,186,5534,322288,13.5741,0.0000,357362046
1455.0000,31,47,1,0,16,70,48,41725.0000,258.0000,188,186,5534,322288,13.2741,0.0000,357594037
1456.0000,31,49,1,0,17,68,53,43651.0000,674.0000,188,186,5538,322288,12.1741,0.0000,357817835
1457.0000,31,51,1,0,17,57,49,45475.0000,283.0000,188,186,5540,322288,12.2741,0.0000,358049582
1458.0000,31,53,1,0,16,55,54,47176.0000,146.0000,188,186,5544,322288,13.3741,0.0000,358270666
1459.0000,31,55,1,0,17,53,52,46853.0000,58.0000,188,186,5544,322288,13.3741,0.0000,358496920
1460.0000,31,57,1,0,16,51,49,47168.0000,78.0000,188,186,5544,322288,14.9741,1.5561,358731423
1461.0000,31,59,1,0,17,45,51,48983.0000,62.0000,188,186,5544,322288,14.7741,0.0000,358973386
1462.0000,31,61,1,0,17,42,52,46369.0000,46.0000,188,186,5546,322288,15.1741,0.0000,359204253
1463.0000,31,63,1,0,16,39,57,48819.0000,30.0000,188,186,5548,322288,14.2741,0.0000,359438471
1464.0000,31,61,1,0,16,41,54,52181.0000,62.0000,188,186,5550,322288,12.0741,0.0000,359677391
1465.0000,31,58,1,0,17,45,55,51899.0000,46.0000,188,186,5550,322288,17.8741,0.0000,359904250
1466.0000,32,54,1,0,17,50,51,52493.0000,30.0000,189,186,5550,322288,17.1741,0.0000,360138724
1467.0000,32,54,1,0,17,52,51,53229.0000,14.0000,189,186,5550,322288,13.5741,0.0000,360371110
1468.0000,37,49,1,0,17,53,52,55583.0000,46.0000,194,186,5552,322288,13.2741,0.0000,360621540
1469.0000,39,44,1,0,16,56,54,52930.0000,155.0000,196,186,5556,322288,17.0741,0.0000,360899312
1470.0000,40,45,1,0,16,53,55,51063.0000,74.0000,197,186,5558,322288,13.1741,0.0000,361177450
1471.0000,40,48,1,0,17,52,55,53020.0000,50.0000,197,186,5558,322288,12.4741,0.0000,361477872
1472.0000,40,51,1,0,17,51,51,50621.0000,26.0000,197,186,5558,322288,15.1741,0.0000,361780579
1473.0000,40,52,1,0,17,51,52,52123.0000,2.0000,197,186,5558,322288,11.7741,0.0000,362079252
1474.0000,39,50,1,0,16,51,53,52555.0000,20.0000,197,187,5558,322288,10.3741,0.0000,362370486
1475.0000,39,43,1,0,16,49,56,53032.0000,4.0000,197,187,5560,322288,10.9741,0.0000,362645850
1476.0000,39,44,1,0,15,49,58,52510.0000,24.0000,197,187,5562,322288,11.9741,0.0000,362939085
1477.0000,39,46,1,0,15,49,58,51643.0000,8.0000,197,187,5562,322288,12.4741,0.0000,363237015
1478.0000,39,48,1,0,15,48,57,50164.0000,52.0000,197,187,5566,322288,15.5741,1.3616,363532211
1479.0000,38,50,1,0,16,49,57,49823.0000,36.0000,197,188,5566,322288,15.3741,0.0000,363814053
1480.0000,37,51,1,0,16,51,58,48874.0000,68.0000,197,189,5568,322288,16.4741,0.0973,364099735
1481.0000,37,53,1,0,15,51,58,48446.0000,52.0000,197,189,5568,322288,14.9741,0.0000,364389346
1482.0000,37,55,1,0,15,51,56,47375.0000,48.0000,197,189,5570,322288,14.7741,0.0000,364669986
1483.0000,37,57,1,0,15,50,57,47390.0000,32.0000,197,189,5574,322288,13.2741,0.0000,364961194
1484.0000,37,57,1,0,16,52,59,47334.0000,16.0000,197,189,5574,322288,13.9741,0.0000,365239754
1485.0000,37,52,1,0,16,55,56,47352.0000,0.0000,197,189,5576,322288,12.1741,0.0000,365520721
1486.0000,37,49,1,0,17,54,53,45921.0000,0.0000,197,189,5578,322288,15.9741,0.0000,365796049
1487.0000,37,42,1,0,17,55,55,46743.0000,0.0000,197,189,5578,322288,14.6741,0.0000,366078971
1488.0000,37,37,1,0,17,58,57,48475.0000,0.0000,197,189,5580,322288,12.3741,0.0000,366358417
1489.0000,37,34,1,0,17,59,58,50008.0000,0.0000,197,189,5580,322288,11.9741,0.0000,366634415
1490.0000,37,31,1,0,18,57,59,48469.0000,0.0000,197,189,5580,322288,13.0741,0.0000,366925667
1491.0000,37,29,1,0,16,59,59,48832.0000,0.0000,197,189,5580,322288,10.9741,0.0000,367193564
1492.0000,37,27,1,0,15,61,60,49689.0000,0.0000,197,189,5582,322288,12.1741,0.0000,367485748
1493.0000,37,25,1,0,15,63,60,49752.0000,0.0000,197,189,5584,322288,12.3741,0.2918,367763418
1494.0000,37,23,1,0,15,63,59,46513.0000,0.0000,197,189,5586,322288,14.6741,0.3890,368043755
1495.0000,37,22,1,0,15,62,56,43534.0000,0.0000,197,189,5586,322288,11.6741,0.0000,368313222
1496.0000,37,20,1,0,15,54,59,44261.0000,0.0000,197,189,5588,322288,10.4741,0.0000,368598729
1497.0000,37,22,1,0,15,53,61,45056.0000,270.0000,197,189,5590,322288,11.9741,0.0000,368876391
1498.0000,37,24,1,0,16,53,61,45698.0000,746.0000,197,189,5590,322288,13.8741,0.4863,369155769
1499.0000,44,19,1,0,15,53,48,43827.0000,390.0000,204,189,5590,322288,16.1741,0.0000,369461444
1500.0000,44,22,1,0,15,53,52,44491.0000,387.0000,204,189,5592,322288,15.5741,0.0000,369799315
1501.0000,43,25,1,0,15,53,53,44993.0000,52.0000,204,190,5592,322288,14.1741,0.0000,370123714
1502.0000,43,26,1,0,15,53,53,46155.0000,4.0000,204,190,5592,322288,12.7741,1.1671,370451607
1503.0000,43,26,1,0,15,52,50,44634.0000,4.0000,204,190,5594,322288,13.7741,0.0000,370776706
1504.0000,43,26,1,0,14,52,46,44127.0000,4.0000,204,190,5594,322288,14.4741,0.0000,371093400
1505.0000,43,26,1,0,14,50,44,42443.0000,4.0000,204,190,5596,322288,13.4741,0.0000,371416711
1506.0000,43,26,1,0,14,44,45,42289.0000,4.0000,204,190,5596,322288,14.2741,0.0973,371720491
1507.0000,43,14,1,0,15,54,44,41129.0000,652.0000,204,190,5598,322288,11.4741,0.2918,372055381
1508.0000,43,17,1,0,14,46,46,39555.0000,1522.0000,204,190,5602,322288,12.0741,0.0000,372389591
1509.0000,43,20,1,0,13,41,47,40910.0000,1498.0000,204,190,5602,322288,9.8741,0.0000,372709914
1510.0000,42,23,1,0,13,37,45,41505.0000,1438.0000,204,191,5604,322288,11.6741,0.0000,373025056
1511.0000,42,26,1,0,13,34,45,42397.0000,1735.0000,204,191,5604,322288,11.4741,0.0000,373347709
1512.0000,41,29,1,0,12,34,44,43265.0000,1548.0000,204,192,5604,322288,16.6741,0.0000,373655901
1513.0000,41,32,1,0,13,31,44,42185.0000,1340.0000,204,192,5606,322288,18.4741,0.0000,373958595
1514.0000,41,35,1,0,13,29,42,42647.0000,1028.0000,204,192,5610,322288,15.1741,0.0000,374257866
1515.0000,41,38,1,0,13,28,48,42084.0000,1898.0000,204,192,5610,322288,15.9741,0.0000,374553843
1516.0000,40,41,1,0,13,27,49,40975.0000,2054.0000,204,193,5612,322288,13.7741,0.0000,374843819
1517.0000,40,44,1,0,11,25,45,39123.0000,1718.0000,204,193,5614,322288,14.2741,0.3890,375143218
1518.0000,40,47,1,0,11,25,41,38960.0000,1382.0000,204,193,5616,322288,13.0741,0.0000,375441576
1519.0000,40,50,1,0,12,24,40,38459.0000,1046.0000,204,193,5618,322288,14.1741,0.0000,375750836
1520.0000,40,53,1,0,12,24,38,37259.0000,710.0000,204,193,5618,322288,14.7741,0.0000,376069111
1521.0000,40,56,1,0,12,24,34,35543.0000,332.0000,204,193,5620,322288,15.6741,2.5286,376387594
1522.0000,40,56,1,0,14,24,39,35930.0000,4.0000,204,193,5620,322288,16.2741,0.0000,376683393
1523.0000,40,56,1,0,14,24,38,36101.0000,4.0000,204,193,5620,322288,13.9741,0.0000,376981935
1524.0000,40,56,1,0,14,24,38,35974.0000,4.0000,204,193,5622,322288,15.9741,0.0000,377294699
1525.0000,40,56,1,0,14,24,35,35536.0000,4.0000,204,193,5624,322288,15.3741,0.0000,377603717
1526.0000,40,52,1,0,13,28,35,34822.0000,4.0000,204,193,5632,322288,14.9741,0.0973,377914740
1527.0000,40,53,1,0,13,30,34,34103.0000,40.0000,204,193,5632,322288,11.4741,0.0000,378225745
1528.0000,40,55,1,0,13,18,33,33388.0000,28.0000,204,193,5632,322288,11.1741,0.0000,378517380
1529.0000,39,55,1,0,13,20,36,32282.0000,48.0000,204,194,5634,322288,10.2741,0.0000,378826662
1530.0000,39,57,1,0,13,20,36,31546.0000,32.0000,204,194,5638,322288,11.6494,0.0000,379115556
1531.0000,39,55,1,0,13,24,35,30871.0000,16.0000,204,194,5640,322288,10.9573,0.0000,379406380
1532.0000,39,54,1,0,13,27,31,30759.0000,0.0000,204,194,5644,322288,8.2934,0.0000,379703096
1533.0000,39,52,1,0,13,29,27,30382.0000,0.0000,204,194,5646,322288,7.8685,0.0000,379993996
1534.0000,37,45,1,0,13,40,27,29291.0000,56.0000,204,196,5646,322288,9.3286,0.0000,380289902
1535.0000,37,44,1,0,13,43,27,29579.0000,40.0000,204,196,5650,322288,10.2286,0.0000,380590497
1536.0000,37,43,1,0,14,46,30,29741.0000,24.0000,204,196,5654,322288,11.0286,0.0000,380864032
1537.0000,37,43,1,0,15,48,32,28659.0000,68.0000,204,196,5654,322288,12.7286,0.0000,381141369
1538.0000,36,40,1,0,15,54,35,29586.0000,52.0000,204,197,5660,322288,9.8286,0.0000,381421615
1539.0000,35,39,1,0,15,58,33,30344.0000,36.0000,204,198,5664,322288,10.3286,0.0000,381698719
1540.0000,35,40,1,0,14,58,33,31029.0000,20.0000,204,198,5664,322288,9.2286,0.0000,381954628
1541.0000,35,42,1,0,15,58,31,30212.0000,4.0000,204,198,5664,322288,7.7286,0.0000,382213681
1542.0000,34,43,1,0,15,59,31,30415.0000,325.0000,204,199,5664,322288,6.9286,0.0000,382468767
1543.0000,34,45,1,0,15,59,35,30210.0000,52.0000,204,199,5664,322288,8.4286,0.0000,382727085
1544.0000,34,47,1,0,13,59,35,31365.0000,361.0000,204,199,5666,322288,8.1286,0.0000,382989878
1545.0000,34,49,1,0,13,59,37,31577.0000,88.0000,204,199,5666,322288,8.7286,0.0000,383245344
1546.0000,34,51,1,0,15,58,38,31157.0000,40.0000,204,199,5666,322288,11.0286,0.0000,383496665
1547.0000,34,53,1,0,15,54,35,30816.0000,24.0000,204,199,5666,322288,11.2286,0.0000,383747426
1548.0000,34,55,1,0,15,51,31,30702.0000,8.0000,204,199,5672,322288,8.3286,0.0000,384004838
1549.0000,34,55,1,0,15,51,33,31743.0000,0.0000,204,199,5672,322288,9.5286,0.0000,384254343
1550.0000,34,53,1,0,14,51,36,32378.0000,0.0000,204,199,5672,322288,8.4286,0.0000,384513769
1551.0000,34,46,1,0,14,59,39,32749.0000,924.0000,204,199,5672,322288,7.8286,0.0000,384767481
1552.0000,32,48,1,0,15,57,40,32181.0000,940.0000,204,201,5672,322288,11.0286,0.0000,385019235
1553.0000,32,50,1,0,16,55,40,33008.0000,612.0000,204,201,5676,322288,10.9286,0.0000,385270173
1554.0000,32,52,1,0,16,52,39,33292.0000,602.0000,204,201,5678,322288,11.5286,0.0000,385506287
1555.0000,32,54,1,0,15,43,40,33872.0000,201.0000,204,201,5678,322288,10.9286,0.0000,385743125
1556.0000,32,56,1,0,15,41,41,33940.0000,568.0000,204,201,5682,322288,10.8286,0.0000,385982341
1557.0000,32,58,1,0,15,37,41,33324.0000,64.0000,204,201,5684,322288,6.8286,0.0000,386229530
1558.0000,32,60,1,0,15,35,39,34223.0000,48.0000,204,201,5686,322288,7.8286,0.0000,386467688
1559.0000,32,62,1,0,15,30,39,34067.0000,32.0000,204,201,5686,322288,10.3286,0.0000,386704378
1560.0000,34,62,1,0,15,27,35,34085.0000,16.0000,206,201,5692,322288,8.7286,0.0000,386957278
1561.0000,35,62,1,0,15,27,32,33646.0000,0.0000,207,201,5692,322288,8.9286,0.0000,387221129
1562.0000,35,47,1,0,15,42,35,34782.0000,0.0000,208,202,5696,322288,8.0286,0.0000,387492643
1563.0000,35,38,1,0,15,51,36,36462.0000,0.0000,208,202,5704,322288,8.0286,0.0000,387757375
1564.0000,35,38,1,0,16,52,37,37001.0000,465.0000,208,202,5704,322288,8.6286,0.0000,388009512
1565.0000,37,38,1,0,16,52,38,37375.0000,220.0000,210,202,5704,322288,10.0286,0.0000,388295869
1566.0000,39,38,1,0,16,52,37,37549.0000,40.0000,212,202,5706,322288,10.5286,0.0000,388588229
1567.0000,42,37,1,0,16,52,37,38302.0000,4.0000,215,202,5706,322288,10.4286,0.0000,388884605
1568.0000,43,36,1,0,16,52,36,38533.0000,4.0000,216,202,5706,322288,11.3286,0.0000,389188517
1569.0000,43,36,1,0,16,52,39,39887.0000,4.0000,216,202,5708,322288,9.1286,0.0000,389502387
1570.0000,43,36,1,0,16,50,37,41647.0000,4.0000,216,202,5710,322288,11.8286,0.0000,389817566
1571.0000,43,33,1,0,15,51,38,42764.0000,4.0000,216,202,5712,322288,14.5286,0.0000,390147995
1572.0000,43,27,1,0,15,51,40,44034.0000,1274.0000,216,202,5712,322288,13.4286,0.0000,390471956
1573.0000,43,30,1,0,15,51,41,45286.0000,954.0000,216,202,5712,322288,13.1286,0.0000,390796627
1574.0000,43,33,1,0,16,51,41,46598.0000,522.0000,216,202,5712,322288,12.0286,0.0000,391127665
1575.0000,42,36,1,0,16,51,44,47471.0000,404.0000,216,203,5716,322288,12.1286,0.0000,391456736
1576.0000,42,39,1,0,16,50,46,48736.0000,469.0000,216,203,5718,322288,13.2286,0.0000,391781845
1577.0000,42,42,1,0,16,50,43,48689.0000,48.0000,216,203,5718,322288,13.2286,0.0000,392099116
1578.0000,42,45,1,0,18,50,44,48892.0000,24.0000,216,203,5720,322288,14.8286,1.6651,392413832
1579.0000,41,48,1,0,18,51,46,50517.0000,0.0000,216,204,5720,322288,14.6286,0.0000,392731859
1580.0000,40,49,1,0,18,52,45,47655.0000,25.0000,216,205,5720,322288,15.0286,0.0000,393048487
1581.0000,40,52,1,0,18,52,48,49902.0000,1.0000,216,205,5722,322288,14.1286,0.0000,393348326
1582.0000,40,39,1,0,17,64,50,53384.0000,1.0000,216,205,5726,322288,11.9286,0.0000,393643351
1583.0000,40,35,1,0,15,58,50,52974.0000,1.0000,216,205,5726,322288,17.7286,0.0000,393931442
1584.0000,40,37,1,0,15,46,49,53190.0000,903.0000,216,205,5730,322288,17.0286,0.0000,394229015
1585.0000,40,40,1,0,15,45,51,53966.0000,663.0000,216,205,5732,322288,13.4286,0.0000,394533452
1586.0000,40,43,1,0,15,45,51,55495.0000,274.0000,216,205,5734,322288,13.1286,0.0000,394827539
1587.0000,40,46,1,0,15,45,49,52644.0000,1.0000,216,205,5734,322288,16.9286,0.0000,395125721
1588.0000,40,46,1,0,15,45,51,50540.0000,1.0000,216,205,5738,322288,13.0286,0.0000,395425893
1589.0000,39,46,1,0,15,46,52,51702.0000,1.0000,216,206,5740,322288,12.3286,0.0000,395715875
1590.0000,39,46,1,0,15,46,51,49321.0000,1.0000,216,206,5742,322288,15.0286,0.0000,396008989
1591.0000,39,44,1,0,15,49,54,51277.0000,38.0000,216,206,5742,322288,11.6286,0.0000,396290452
1592.0000,38,44,1,0,14,50,55,52318.0000,22.0000,216,207,5742,322288,10.2286,0.0000,396568049
1593.0000,38,42,1,0,15,45,55,53755.0000,6.0000,216,207,5742,322288,10.8286,0.0000,396842443
1594.0000,38,40,1,0,15,47,53,53561.0000,6.0000,216,207,5744,322288,11.8286,0.0000,397125143
1595.0000,38,39,1,0,16,49,54,52579.0000,151.0000,216,207,5746,322288,12.3286,0.0000,397417588
1596.0000,38,35,1,0,16,55,54,50869.0000,30.0000,216,207,5748,322288,15.4286,1.4570,397704594
1597.0000,38,36,1,0,14,55,54,50852.0000,14.0000,216,207,5750,322288,15.2286,0.0000,397983068
1598.0000,38,35,1,0,14,57,56,49824.0000,6.0000,216,207,5750,322288,16.3286,0.1041,398276927
1599.0000,38,33,1,0,14,59,55,48918.0000,6.0000,216,207,5750,322288,14.8286,0.0000,398558103
1600.0000,38,29,1,0,13,63,54,47675.0000,6.0000,216,207,5750,322288,14.6286,0.0000,398860785
1601.0000,38,26,1,0,13,66,52,47073.0000,6.0000,216,207,5750,322288,13.1286,0.0000,399156156
1602.0000,38,24,1,0,12,69,51,46257.0000,258.0000,216,207,5750,322288,13.8286,0.0000,399455127
1603.0000,38,26,1,0,12,57,53,45358.0000,965.0000,216,207,5750,322288,12.0286,0.0000,399740490
1604.0000,38,28,1,0,11,52,51,43465.0000,781.0000,216,207,5752,322288,15.8286,0.0000,400035685
1605.0000,38,30,1,0,11,51,51,43305.0000,549.0000,216,207,5756,322288,14.5286,0.0000,400325700
1606.0000,38,32,1,0,11,51,51,43959.0000,228.0000,216,207,5756,322288,12.2286,0.0000,400614789
1607.0000,38,34,1,0,12,51,52,44579.0000,26.0000,216,207,5760,322288,11.8286,0.0000,400901625
1608.0000,38,36,1,0,12,51,47,42939.0000,10.0000,216,207,5762,322288,12.9286,0.0000,401196166
1609.0000,38,37,1,0,12,51,47,42570.0000,2.0000,216,207,5762,322288,10.8286,0.0000,401499623
1610.0000,38,37,1,0,12,51,49,43134.0000,2.0000,216,207,5766,322288,12.0286,0.0000,401787809
1611.0000,38,36,1,0,12,52,47,43305.0000,2.0000,216,207,5770,322288,12.2286,0.3122,402069369
1612.0000,38,35,1,0,12,51,48,40647.0000,51.0000,216,207,5774,322288,14.5286,0.4163,402352554
1613.0000,38,37,1,0,13,49,46,38137.0000,35.0000,216,207,5776,322288,11.5286,0.0000,402640252
1614.0000,38,38,1,0,13,47,48,39057.0000,19.0000,216,207,5776,322288,10.3286,0.0000,402926340
1615.0000,38,39,1,0,13,45,48,39979.0000,3.0000,216,207,5778,322288,11.8286,0.0000,403223482
1616.0000,41,29,1,0,13,48,45,40797.0000,3.0000,219,207,5780,322288,13.7286,0.5203,403513368
1617.0000,43,21,1,0,13,48,42,39096.0000,3.0000,221,207,5780,322288,16.0286,0.0000,403873209
1618.0000,42,24,1,0,13,48,44,39500.0000,463.0000,221,208,5784,322288,15.4286,0.0000,404189604
1619.0000,42,27,1,0,12,46,42,40707.0000,252.0000,221,208,5786,322288,14.0286,0.0000,404514360
1620.0000,42,28,1,0,12,44,44,41536.0000,8.0000,221,208,5790,322288,12.6286,1.2488,404827571
1621.0000,42,28,1,0,13,40,44,39964.0000,7.0000,221,208,5792,322288,13.6286,0.0000,405143855
1622.0000,41,31,1,0,13,37,44,38955.0000,7.0000,221,209,5794,322288,14.3286,0.0000,405455785
1623.0000,40,31,1,0,13,35,44,36849.0000,7.0000,221,210,5796,322288,13.3286,0.0000,405746008
1624.0000,40,32,1,0,14,35,46,36135.0000,35.0000,221,210,5796,322288,14.1286,0.1041,406045217
1625.0000,39,34,1,0,15,36,44,34212.0000,11.0000,221,211,5798,322288,11.3286,0.3122,406347388
1626.0000,39,32,1,0,15,39,34,32664.0000,3.0000,221,211,5826,322288,11.9286,0.0000,406661760
1627.0000,39,29,1,0,15,42,37,33357.0000,3.0000,221,211,5826,322288,9.7286,0.0000,406960215
1628.0000,39,29,1,0,15,42,38,34140.0000,3.0000,221,211,5830,322288,11.5286,0.0000,407255376
1629.0000,39,24,1,0,15,47,37,34989.0000,3.0000,221,211,5830,322288,11.3286,0.0000,407550016
1630.0000,39,24,1,0,14,48,37,36201.0000,142.0000,221,211,5832,322288,16.5286,0.0000,407838733
1631.0000,39,26,1,0,14,47,35,35467.0000,19.0000,221,211,5836,322288,18.3286,0.0000,408133077
1632.0000,39,28,1,0,14,46,36,36383.0000,3.0000,221,211,5838,322288,15.0286,0.0000,408420167
1633.0000,39,28,1,0,15,44,38,36220.0000,3.0000,221,211,5838,322288,15.8286,0.0000,408708483
1634.0000,39,28,1,0,14,43,41,36005.0000,3.0000,221,211,5838,322288,13.6286,0.0000,409001393
1635.0000,39,28,1,0,14,42,41,34488.0000,43.0000,221,211,5838,322288,14.1286,0.4163,409294656
1636.0000,38,28,1,0,14,44,41,34758.0000,27.0000,221,212,5838,322288,12.9286,0.0000,409575481
1637.0000,38,28,1,0,14,40,43,34975.0000,11.0000,221,212,5840,322288,14.0286,0.0000,409855334
1638.0000,37,30,1,0,14,33,39,33879.0000,55.0000,221,213,5844,322288,14.6286,0.0000,410130969
1639.0000,36,32,1,0,13,34,37,32160.0000,75.0000,221,214,5846,322288,15.5286,2.7058,410412165
1640.0000,35,34,1,0,12,35,41,32490.0000,218.0000,221,215,5846,322288,16.1286,0.0000,410666253
1641.0000,35,36,1,0,12,35,42,32668.0000,1386.0000,221,215,5848,322288,13.8286,0.0000,410917450
1642.0000,35,38,1,0,13,35,39,32682.0000,1618.0000,221,215,5848,322288,15.8286,0.0000,411171657
1643.0000,35,40,1,0,14,35,38,32414.0000,1146.0000,221,215,5850,322288,15.2286,0.0000,411445701
1644.0000,35,42,1,0,13,35,41,31943.0000,1433.0000,221,215,5852,322288,14.8286,0.1041,411722731
1645.0000,35,44,1,0,13,35,37,31392.0000,1429.0000,221,215,5852,322288,11.3286,0.0000,411998789
1646.0000,34,46,1,0,13,35,38,30433.0000,767.0000,221,216,5852,322288,11.0286,0.0000,412264072
1647.0000,34,48,1,0,13,32,37,30012.0000,219.0000,221,216,5852,322288,10.1286,0.0000,412513553
1648.0000,34,50,1,0,13,29,36,29397.0000,51.0000,221,216,5854,322288,11.5758,0.0000,412775955
1649.0000,33,52,1,0,13,30,34,28320.0000,59.0000,221,217,5854,322288,11.0553,0.0000,413023046
1650.0000,33,54,1,0,13,25,34,28346.0000,43.0000,221,217,5854,322288,8.5963,0.0000,413273219
1651.0000,33,56,1,0,13,23,35,28235.0000,27.0000,221,217,5854,322288,8.3430,0.0000,413511465
1652.0000,33,58,1,0,13,23,32,28326.0000,83.0000,221,217,5854,322288,9.8750,0.0000,413763367
1653.0000,32,58,1,0,14,26,34,28319.0000,67.0000,221,218,5856,322288,10.7750,0.0000,414012882
1654.0000,32,49,1,0,14,36,35,28636.0000,51.0000,221,218,5856,322288,11.5750,0.0000,414247397
1655.0000,32,49,1,0,13,38,33,27510.0000,657.0000,221,218,5856,322288,13.2750,0.0000,414484251
1656.0000,32,51,1,0,13,36,33,28754.0000,67.0000,221,218,5858,322288,10.3750,0.0000,414721516
1657.0000,32,53,1,0,13,34,33,29883.0000,51.0000,221,218,5858,322288,10.8750,0.0000,414959616
1658.0000,32,55,1,0,14,31,32,30496.0000,83.0000,221,218,5858,322288,9.7750,0.0000,415204378
1659.0000,31,57,1,0,14,32,30,29395.0000,126.0000,221,219,5858,322288,8.2750,0.0000,415438897
1660.0000,31,59,1,0,14,32,31,30461.0000,75.0000,221,219,5860,322288,7.4750,0.0000,415672399
1661.0000,31,61,1,0,14,32,33,30403.0000,59.0000,221,219,5862,322288,8.9750,0.0000,415910813
1662.0000,31,63,1,0,14,32,33,31375.0000,43.0000,221,219,5864,322288,8.6750,0.0000,416147988
1663.0000,31,64,1,0,15,33,34,31872.0000,27.0000,221,219,5864,322288,9.2750,0.0000,416388991
1664.0000,31,64,1,0,15,35,34,31712.0000,71.0000,221,219,5866,322288,11.5750,0.0000,416632082
1665.0000,31,64,1,0,15,37,36,31478.0000,493.0000,221,219,5866,322288,11.7750,0.0000,416868929
1666.0000,31,66,1,0,17,37,37,31486.0000,1006.0000,221,219,5868,322288,8.8750,0.0000,417105960
1667.0000,31,68,1,0,18,37,36,32712.0000,389.0000,221,219,5870,322288,10.0750,0.0000,417353567
1668.0000,31,70,1,0,18,37,40,33518.0000,79.0000,221,219,5872,322288,8.9750,0.0000,417585120
1669.0000,31,72,1,0,18,37,37,34131.0000,63.0000,221,219,5872,322288,8.3750,0.0000,417826898
1670.0000,31,74,1,0,18,37,38,34582.0000,83.0000,221,219,5872,322288,11.5750,0.0000,418050265
1671.0000,31,76,1,0,18,37,38,35544.0000,67.0000,221,219,5872,322288,11.4750,0.0000,418279697
1672.0000,30,76,1,0,18,40,41,35327.0000,63.0000,221,220,5874,322288,12.0750,0.0000,418506898
1673.0000,30,69,1,0,18,48,43,35978.0000,47.0000,221,220,5876,322288,11.4750,0.0000,418736047
1674.0000,36,63,1,0,18,48,36,36487.0000,31.0000,227,220,5876,322288,11.3750,0.0000,418972864
1675.0000,37,58,1,0,18,42,42,36457.0000,63.0000,228,220,5876,322288,7.3750,0.0000,419255832
1676.0000,37,56,1,0,18,43,43,38527.0000,47.0000,228,220,5876,322288,8.3750,0.0000,419529440
1677.0000,36,56,1,0,18,46,42,38770.0000,31.0000,228,221,5876,322288,10.8750,0.0000,419801187
1678.0000,36,55,1,0,17,49,43,39391.0000,51.0000,228,221,5878,322288,9.2750,0.0000,420064364
1679.0000,36,55,1,0,17,51,44,38943.0000,83.0000,228,221,5880,322288,9.4750,0.0000,420330863
1680.0000,37,55,1,0,17,52,45,41030.0000,67.0000,229,221,5884,322288,8.5750,0.0000,420606371
1681.0000,37,57,1,0,16,52,47,43039.0000,63.0000,229,221,5884,322288,8.5750,0.0000,420879046
1682.0000,38,57,1,0,13,53,49,43365.0000,47.0000,230,221,5886,322288,9.1750,0.0000,421161533
1683.0000,41,55,1,0,14,55,44,42655.0000,23.0000,233,221,5888,322288,10.5750,0.0000,421451704
1684.0000,40,55,1,0,15,59,47,41431.0000,35.0000,233,222,5888,322288,11.0750,0.0000,421730713
1685.0000,40,56,1,0,15,57,48,40999.0000,11.0000,233,222,5890,322288,10.9750,0.0000,422025187
1686.0000,39,55,1,0,14,58,44,40055.0000,3.0000,233,223,5892,322288,11.8750,0.0000,422312242
1687.0000,39,57,1,0,14,58,44,40459.0000,154.0000,233,223,5896,322288,9.6750,0.0000,422588366
1688.0000,40,59,1,0,14,57,42,41136.0000,47.0000,234,223,5898,322288,12.3750,0.0000,422868408
1689.0000,39,62,1,0,14,58,45,40867.0000,23.0000,234,224,5900,322288,15.0750,0.0000,423162389
1690.0000,39,64,1,0,14,58,47,41622.0000,67.0000,234,224,5900,322288,13.9750,0.0000,423448966
1691.0000,39,65,1,0,14,59,51,42689.0000,51.0000,234,224,5902,322288,13.6750,0.0000,423723799
1692.0000,39,67,1,0,14,59,50,44002.0000,71.0000,234,224,5902,322288,12.5750,0.0000,423999167
1693.0000,39,69,1,0,14,57,51,45205.0000,67.0000,234,224,5902,322288,12.6750,0.0000,424275255
1694.0000,39,71,1,0,13,48,49,46333.0000,63.0000,234,224,5908,322288,13.7750,0.0000,424554362
1695.0000,39,73,1,0,13,46,47,45798.0000,71.0000,234,224,5908,322288,13.7750,0.0000,424835912
1696.0000,39,75,1,0,13,40,51,45801.0000,899.0000,234,224,5910,322288,15.3750,1.5507,425120231
1697.0000,39,77,1,0,13,37,50,47489.0000,87.0000,234,224,5912,322288,15.1750,0.0000,425406905
1698.0000,39,79,1,0,13,34,51,45178.0000,71.0000,234,224,5916,322288,15.5750,0.0000,425699692
1699.0000,39,81,1,0,13,31,54,47231.0000,326.0000,234,224,5916,322288,14.6750,0.0000,425976780
1700.0000,39,83,1,0,13,29,53,50389.0000,51.0000,234,224,5916,322288,12.4750,0.0000,426247184
1701.0000,44,78,1,0,13,31,49,50398.0000,27.0000,239,224,5916,322288,18.2750,0.0000,426546470
1702.0000,45,64,1,0,13,47,48,50737.0000,3.0000,240,224,5918,322288,17.5750,0.0000,426862439
1703.0000,44,54,1,0,13,57,45,50783.0000,3.0000,240,225,5918,322288,13.9750,0.0000,427176191
1704.0000,49,48,1,0,15,57,43,52976.0000,37.0000,245,225,5922,322288,13.6750,0.0000,427518173
1705.0000,49,44,1,0,15,62,42,50621.0000,13.0000,245,225,5924,322288,17.4750,0.0000,427878477
1706.0000,49,44,1,0,15,61,41,48976.0000,39.0000,245,225,5926,322288,13.5750,0.0000,428232188
1707.0000,49,47,1,0,16,59,43,50784.0000,15.0000,245,225,5930,322288,12.8750,0.0000,428582193
1708.0000,49,47,1,0,16,60,41,48670.0000,7.0000,245,225,5932,322288,15.5750,0.0000,428944639
1709.0000,49,47,1,0,16,61,42,49524.0000,11.0000,245,225,5934,322288,12.1750,0.0000,429295700
1710.0000,49,46,1,0,15,63,41,49700.0000,3.0000,245,225,5936,322288,10.7750,0.0000,429644763
1711.0000,49,44,1,0,15,65,41,49526.0000,3.0000,245,225,5940,322288,11.3750,0.0000,430004789
1712.0000,49,42,1,0,15,67,39,48851.0000,3.0000,245,225,5940,322288,12.3750,0.0000,430354906
1713.0000,49,40,1,0,15,68,42,48015.0000,3.0000,245,225,5940,322288,12.8750,0.0000,430715446
1714.0000,49,35,1,0,15,74,42,46795.0000,319.0000,245,225,5940,322288,15.9750,1.3568,431077485
1715.0000,49,38,1,0,16,74,42,46771.0000,19.0000,245,225,5942,322288,15.7750,0.0000,431424991
1716.0000,49,40,1,0,16,74,43,46225.0000,3.0000,245,225,5942,322288,16.8750,0.0969,431779244
1717.0000,49,40,1,0,16,73,45,45768.0000,3.0000,245,225,5944,322288,15.3750,0.0000,432142534
1718.0000,48,43,1,0,16,73,43,44502.0000,27.0000,245,226,5944,322288,15.1750,0.0000,432493879
1719.0000,50,44,1,0,16,72,41,44532.0000,3.0000,247,226,5944,322288,13.6750,0.0000,432850342
1720.0000,50,45,1,0,16,72,45,44334.0000,19.0000,247,226,5946,322288,14.3750,0.0000,433210730
1721.0000,50,47,1,0,16,71,42,44286.0000,3.0000,247,226,5948,322288,12.5750,0.0000,433583743
1722.0000,50,46,1,0,16,72,40,43223.0000,32.0000,247,226,5950,322288,16.3750,0.0000,433935441
1723.0000,50,48,1,0,17,57,42,44133.0000,8.0000,247,226,5950,322288,15.0750,0.0000,434299492
1724.0000,51,48,1,0,16,47,46,45786.0000,0.0000,248,226,5950,322288,12.7750,0.0000,434665134
1725.0000,51,47,1,0,16,45,45,47024.0000,0.0000,248,226,5952,322288,12.3750,0.0000,435018543
1726.0000,51,46,1,0,16,39,41,45835.0000,0.0000,248,226,5954,322288,13.4750,0.0000,435391908
1727.0000,53,32,1,0,16,49,42,46189.0000,0.0000,250,226,5954,322288,11.3750,0.0000,435773103
1728.0000,56,26,1,0,16,55,45,47807.0000,761.0000,253,226,5954,322288,12.5750,0.0000,436199110
1729.0000,58,27,1,0,14,54,42,49056.0000,579.0000,255,226,5956,322288,12.7750,0.2908,436628379
1730.0000,58,29,1,0,14,53,40,46475.0000,667.0000,255,226,5958,322288,15.0750,0.3877,437073774
1731.0000,58,32,1,0,13,51,43,43931.0000,1115.0000,255,226,5958,322288,12.0750,0.0000,437511063
1732.0000,58,35,1,0,13,48,45,44862.0000,1373.0000,255,226,5958,322288,10.8750,0.0000,437928917
1733.0000,58,38,1,0,13,46,44,45682.0000,1299.0000,255,226,5958,322288,12.3750,0.0000,438359981
1734.0000,58,41,1,0,13,44,42,46334.0000,1380.0000,255,226,5960,322288,14.2750,0.4846,438792685
1735.0000,58,44,1,0,12,36,39,44341.0000,916.0000,255,226,5962,322288,16.5750,0.0000,439237768
1736.0000,58,47,1,0,12,35,36,44659.0000,1014.0000,255,226,5962,322288,15.9750,0.0000,439663660
1737.0000,57,50,1,0,12,36,37,44780.0000,427.0000,255,227,5966,322288,14.5750,0.0000,440098733
1738.0000,57,50,1,0,12,36,36,45419.0000,0.0000,255,227,5968,322288,13.1750,1.1630,440521705
1739.0000,57,52,1,0,12,36,37,43995.0000,104.0000,255,227,5970,322288,14.1750,0.0000,440937625
1740.0000,57,55,1,0,12,36,37,43588.0000,8.0000,255,227,5972,322288,14.8750,0.0000,441369289
1741.0000,56,56,1,0,12,37,37,41806.0000,0.0000,255,228,5972,322288,13.8750,0.0000,441803007
1742.0000,56,56,1,0,12,37,37,41834.0000,0.0000,255,228,5974,322288,14.6750,0.0969,442229135
1743.0000,56,57,1,0,12,34,33,40906.0000,8.0000,255,228,5974,322288,11.8750,0.2908,442654012
1744.0000,56,58,1,0,12,33,34,39500.0000,0.0000,255,228,5976,322288,12.4750,0.0000,443081277
1745.0000,56,43,1,0,12,47,34,40995.0000,0.0000,255,228,5978,322288,10.2750,0.0000,443483753
1746.0000,55,40,1,0,13,50,35,42106.0000,0.0000,255,229,5980,322288,12.0750,0.0000,443902704
1747.0000,54,36,1,0,14,53,34,43242.0000,0.0000,255,230,5984,322288,11.8750,0.0000,444313756
1748.0000,52,28,1,0,14,56,35,44301.0000,0.0000,255,232,5988,322288,17.0750,0.0000,444712308
1749.0000,52,27,1,0,14,46,35,43725.0000,94.0000,255,232,5992,322288,18.8750,0.0000,445080459
1750.0000,52,30,1,0,13,46,37,44634.0000,853.0000,255,232,5992,322288,15.5750,0.0000,445461402
1751.0000,51,33,1,0,15,47,34,43271.0000,318.0000,255,233,5996,322288,16.3750,0.0000,445853972
1752.0000,51,35,1,0,14,47,36,42385.0000,5.0000,255,233,5998,322288,14.1750,0.0000,446236808
1753.0000,51,35,1,0,13,47,37,40357.0000,5.0000,255,233,6000,322288,14.6750,0.3877,446616834
1754.0000,51,35,1,0,13,47,35,40264.0000,5.0000,255,233,6002,322288,13.4750,0.0000,446999668
1755.0000,51,37,1,0,13,47,34,39986.0000,13.0000,255,233,6004,322288,14.5750,0.0000,447389346
1756.0000,51,39,1,0,13,48,31,39002.0000,13.0000,255,233,6008,322288,15.1750,0.0000,447778002
1757.0000,51,31,1,0,14,56,29,37432.0000,5.0000,255,233,6012,322288,16.0750,2.5198,448153088
1758.0000,51,29,1,0,14,59,32,37837.0000,175.0000,255,233,6016,322288,16.6750,0.0000,448539699
1759.0000,51,31,1,0,14,59,29,37849.0000,5.0000,255,233,6018,322288,14.3750,0.0000,448936577
1760.0000,51,31,1,0,14,59,30,37605.0000,5.0000,255,233,6020,322288,16.3750,0.0000,449329544
1761.0000,51,31,1,0,14,59,28,37344.0000,5.0000,255,233,6022,322288,15.7750,0.0000,449730067
1762.0000,51,32,1,0,15,59,29,36961.0000,325.0000,255,233,6026,322288,15.3750,0.0969,450121818
1763.0000,51,35,1,0,15,59,29,36732.0000,21.0000,255,233,6028,322288,11.8750,0.0000,450520789
1764.0000,51,37,1,0,17,59,28,36418.0000,5.0000,255,233,6030,322288,11.5750,0.0000,450919499
1765.0000,50,37,1,0,16,60,26,35622.0000,5.0000,255,234,6034,322288,10.6750,0.0000,451309396
1766.0000,50,37,1,0,16,46,28,34966.0000,27.0000,255,234,6036,322288,12.0293,0.0000,451696637
1767.0000,50,37,1,0,16,46,28,34231.0000,3.0000,255,234,6040,322288,11.2873,0.0000,452089560
1768.0000,50,30,1,0,16,48,27,34226.0000,3.0000,255,234,6040,322288,8.5637,0.0000,452480559
1769.0000,50,28,1,0,16,42,29,34147.0000,3.0000,255,234,6042,322288,8.0889,0.0000,452868866
1770.0000,50,27,1,0,16,41,27,34261.0000,3.0000,255,234,6042,322288,9.5280,0.0000,453268154
1771.0000,50,28,1,0,15,42,27,34819.0000,23.0000,255,234,6046,322288,10.4280,0.0000,453647536
1772.0000,50,29,1,0,14,43,27,34839.0000,7.0000,255,234,6048,322288,11.2280,0.0000,454038169
1773.0000,50,27,1,0,14,44,26,33306.0000,7.0000,255,234,6056,322288,12.9280,0.0000,454442754
1774.0000,50,23,1,0,15,48,25,34271.0000,7.0000,255,234,6056,322288,10.0280,0.0000,454819711
1775.0000,50,21,1,0,17,50,26,35312.0000,7.0000,255,234,6060,322288,10.5280,0.0000,455204328
1776.0000,50,16,1,0,18,55,30,36216.0000,7.0000,255,234,6062,322288,9.4280,0.0000,455594210
1777.0000,50,18,1,0,18,54,29,35727.0000,173.0000,255,234,6062,322288,7.9280,0.0000,455980861
1778.0000,50,20,1,0,17,45,30,36919.0000,59.0000,255,234,6066,322288,7.1280,0.0000,456364195
1779.0000,50,23,1,0,17,42,29,36598.0000,668.0000,255,234,6068,322288,8.6280,0.0000,456754764
1780.0000,50,26,1,0,17,41,26,37603.0000,397.0000,255,234,6070,322288,8.3280,0.0000,457132257
1781.0000,49,26,1,0,16,42,29,37689.0000,212.0000,255,235,6070,322288,8.9280,0.0000,457509997
1782.0000,48,26,1,0,17,42,26,36837.0000,29.0000,255,236,6070,322288,11.2280,0.0000,457878952
1783.0000,48,26,1,0,16,42,29,36668.0000,0.0000,255,236,6072,322288,11.4280,0.0000,458257391
1784.0000,48,26,1,0,16,42,27,36494.0000,0.0000,255,236,6072,322288,8.5280,0.0000,458639688
1785.0000,48,26,1,0,15,41,30,37742.0000,0.0000,255,236,6072,322288,9.7280,0.0000,459019190
1786.0000,48,26,1,0,15,42,30,38308.0000,971.0000,255,236,6072,322288,8.6280,0.0000,459369508
1787.0000,47,29,1,0,16,42,28,38203.0000,624.0000,255,237,6072,322288,8.0280,0.0000,459737297
1788.0000,47,32,1,0,16,40,31,38632.0000,124.0000,255,237,6072,322288,11.2280,0.0000,460091998
1789.0000,47,35,1,0,16,32,31,39601.0000,28.0000,255,237,6078,322288,11.1280,0.0000,460437707
1790.0000,47,38,1,0,16,30,33,40004.0000,4.0000,255,237,6080,322288,11.7280,0.0000,460779402
1791.0000,47,39,1,0,16,29,34,40937.0000,20.0000,255,237,6082,322288,11.1280,0.0000,461129086
1792.0000,47,41,1,0,15,28,35,41421.0000,4.0000,255,237,6082,322288,11.0280,0.0000,461475494
1793.0000,46,41,1,0,16,29,35,40515.0000,4.0000,255,238,6082,322288,7.0280,0.0000,461816317
1794.0000,46,34,1,0,17,33,35,42030.0000,4.0000,255,238,6084,322288,8.0280,0.0000,462155802
1795.0000,46,33,1,0,17,31,36,42114.0000,4.0000,255,238,6086,322288,10.5280,0.0000,462492794
1796.0000,46,27,1,0,17,36,37,42175.0000,4.0000,255,238,6086,322288,8.9280,0.0000,462839313
1797.0000,45,23,1,0,16,36,40,41127.0000,276.0000,255,239,6090,322288,9.1280,0.0000,463171078
1798.0000,45,26,1,0,16,35,43,42650.0000,107.0000,255,239,6090,322288,8.2280,0.0000,463498416
1799.0000,45,27,1,0,16,34,43,44257.0000,0.0000,255,239,6092,322288,8.2280,0.0000,463815660
1800.0000,45,29,1,0,16,34,43,44628.0000,465.0000,255,239,6094,322288,8.8280,0.0000,464150193
1801.0000,45,32,1,0,16,34,42,44612.0000,1047.0000,255,239,6096,322288,10.2280,0.0000,464474872
1802.0000,45,35,1,0,16,34,41,44477.0000,831.0000,255,239,6100,322288,10.7280,0.0000,464815759
1803.0000,45,38,1,0,16,34,45,44827.0000,479.0000,255,239,6100,322288,10.6280,0.0000,465148537
1804.0000,45,41,1,0,16,34,47,45070.0000,361.0000,255,239,6100,322288,11.5280,0.0000,465475813
1805.0000,45,44,1,0,16,34,49,46716.0000,494.0000,255,239,6104,322288,9.3280,0.0000,465804928
1806.0000,45,47,1,0,16,34,50,48690.0000,40.0000,255,239,6104,322288,12.0280,0.0000,466125013
1807.0000,45,50,1,0,16,33,50,49789.0000,16.0000,255,239,6104,322288,14.7280,0.0000,466456121
1808.0000,45,53,1,0,17,33,51,51373.0000,731.0000,255,239,6106,322288,13.6280,0.0000,466773009
1809.0000,45,56,1,0,17,33,53,52874.0000,75.0000,255,239,6106,322288,13.3280,0.0000,467090510
1810.0000,45,59,1,0,16,33,52,54451.0000,52.0000,255,239,6106,322288,12.2280,0.0000,467410794
1811.0000,45,62,1,0,14,33,54,55501.0000,52.0000,255,239,6108,322288,12.3280,0.0000,467730692
1812.0000,45,65,1,0,15,33,52,55734.0000,28.0000,255,239,6108,322288,13.4280,0.0000,468043904
1813.0000,45,68,1,0,13,33,55,54769.0000,774.0000,255,239,6110,322288,13.4280,0.0000,468380754
1814.0000,45,71,1,0,13,32,51,53808.0000,40.0000,255,239,6118,322288,15.0280,1.6726,468698655
1815.0000,45,74,1,0,13,25,53,54622.0000,76.0000,255,239,6122,322288,14.8280,0.0000,469018659
1816.0000,45,76,1,0,14,25,52,51593.0000,52.0000,255,239,6124,322288,15.2280,0.0000,469364613
1817.0000,45,79,1,0,14,20,55,52757.0000,351.0000,255,239,6124,322288,14.3280,0.0000,469689502
1818.0000,45,80,1,0,14,16,53,54950.0000,40.0000,255,239,6126,322288,12.1280,0.0000,470001368
1819.0000,45,78,1,0,14,21,51,54362.0000,194.0000,255,239,6130,322288,17.9280,0.0000,470312716
1820.0000,44,78,1,0,15,25,53,54329.0000,76.0000,255,240,6130,322288,17.2280,0.0000,470630683
1821.0000,44,79,1,0,14,27,53,54970.0000,52.0000,255,240,6130,322288,13.6280,0.0000,470931760
1822.0000,43,81,1,0,14,29,55,55536.0000,28.0000,255,241,6132,322288,13.3280,0.0000,471252087
1823.0000,43,82,1,0,14,31,53,52536.0000,40.0000,255,241,6136,322288,17.1280,0.0000,471562549
1824.0000,43,80,1,0,14,36,53,50260.0000,16.0000,255,241,6136,322288,13.2280,0.0000,471875779
1825.0000,43,68,1,0,14,50,47,51524.0000,0.0000,255,241,6136,322288,12.5280,0.0000,472170875
1826.0000,43,64,1,0,14,54,47,49126.0000,0.0000,255,241,6136,322288,15.2280,0.0000,472480586
1827.0000,43,61,1,0,14,57,50,50538.0000,0.0000,255,241,6140,322288,11.8280,0.0000,472777557
1828.0000,43,53,1,0,14,66,52,51857.0000,13.0000,255,241,6142,322288,10.4280,0.0000,473076420
1829.0000,43,53,1,0,14,67,53,53347.0000,5.0000,255,241,6144,322288,11.0280,0.0000,473376612
1830.0000,43,52,1,0,13,68,55,53086.0000,5.0000,255,241,6146,322288,12.0280,0.0000,473687840
1831.0000,43,50,1,0,13,70,55,51931.0000,5.0000,255,241,6146,322288,12.5280,0.0000,473997241
1832.0000,43,48,1,0,12,72,49,50228.0000,5.0000,255,241,6146,322288,15.6280,1.4635,474301298
1833.0000,43,39,1,0,12,81,48,49746.0000,5.0000,255,241,6146,322288,15.4280,0.0000,474622626
1834.0000,42,38,1,0,13,83,50,48060.0000,83.0000,255,242,6148,322288,16.5280,0.1045,474931017
1835.0000,42,41,1,0,12,83,50,47171.0000,907.0000,255,242,6148,322288,15.0280,0.0000,475246602
1836.0000,45,41,1,0,12,83,49,45884.0000,379.0000,258,242,6150,322288,14.8280,0.0000,475570735
1837.0000,48,41,1,0,13,81,46,45336.0000,57.0000,261,242,6152,322288,13.3280,0.0000,475921575
1838.0000,48,44,1,0,13,81,46,44581.0000,33.0000,261,242,6152,322288,14.0280,0.0000,476275532
1839.0000,48,47,1,0,13,79,41,43698.0000,9.0000,261,242,6152,322288,12.2280,0.0000,476628377
1840.0000,48,48,1,0,13,74,40,42037.0000,1.0000,261,242,6152,322288,16.0280,0.0000,476985269
1841.0000,49,44,1,0,14,74,38,42150.0000,1.0000,262,242,6154,322288,14.7280,0.0000,477360807
1842.0000,49,22,1,0,13,94,38,42478.0000,1.0000,263,243,6154,322288,12.4280,0.0000,477734590
1843.0000,50,21,1,0,13,91,36,43021.0000,1.0000,264,243,6158,322288,12.0280,0.0000,478107448
1844.0000,52,19,1,0,13,87,32,41740.0000,1.0000,266,243,6160,322288,13.1280,0.0000,478500193
1845.0000,52,18,1,0,14,84,35,41625.0000,1.0000,266,243,6162,322288,11.0280,0.0000,478903956
1846.0000,52,17,1,0,14,70,36,42516.0000,1.0000,266,243,6166,322288,12.2280,0.0000,479300855
1847.0000,52,17,1,0,14,66,35,42784.0000,1.0000,266,243,6170,322288,12.4280,0.3136,479690111
1848.0000,52,17,1,0,14,63,32,40527.0000,1.0000,266,243,6174,322288,14.7280,0.4182,480079922
1849.0000,52,17,1,0,14,53,31,38266.0000,1.0000,266,243,6176,322288,11.7280,0.0000,480482470
1850.0000,52,18,1,0,15,52,39,39189.0000,1084.0000,266,243,6178,322288,10.5280,0.0000,480874524
1851.0000,52,21,1,0,15,51,34,40343.0000,1141.0000,266,243,6182,322288,12.0280,0.0000,481274543
1852.0000,52,24,1,0,16,50,36,41319.0000,757.0000,266,243,6182,322288,13.9280,0.5227,481668718
1853.0000,52,27,1,0,16,47,35,39769.0000,837.0000,266,243,6182,322288,16.2280,0.0000,482075810
1854.0000,52,30,1,0,16,38,36,40827.0000,646.0000,266,243,6182,322288,15.6280,0.0000,482485752
1855.0000,51,33,1,0,16,37,35,41809.0000,951.0000,266,244,6184,322288,14.2280,0.0000,482871768
1856.0000,51,36,1,0,15,37,32,42887.0000,521.0000,266,244,6188,322288,12.8280,1.2545,483250052
1857.0000,49,38,1,0,15,39,34,40466.0000,54.0000,266,246,6188,322288,13.8280,0.0000,483622121
1858.0000,48,38,1,0,14,40,33,39721.0000,1.0000,266,247,6188,322288,14.5280,0.0000,483995675
1859.0000,48,38,1,0,15,40,31,38388.0000,1.0000,266,247,6192,322288,13.5280,0.0000,484356034
1860.0000,48,38,1,0,15,40,33,38266.0000,1.0000,266,247,6192,322288,14.3280,0.1045,484714271
1861.0000,48,38,1,0,15,39,32,37284.0000,1.0000,266,247,6194,322288,11.5280,0.3136,485074027
1862.0000,48,39,1,0,15,36,33,35964.0000,59.0000,266,247,6194,322288,12.1280,0.0000,485435788
1863.0000,48,39,1,0,16,18,38,37501.0000,35.0000,266,247,6194,322288,9.9280,0.0000,485789597
1864.0000,48,42,1,0,16,18,37,39148.0000,11.0000,266,247,6202,322288,11.7280,0.0000,486157284
1865.0000,47,43,1,0,16,19,36,40602.0000,3.0000,266,248,6206,322288,11.5280,0.0000,486516873
1866.0000,47,43,1,0,16,19,35,42534.0000,3.0000,266,248,6208,322288,16.7280,0.0000,486865299
1867.0000,47,29,1,0,16,31,35,41951.0000,3.0000,266,248,6214,322288,18.5280,0.0000,487212708
1868.0000,47,31,1,0,16,31,35,43391.0000,900.0000,266,248,6214,322288,15.2280,0.0000,487554691
1869.0000,47,34,1,0,15,31,35,43334.0000,407.0000,266,248,6216,322288,16.0280,0.0000,487899809
1870.0000,47,37,1,0,15,31,37,42952.0000,487.0000,266,248,6222,322288,13.8280,0.0000,488253824
1871.0000,47,40,1,0,15,31,35,41157.0000,32.0000,266,248,6224,322288,14.3280,0.4182,488612950
1872.0000,47,43,1,0,15,31,36,42200.0000,69.0000,266,248,6226,322288,13.1280,0.0000,488944593
1873.0000,47,46,1,0,16,31,34,42638.0000,20.0000,266,248,6226,322288,14.2280,0.0000,489291958
1874.0000,47,48,1,0,16,31,34,42012.0000,4.0000,266,248,6226,322288,14.8280,0.0000,489639004
1875.0000,47,48,1,0,16,31,34,40511.0000,4.0000,266,248,6226,322288,15.7280,2.7180,490000435
1876.0000,47,48,1,0,16,31,38,41938.0000,4.0000,266,248,6230,322288,16.3280,0.0000,490343745
1877.0000,47,47,1,0,16,33,40,42933.0000,36.0000,266,248,6232,322288,14.0280,0.0000,490681034
1878.0000,47,48,1,0,17,34,40,43350.0000,12.0000,266,248,6232,322288,16.0280,0.0000,491033842
1879.0000,47,48,1,0,17,35,40,43358.0000,4.0000,266,248,6236,322288,15.4280,0.0000,491377443
1880.0000,47,44,1,0,17,39,40,42933.0000,4.0000,266,248,6242,322288,15.0280,0.1045,491723916
1881.0000,47,40,1,0,17,43,39,42574.0000,4.0000,266,248,6246,322288,11.5280,0.0000,492082833
1882.0000,47,42,1,0,17,44,40,41986.0000,40.0000,266,248,6246,322288,11.2280,0.0000,492429796
1883.0000,46,45,1,0,17,45,41,40969.0000,40.0000,266,249,6248,322288,10.3280,0.0000,492779459
1884.0000,46,48,1,0,17,42,41,40117.0000,16.0000,266,249,6248,322288,11.7443,0.0000,493109014
1885.0000,46,51,1,0,17,42,39,39348.0000,40.0000,266,249,6250,322288,11.1501,0.0000,493436508
1886.0000,46,54,1,0,17,41,40,39347.0000,16.0000,266,249,6250,322288,8.6031,0.0000,493782535
1887.0000,45,56,1,0,18,42,37,38627.0000,0.0000,266,250,6250,322288,8.2762,0.0000,494117297
1888.0000,45,55,1,0,18,29,41,38558.0000,0.0000,266,250,6252,322288,9.7773,0.0000,494444768
1889.0000,45,51,1,0,17,32,40,38967.0000,0.0000,266,250,6254,322288,10.6773,0.0000,494778580
1890.0000,45,39,1,0,17,47,43,39032.0000,27.0000,266,250,6256,322288,11.4773,0.0000,495108984
1891.0000,45,38,1,0,19,51,40,37390.0000,3.0000,266,250,6256,322288,13.1773,0.0000,495447217
1892.0000,45,37,1,0,19,52,45,38838.0000,3.0000,266,250,6260,322288,10.2773,0.0000,495770578
1893.0000,45,39,1,0,19,51,46,40205.0000,138.0000,266,250,6262,322288,10.7773,0.0000,496086810
1894.0000,44,42,1,0,19,52,43,40560.0000,541.0000,266,251,6266,322288,9.6773,0.0000,496408214
1895.0000,44,45,1,0,19,52,43,39718.0000,484.0000,266,251,6266,322288,8.1773,0.0000,496733075
1896.0000,44,48,1,0,19,52,45,40975.0000,137.0000,266,251,6266,322288,7.3773,0.0000,497056792
1897.0000,44,49,1,0,18,52,46,40830.0000,3.0000,266,251,6268,322288,8.8773,0.0000,497363431
1898.0000,44,49,1,0,18,50,49,42285.0000,3.0000,266,251,6272,322288,8.5773,0.0000,497690991
1899.0000,44,49,1,0,18,47,46,42957.0000,3.0000,266,251,6278,322288,9.1773,0.0000,498022642
1900.0000,43,49,1,0,17,48,46,42251.0000,3.0000,266,252,6280,322288,11.4773,0.0000,498355573
1901.0000,43,51,1,0,17,44,45,41876.0000,39.0000,266,252,6280,322288,11.6773,0.0000,498664878
1902.0000,43,53,1,0,17,42,46,41792.0000,15.0000,266,252,6280,322288,8.7773,0.0000,498978852
1903.0000,43,54,1,0,17,40,48,43465.0000,7.0000,266,252,6286,322288,9.9773,0.0000,499288008
1904.0000,42,53,1,0,17,42,50,44076.0000,7.0000,266,253,6286,322288,8.8773,0.0000,499578000
1905.0000,41,49,1,0,16,47,49,44614.0000,7.0000,266,254,6288,322288,8.2773,0.0000,499886212
1906.0000,41,44,1,0,15,54,51,45231.0000,27.0000,266,254,6290,322288,11.4773,0.0000,500179621
1907.0000,41,47,1,0,15,54,53,46130.0000,62.0000,266,254,6292,322288,11.3773,0.0000,500472332
1908.0000,41,50,1,0,14,54,52,45957.0000,3.0000,266,254,6294,322288,11.9773,0.0000,500768942
1909.0000,41,50,1,0,14,53,52,46026.0000,3.0000,266,254,6296,322288,11.3773,0.0000,501061203
1910.0000,41,50,1,0,13,49,51,45809.0000,3.0000,266,254,6300,322288,11.2773,0.0000,501361587
1911.0000,39,50,1,0,14,36,50,43828.0000,3.0000,266,256,6300,322288,7.2773,0.0000,501662357
1912.0000,39,49,1,0,14,33,52,44933.0000,3.0000,266,256,6300,322288,8.2773,0.0000,501944831
1913.0000,39,39,1,0,14,44,53,44719.0000,253.0000,266,256,6304,322288,10.7773,0.0000,502233462
1914.0000,37,41,1,0,13,46,53,43508.0000,43.0000,266,258,6306,322288,9.1773,0.0000,502512492
1915.0000,37,43,1,0,14,46,53,42276.0000,27.0000,266,258,6310,322288,9.3773,0.0000,502784552
1916.0000,36,45,1,0,14,46,53,42706.0000,35.0000,266,259,6312,322288,8.4773,0.0000,503046601
1917.0000,35,47,1,0,14,47,49,43112.0000,19.0000,266,260,6312,322288,8.4773,0.0000,503304423
1918.0000,37,47,1,0,15,46,50,42929.0000,3.0000,268,260,6314,322288,9.0773,0.0000,503577759
1919.0000,42,33,1,0,14,55,46,42516.0000,3.0000,274,261,6316,322288,10.4773,0.0000,503869409
1920.0000,42,31,1,0,14,58,45,41893.0000,31.0000,274,261,6318,322288,10.9773,0.0000,504185793
1921.0000,42,32,1,0,13,60,45,41663.0000,7.0000,274,261,6322,322288,10.8773,0.0000,504501174
1922.0000,42,32,1,0,14,60,42,41025.0000,622.0000,274,261,6324,322288,11.7773,0.0000,504810550
1923.0000,42,35,1,0,15,60,44,41457.0000,522.0000,274,261,6328,322288,9.5773,0.0000,505126427
1924.0000,42,38,1,0,15,59,44,42358.0000,931.0000,274,261,6330,322288,12.2773,0.0000,505442350
1925.0000,41,41,1,0,15,60,44,42251.0000,555.0000,274,262,6332,322288,14.9773,0.0000,505758548
1926.0000,39,44,1,0,15,58,45,42081.0000,189.0000,274,264,6332,322288,13.8773,0.0000,506062284
1927.0000,39,46,1,0,14,50,44,42951.0000,636.0000,274,264,6332,322288,13.5773,0.0000,506353584
1928.0000,39,48,1,0,14,50,44,43559.0000,253.0000,274,264,6332,322288,12.4773,0.0000,506640707
1929.0000,39,50,1,0,13,50,38,43824.0000,226.0000,274,264,6332,322288,12.5773,0.0000,506936247
1930.0000,39,52,1,0,13,49,41,43998.0000,55.0000,274,264,6332,322288,13.6773,0.0000,507231496
1931.0000,39,54,1,0,13,49,39,43306.0000,39.0000,274,264,6334,322288,13.6773,0.0000,507525295
1932.0000,39,56,1,0,13,49,39,43090.0000,23.0000,274,264,6334,322288,15.2773,1.7243,507811838
1933.0000,39,57,1,0,13,49,41,44463.0000,7.0000,274,264,6336,322288,15.0773,0.0000,508109101
1934.0000,39,55,1,0,13,39,40,42269.0000,7.0000,274,264,6336,322288,15.4773,0.0000,508408742
1935.0000,38,35,1,0,14,60,46,43628.0000,7.0000,274,265,6338,322288,14.5773,0.0000,508696805
1936.0000,38,35,1,0,14,61,48,46600.0000,237.0000,274,265,6338,322288,12.3773,0.0000,508982075
1937.0000,37,37,1,0,13,62,46,46090.0000,31.0000,274,266,6340,322288,18.1773,0.0000,509256341
1938.0000,37,39,1,0,14,61,45,46687.0000,15.0000,274,266,6340,322288,17.4773,0.0000,509534583
1939.0000,36,41,1,0,14,62,45,47148.0000,35.0000,274,267,6340,322288,13.8773,0.0000,509804944
1940.0000,36,43,1,0,13,54,43,48658.0000,19.0000,274,267,6344,322288,13.5773,0.0000,510081736
1941.0000,36,42,1,0,14,54,43,46033.0000,39.0000,274,267,6348,322288,17.3773,0.0000,510361222
1942.0000,36,43,1,0,15,53,48,44181.0000,47.0000,274,267,6350,322288,13.4773,0.0000,510627239
1943.0000,37,44,1,0,15,52,48,45619.0000,31.0000,275,267,6350,322288,12.7773,0.0000,510909505
1944.0000,37,46,1,0,15,52,46,43613.0000,15.0000,275,267,6350,322288,15.4773,0.0000,511184847
1945.0000,37,45,1,0,15,54,45,45053.0000,7.0000,275,267,6350,322288,12.0773,0.0000,511467557
1946.0000,37,43,1,0,15,56,46,46237.0000,7.0000,275,267,6352,322288,10.6773,0.0000,511750083
1947.0000,37,25,1,0,14,74,45,47692.0000,7.0000,275,267,6354,322288,11.2773,0.0000,512023136
1948.0000,39,21,1,0,14,76,44,47542.0000,7.0000,277,267,6354,322288,12.2773,0.0000,512312430
1949.0000,39,23,1,0,11,76,48,46797.0000,127.0000,277,267,6354,322288,12.7773,0.0000,512594986
1950.0000,39,24,1,0,11,76,48,44977.0000,7.0000,277,267,6354,322288,15.8773,1.5087,512887927
1951.0000,39,24,1,0,12,76,48,44393.0000,7.0000,277,267,6356,322288,15.6773,0.0000,513171873
1952.0000,39,26,1,0,12,75,47,43446.0000,681.0000,277,267,6358,322288,16.7773,0.1078,513450184
1953.0000,39,28,1,0,11,75,46,42535.0000,373.0000,277,267,6364,322288,15.2773,0.0000,513722498
1954.0000,38,30,1,0,12,73,47,40655.0000,39.0000,277,268,6364,322288,15.0773,0.0000,514002720
1955.0000,38,32,1,0,12,70,44,39976.0000,23.0000,277,268,6364,322288,13.5773,0.0000,514290694
1956.0000,36,34,1,0,12,52,46,38405.0000,7.0000,277,270,6364,322288,14.2773,0.0000,514558947
1957.0000,35,34,1,0,12,52,43,37645.0000,7.0000,277,271,6364,322288,12.4773,0.0000,514821130
1958.0000,35,32,1,0,12,54,40,36493.0000,7.0000,277,271,6364,322288,16.2773,0.0000,515093950
1959.0000,35,21,1,0,12,65,38,36900.0000,7.0000,277,271,6366,322288,14.9773,0.0000,515353183
1960.0000,35,16,1,0,13,70,38,37940.0000,7.0000,277,271,6372,322288,12.6773,0.0000,515626582
1961.0000,35,14,1,0,13,71,39,38942.0000,7.0000,277,271,6372,322288,12.2773,0.0000,515889268
1962.0000,35,13,1,0,13,70,38,37765.0000,7.0000,277,271,6374,322288,13.3773,0.0000,516147105
1963.0000,35,13,1,0,13,68,39,38189.0000,7.0000,277,271,6376,322288,11.2773,0.0000,516403517
1964.0000,35,13,1,0,14,68,39,39784.0000,805.0000,277,271,6378,322288,12.4773,0.0000,516670236
1965.0000,35,15,1,0,14,68,40,40898.0000,1082.0000,277,271,6378,322288,12.6773,0.3233,516937004
1966.0000,35,17,1,0,15,66,39,38586.0000,898.0000,277,271,6384,322288,14.9773,0.4311,517202199
1967.0000,35,19,1,0,16,64,38,36227.0000,706.0000,277,271,6386,322288,11.9773,0.0000,517457577
1968.0000,35,21,1,0,16,46,39,37416.0000,434.0000,277,271,6386,322288,10.7773,0.0000,517723527
1969.0000,35,23,1,0,17,44,43,38760.0000,607.0000,277,271,6392,322288,12.2773,0.0000,517967886
1970.0000,35,25,1,0,17,44,45,39960.0000,263.0000,277,271,6392,322288,14.1773,0.5388,518237313
1971.0000,32,27,1,0,18,47,41,37117.0000,27.0000,277,274,6392,322288,16.4773,0.0000,518495737
1972.0000,32,29,1,0,18,47,42,38485.0000,11.0000,277,274,6392,322288,15.8773,0.0000,518737503
1973.0000,32,30,1,0,17,47,39,39907.0000,3.0000,277,274,6396,322288,14.4773,0.0000,518980260
1974.0000,32,30,1,0,17,47,42,40884.0000,3.0000,277,274,6402,322288,13.0773,1.2932,519227112
1975.0000,30,30,1,0,17,49,42,38478.0000,3.0000,277,276,6408,322288,14.0773,0.0000,519457704
1976.0000,30,17,1,0,17,62,44,38375.0000,3.0000,277,276,6412,322288,14.7773,0.0000,519684579
1977.0000,30,17,1,0,18,62,45,37175.0000,3.0000,277,276,6414,322288,13.7773,0.0000,519899667
1978.0000,30,19,1,0,18,62,46,37724.0000,839.0000,277,276,6416,322288,14.5773,0.1078,520126514
1979.0000,30,21,1,0,19,59,47,37126.0000,1345.0000,277,276,6416,322288,11.7773,0.3233,520344790
1980.0000,30,23,1,0,19,50,45,35838.0000,1999.0000,277,276,6424,322288,12.3773,0.0000,520574661
1981.0000,29,25,1,0,18,44,48,37633.0000,1735.0000,277,277,6426,322288,10.1773,0.0000,520795831
1982.0000,28,27,1,0,16,43,47,39099.0000,1921.0000,277,278,6426,322288,11.9773,0.0000,520995048
1983.0000,28,29,1,0,16,41,49,40401.0000,2431.0000,277,278,6426,322288,11.7773,0.0000,521197612
1984.0000,28,31,1,0,16,41,53,42306.0000,2749.0000,277,278,6426,322288,16.9773,0.0000,521403182
1985.0000,28,33,1,0,14,41,54,41856.0000,2982.0000,277,278,6430,322288,18.7773,0.0000,521604946
1986.0000,28,35,1,0,15,41,53,42672.0000,2486.0000,277,278,6430,322288,15.4773,0.0000,521801994
1987.0000,28,37,1,0,15,41,53,41974.0000,2030.0000,277,278,6430,322288,16.2773,0.0000,521996971
1988.0000,28,39,1,0,15,41,56,41121.0000,1606.0000,277,278,6432,322288,14.0773,0.0000,522215436
1989.0000,28,41,1,0,15,41,52,38939.0000,1182.0000,277,278,6432,322288,14.5773,0.4311,522423328
1990.0000,27,43,1,0,15,41,55,39260.0000,730.0000,277,279,6432,322288,13.3773,0.0000,522615031
1991.0000,27,45,1,0,15,41,55,39670.0000,306.0000,277,279,6434,322288,14.4773,0.0000,522821815
1992.0000,27,47,1,0,15,41,53,39166.0000,3.0000,277,279,6434,322288,15.0773,0.0000,523027184
1993.0000,26,49,1,0,14,42,53,37204.0000,59.0000,277,280,6436,322288,15.9773,2.8019,523225447
1994.0000,26,51,1,0,13,42,56,38042.0000,196.0000,277,280,6438,322288,16.5773,0.0000,523422849
1995.0000,25,53,1,0,14,43,59,37567.0000,63.0000,277,281,6440,322288,14.2773,0.0000,523616411
1996.0000,25,55,1,0,14,42,57,37344.0000,71.0000,277,281,6442,322288,16.2773,0.0000,523799514
1997.0000,24,55,1,0,14,32,61,36364.0000,55.0000,277,282,6442,322288,15.6773,0.0000,523995629
1998.0000,24,54,1,0,14,35,57,35726.0000,39.0000,277,282,6442,322288,15.2773,0.1078,524175118
1999.0000,23,53,1,0,14,39,53,34846.0000,23.0000,277,283,6442,322288,11.7773,0.0000,524343300
2000.0000,23,52,1,0,14,41,52,34270.0000,332.0000,277,283,6442,322288,11.4773,0.0000,524515432
2001.0000,23,40,1,0,14,54,53,33509.0000,27.0000,277,283,6442,322288,10.5773,0.0000,524687741
2002.0000,23,41,1,0,14,55,54,32644.0000,11.0000,277,283,6442,322288,11.9306,0.0000,524863521
2003.0000,23,40,1,0,14,57,53,31787.0000,3.0000,277,283,6442,322288,11.1861,0.0000,525036511
2004.0000,23,37,1,0,13,60,58,31751.0000,3.0000,277,283,6442,322288,8.4597,0.0000,525214300
2005.0000,23,34,1,0,13,63,53,31441.0000,3.0000,277,283,6444,322288,7.9824,0.0000,525378159
2006.0000,23,36,1,0,13,63,54,31452.0000,585.0000,277,283,6444,322288,9.4205,0.0000,525543237
2007.0000,23,38,1,0,14,61,52,31660.0000,299.0000,277,283,6444,322288,10.3205,0.0000,525711090
2008.0000,22,40,1,0,14,62,50,31125.0000,524.0000,277,284,6446,322288,11.1205,0.0000,525885195
2009.0000,22,42,1,0,14,62,54,29526.0000,509.0000,277,284,6446,322288,12.8205,0.0000,526052791
2010.0000,22,44,1,0,16,60,52,30645.0000,943.0000,277,284,6448,322288,9.9205,0.0000,526217722
2011.0000,22,46,1,0,15,60,54,31702.0000,535.0000,277,284,6448,322288,10.4205,0.0000,526381990
2012.0000,22,48,1,0,15,59,52,32032.0000,67.0000,277,284,6450,322288,9.3205,0.0000,526536648
2013.0000,22,50,1,0,15,57,49,31183.0000,43.0000,277,284,6452,322288,7.8205,0.0000,526705504
2014.0000,22,52,1,0,15,57,47,31761.0000,27.0000,277,284,6452,322288,7.0205,0.0000,526867381
2015.0000,22,54,1,0,15,57,47,31132.0000,11.0000,277,284,6452,322288,8.5205,0.0000,527042800
2016.0000,22,55,1,0,16,58,52,31869.0000,31.0000,277,284,6452,322288,8.2205,0.0000,527204663
2017.0000,22,52,1,0,16,63,52,32155.0000,15.0000,277,284,6452,322288,8.8205,0.0000,527359059
2018.0000,22,45,1,0,17,70,52,31893.0000,59.0000,277,284,6458,322288,11.1205,0.0000,527530098
2019.0000,21,47,1,0,17,68,49,31197.0000,43.0000,277,285,6458,322288,11.3205,0.0000,527691406
2020.0000,22,48,1,0,17,65,47,31439.0000,102.0000,278,285,6458,322288,8.4205,0.0000,527847766
2021.0000,22,50,1,0,16,62,48,33037.0000,71.0000,278,285,6458,322288,9.6205,0.0000,528017464
2022.0000,22,51,1,0,16,49,46,33614.0000,55.0000,278,285,6460,322288,8.5205,0.0000,528182371
2023.0000,23,51,1,0,16,47,49,34148.0000,51.0000,279,285,6460,322288,7.9205,0.0000,528337769
2024.0000,25,51,1,0,15,45,46,34695.0000,35.0000,281,285,6460,322288,11.1205,0.0000,528515381
2025.0000,25,52,1,0,14,42,46,35087.0000,19.0000,282,286,6460,322288,11.0205,0.0000,528695644
2026.0000,25,54,1,0,14,41,46,35112.0000,3.0000,282,286,6460,322288,11.6205,0.0000,528886179
2027.0000,25,51,1,0,13,42,47,35649.0000,3.0000,282,286,6460,322288,11.0205,0.0000,529065817
2028.0000,25,45,1,0,15,50,45,35435.0000,20.0000,282,286,6460,322288,10.9205,0.0000,529249597
2029.0000,25,45,1,0,14,52,45,34732.0000,236.0000,282,286,6460,322288,6.9205,0.0000,529435995
2030.0000,25,47,1,0,14,52,46,35558.0000,72.0000,282,286,6464,322288,7.9205,0.0000,529622669
2031.0000,25,49,1,0,15,51,45,35220.0000,56.0000,282,286,6466,322288,10.4205,0.0000,529816534
2032.0000,25,50,1,0,15,52,45,34909.0000,40.0000,282,286,6470,322288,8.8205,0.0000,530015427
2033.0000,25,50,1,0,14,53,44,34143.0000,24.0000,282,286,6470,322288,9.0205,0.0000,530204441
2034.0000,25,45,1,0,14,60,44,35143.0000,8.0000,282,286,6470,322288,8.1205,0.0000,530391307
2035.0000,25,40,1,0,13,65,43,36120.0000,0.0000,282,286,6472,322288,8.1205,0.0000,530585540
2036.0000,24,38,1,0,13,68,43,35421.0000,0.0000,282,287,6472,322288,8.7205,0.0000,530771214
2037.0000,24,36,1,0,13,69,43,35134.0000,0.0000,282,287,6472,322288,10.1205,0.0000,530959357
2038.0000,24,35,1,0,14,68,44,34670.0000,0.0000,282,287,6472,322288,10.6205,0.0000,531145415
2039.0000,24,33,1,0,14,58,46,34619.0000,0.0000,282,287,6472,322288,10.5205,0.0000,531332646
2040.0000,24,31,1,0,14,60,48,34557.0000,0.0000,282,287,6472,322288,11.4205,0.0000,531514937
2041.0000,24,31,1,0,14,61,52,35691.0000,316.0000,282,287,6474,322288,9.2205,0.0000,531699026
2042.0000,24,33,1,0,14,61,53,37060.0000,772.0000,282,287,6478,322288,11.9205,0.0000,531883905
2043.0000,24,35,1,0,14,60,52,37959.0000,824.0000,282,287,6480,322288,14.6205,0.0000,532070207
2044.0000,24,37,1,0,12,59,53,39058.0000,464.0000,282,287,6482,322288,13.5205,0.0000,532264414
2045.0000,24,39,1,0,13,59,52,39361.0000,466.0000,282,287,6482,322288,13.2205,0.0000,532438672
2046.0000,24,41,1,0,13,59,51,39939.0000,674.0000,282,287,6482,322288,12.1205,0.0000,532623928
2047.0000,23,43,1,0,12,60,52,39942.0000,132.0000,282,288,6484,322288,12.2205,0.0000,532798104
2048.0000,23,45,1,0,12,57,55,40094.0000,84.0000,282,288,6486,322288,13.3205,0.0000,532970524
2049.0000,23,47,1,0,12,49,53,39438.0000,68.0000,282,288,6488,322288,13.3205,0.0000,533145605
2050.0000,23,49,1,0,12,47,53,39438.0000,91.0000,282,288,6488,322288,14.9205,1.6529,533312398
2051.0000,23,51,1,0,12,46,53,40874.0000,504.0000,282,288,6490,322288,14.7205,0.0000,533491754
2052.0000,27,49,1,0,14,44,46,38797.0000,68.0000,286,288,6490,322288,15.1205,0.0000,533674606
2053.0000,27,50,1,0,13,44,45,40244.0000,52.0000,287,289,6492,322288,14.2205,0.0000,533877343
2054.0000,27,52,1,0,13,41,41,42509.0000,36.0000,287,289,6492,322288,12.0205,0.0000,534086515
2055.0000,27,50,1,0,13,40,44,42195.0000,80.0000,287,289,6494,322288,17.8205,0.0000,534297286
2056.0000,27,47,1,0,13,37,41,42834.0000,64.0000,287,289,6494,322288,17.1205,0.0000,534508201
2057.0000,27,45,1,0,15,39,43,43755.0000,72.0000,287,289,6494,322288,13.5205,0.0000,534712481
2058.0000,27,47,1,0,15,37,43,45257.0000,126.0000,287,289,6494,322288,13.2205,0.0000,534910571
2059.0000,27,49,1,0,16,36,39,42862.0000,64.0000,287,289,6494,322288,17.0205,0.0000,535111808
2060.0000,27,51,1,0,16,34,41,41206.0000,48.0000,287,289,6496,322288,13.1205,0.0000,535319874
2061.0000,27,53,1,0,16,32,43,42907.0000,68.0000,287,289,6496,322288,12.4205,0.0000,535520661
2062.0000,27,53,1,0,16,33,45,40870.0000,52.0000,287,289,6500,322288,15.1205,0.0000,535727206
2063.0000,27,52,1,0,16,36,46,42690.0000,36.0000,287,289,6502,322288,11.7205,0.0000,535924304
2064.0000,27,45,1,0,16,45,46,44065.0000,20.0000,287,289,6504,322288,10.3205,0.0000,536131398
2065.0000,27,46,1,0,15,46,49,45559.0000,4.0000,287,289,6504,322288,10.9205,0.0000,536335063
2066.0000,27,42,1,0,16,50,49,45192.0000,4.0000,287,289,6504,322288,11.9205,0.0000,536531959
2067.0000,27,40,1,0,15,51,47,44636.0000,4.0000,287,289,6504,322288,12.4205,0.0000,536730098
2068.0000,26,38,1,0,15,53,46,42781.0000,4.0000,287,290,6504,322288,15.5205,1.4463,536943580
2069.0000,26,40,1,0,15,53,48,43007.0000,58.0000,287,290,6504,322288,15.3205,0.0000,537134492
2070.0000,26,42,1,0,16,52,47,42700.0000,20.0000,287,290,6506,322288,16.4205,0.1033,537329416
2071.0000,26,44,1,0,15,50,48,42409.0000,4.0000,287,290,6510,322288,14.9205,0.0000,537526725
2072.0000,26,44,1,0,15,50,49,41404.0000,4.0000,287,290,6510,322288,14.7205,0.0000,537715369
2073.0000,26,43,1,0,14,51,50,41359.0000,4.0000,287,290,6512,322288,13.2205,0.0000,537905921
2074.0000,26,43,1,0,14,53,52,41050.0000,18.0000,287,290,6518,322288,13.9205,0.0000,538090451
2075.0000,26,42,1,0,14,56,54,40832.0000,2.0000,287,290,6522,322288,12.1205,0.0000,538282114
2076.0000,26,39,1,0,14,56,54,39581.0000,2.0000,287,290,6522,322288,15.9205,0.0000,538465467
2077.0000,26,37,1,0,14,52,54,40306.0000,2.0000,287,290,6522,322288,14.6205,0.0000,538663163
2078.0000,26,36,1,0,13,50,54,41404.0000,30.0000,287,290,6522,322288,12.3205,0.0000,538850626
2079.0000,26,36,1,0,14,52,53,42108.0000,14.0000,287,290,6522,322288,11.9205,0.0000,539043663
2080.0000,26,36,1,0,14,53,53,40556.0000,6.0000,287,290,6522,322288,13.0205,0.0000,539237498
2081.0000,32,28,1,0,14,55,52,41043.0000,6.0000,293,290,6522,322288,10.9205,0.0000,539451182
2082.0000,34,22,1,0,14,59,51,42371.0000,6.0000,295,290,6522,322288,12.1205,0.0000,539709703
2083.0000,36,20,1,0,14,58,50,43309.0000,1002.0000,297,290,6522,322288,12.3205,0.3099,539966638
2084.0000,36,22,1,0,14,55,46,40798.0000,752.0000,297,290,6522,322288,14.6205,0.4132,540226118
2085.0000,36,24,1,0,14,47,45,38325.0000,1309.0000,297,290,6522,322288,11.6205,0.0000,540495971
2086.0000,36,26,1,0,14,45,49,39585.0000,997.0000,297,290,6524,322288,10.4205,0.0000,540752286
2087.0000,36,28,1,0,14,41,49,40981.0000,717.0000,297,290,6542,322288,11.9205,0.0000,541003906
2088.0000,35,30,1,0,14,39,48,42062.0000,419.0000,297,291,6550,322288,13.8205,0.5165,541251936
2089.0000,35,32,1,0,14,37,50,40405.0000,34.0000,297,291,6550,322288,16.1205,0.0000,541519440
2090.0000,35,34,1,0,14,37,51,41678.0000,18.0000,297,291,6550,322288,15.5205,0.0000,541773565
2091.0000,35,36,1,0,14,36,50,43104.0000,38.0000,297,291,6550,322288,14.1205,0.0000,542035146
2092.0000,35,38,1,0,14,36,46,43967.0000,22.0000,297,291,6550,322288,12.7205,1.2397,542282090
2093.0000,35,40,1,0,15,32,52,42138.0000,6.0000,297,291,6552,322288,13.7205,0.0000,542552999
2094.0000,35,42,1,0,15,31,52,41658.0000,50.0000,297,291,6552,322288,14.4205,0.0000,542821403
2095.0000,35,44,1,0,14,28,48,40204.0000,34.0000,297,291,6554,322288,13.4205,0.0000,543092492
2096.0000,35,45,1,0,14,26,51,40054.0000,18.0000,297,291,6554,322288,14.2205,0.1033,543340405
2097.0000,35,45,1,0,14,25,49,38620.0000,2.0000,297,291,6554,322288,11.4205,0.3099,543591963
2098.0000,35,43,1,0,14,25,41,36823.0000,2.0000,297,291,6556,322288,12.0205,0.0000,543858376
2099.0000,35,34,1,0,14,32,42,37853.0000,2.0000,297,291,6556,322288,9.8205,0.0000,544120426
2100.0000,35,34,1,0,15,30,45,38823.0000,2.0000,297,291,6558,322288,11.6205,0.0000,544379172
2101.0000,35,33,1,0,15,30,46,40013.0000,2.0000,297,291,6558,322288,11.4205,0.0000,544634289
2102.0000,35,31,1,0,16,30,48,41542.0000,2.0000,297,291,6558,322288,16.6205,0.0000,544886828
2103.0000,35,33,1,0,16,27,45,40827.0000,37.0000,297,291,6560,322288,18.4205,0.0000,545146702
2104.0000,35,35,1,0,16,25,46,41868.0000,18.0000,297,291,6560,322288,15.1205,0.0000,545408346
2105.0000,35,37,1,0,16,25,44,41471.0000,2.0000,297,291,6560,322288,15.9205,0.0000,545672539
2106.0000,35,38,1,0,16,25,42,40850.0000,30.0000,297,291,6568,322288,13.7205,0.0000,545935257
2107.0000,34,38,1,0,16,28,45,38335.0000,14.0000,297,292,6568,322288,14.2205,0.4132,546180082
2108.0000,34,37,1,0,16,30,47,39058.0000,6.0000,297,292,6568,322288,13.0205,0.0000,546424589
2109.0000,34,38,1,0,16,30,48,39597.0000,297.0000,297,292,6568,322288,14.1205,0.0000,546667140
2110.0000,34,40,1,0,17,30,51,39072.0000,375.0000,297,292,6570,322288,14.7205,0.0000,546920023
2111.0000,34,42,1,0,16,30,54,37588.0000,1034.0000,297,292,6570,322288,15.6205,2.6860,547168477
2112.0000,34,44,1,0,16,30,54,38523.0000,507.0000,297,292,6572,322288,16.2205,0.0000,547410270
2113.0000,34,46,1,0,16,30,47,38979.0000,70.0000,297,292,6572,322288,13.9205,0.0000,547664121
2114.0000,34,48,1,0,16,30,49,38897.0000,54.0000,297,292,6572,322288,15.9205,0.0000,547911927
2115.0000,39,45,1,0,16,30,44,38913.0000,62.0000,302,292,6572,322288,15.3205,0.0000,548178787
2116.0000,37,47,1,0,16,31,42,37594.0000,70.0000,302,294,6572,322288,14.9205,0.1033,548462575
2117.0000,37,49,1,0,14,30,44,37361.0000,66.0000,302,294,6576,322288,11.4205,0.0000,548749818
2118.0000,37,51,1,0,14,28,43,36645.0000,50.0000,302,294,6576,322288,11.1205,0.0000,549029160
2119.0000,36,53,1,0,15,27,43,35520.0000,34.0000,302,295,6576,322288,10.2205,0.0000,549310330
2120.0000,36,55,1,0,15,18,41,34661.0000,18.0000,302,295,6578,322288,11.6374,0.0000,549586715
2121.0000,36,55,1,0,15,19,42,33707.0000,2.0000,302,295,6578,322288,11.0448,0.0000,549875549
2122.0000,36,35,1,0,15,38,43,33662.0000,2.0000,302,295,6580,322288,8.4996,0.0000,550157811
2123.0000,36,30,1,0,13,41,38,33575.0000,2.0000,302,295,6580,322288,8.1741,0.0000,550426114
2124.0000,36,28,1,0,12,43,40,33289.0000,2.0000,302,295,6582,322288,9.6759,0.0000,550700672
2125.0000,36,26,1,0,13,45,40,33159.0000,2.0000,302,295,6584,322288,10.5759,0.0000,550979457
2126.0000,36,25,1,0,13,46,41,32874.0000,2.0000,302,295,6584,322288,11.3759,0.0000,551254330
2127.0000,36,24,1,0,13,47,37,31356.0000,2.0000,302,295,6586,322288,13.0759,0.0000,551529244
2128.0000,36,22,1,0,14,47,42,32312.0000,2.0000,302,295,6590,322288,10.1759,0.0000,551811426
2129.0000,36,20,1,0,14,47,43,33200.0000,2.0000,302,295,6592,322288,10.6759,0.0000,552075057
2130.0000,34,19,1,0,14,49,43,32811.0000,2.0000,302,297,6592,322288,9.5759,0.0000,552334530
2131.0000,34,17,1,0,14,51,43,32066.0000,2.0000,302,297,6594,322288,8.0759,0.0000,552589019
2132.0000,34,15,1,0,14,52,45,32903.0000,2.0000,302,297,6596,322288,7.2759,0.0000,552846676
2133.0000,34,15,1,0,14,53,42,32645.0000,183.0000,302,297,6598,322288,8.7759,0.0000,553104133
2134.0000,34,17,1,0,14,53,43,33723.0000,26.0000,302,297,6600,322288,8.4759,0.0000,553352305
2135.0000,34,19,1,0,14,53,47,34286.0000,10.0000,302,297,6600,322288,9.0759,0.0000,553613181
2136.0000,34,21,1,0,14,53,42,34063.0000,30.0000,302,297,6602,322288,11.3759,0.0000,553857260
2137.0000,34,23,1,0,15,53,42,33981.0000,14.0000,302,297,6602,322288,11.5759,0.0000,554117431
2138.0000,34,24,1,0,16,53,40,34196.0000,6.0000,302,297,6602,322288,8.6759,0.0000,554369746
2139.0000,34,24,1,0,17,53,44,35803.0000,6.0000,302,297,6604,322288,9.8759,0.0000,554625708
2140.0000,33,21,1,0,16,57,44,36337.0000,6.0000,302,298,6610,322288,8.7759,0.0000,554868275
2141.0000,33,10,1,0,14,68,39,36867.0000,6.0000,302,298,6612,322288,8.1759,0.0000,555102777
2142.0000,33,10,1,0,14,66,39,36796.0000,6.0000,302,298,6612,322288,11.3759,0.0000,555351899
2143.0000,33,12,1,0,14,53,41,37167.0000,1371.0000,302,298,6612,322288,11.2759,0.0000,555595739
2144.0000,33,14,1,0,14,41,41,37055.0000,1814.0000,302,298,6612,322288,11.8759,0.0000,555841022
2145.0000,33,16,1,0,14,38,41,37305.0000,1798.0000,302,298,6612,322288,11.2759,0.0000,556087295
2146.0000,33,18,1,0,14,36,40,37272.0000,1782.0000,302,298,6612,322288,11.1759,0.0000,556339212
2147.0000,33,20,1,0,15,36,39,36812.0000,2430.0000,302,298,6614,322288,7.1759,0.0000,556591419
2148.0000,33,22,1,0,15,34,38,38430.0000,3299.0000,302,298,6614,322288,8.1759,0.0000,556847240
2149.0000,33,24,1,0,15,31,40,38539.0000,3179.0000,302,298,6614,322288,10.6759,0.0000,557103212
2150.0000,33,26,1,0,17,29,36,38581.0000,3011.0000,302,298,6614,322288,9.0759,0.0000,557359137
2151.0000,33,28,1,0,17,28,37,38045.0000,3176.0000,302,298,6618,322288,9.2759,0.0000,557606087
2152.0000,33,30,1,0,17,26,41,39839.0000,2920.0000,302,298,6620,322288,8.3759,0.0000,557841808
2153.0000,33,32,1,0,16,24,43,41522.0000,2656.0000,302,298,6622,322288,8.3759,0.0000,558091017
2154.0000,33,34,1,0,16,23,44,41673.0000,2360.0000,302,298,6622,322288,8.9759,0.0000,558328577
2155.0000,32,36,1,0,16,24,46,41085.0000,2702.0000,302,299,6624,322288,10.3759,0.0000,558570220
2156.0000,32,38,1,0,16,24,44,40772.0000,2446.0000,302,299,6630,322288,10.8759,0.0000,558805764
2157.0000,32,40,1,0,16,24,45,41027.0000,3101.0000,302,299,6630,322288,10.7759,0.0000,559042408
2158.0000,32,42,1,0,15,24,46,41009.0000,2845.0000,302,299,6632,322288,11.6759,0.0000,559287001
2159.0000,32,44,1,0,15,24,49,42160.0000,2777.0000,302,299,6632,322288,9.4759,0.0000,559520672
2160.0000,32,46,1,0,15,24,48,43715.0000,2369.0000,302,299,6632,322288,12.1759,0.0000,559761899
2161.0000,32,48,1,0,15,21,46,44758.0000,1913.0000,302,299,6632,322288,14.8759,0.0000,560005482
2162.0000,32,50,1,0,14,10,51,46235.0000,2207.0000,302,299,6634,322288,13.7759,0.0000,560260196
2163.0000,32,52,1,0,16,10,51,47397.0000,2229.0000,302,299,6636,322288,13.4759,0.0000,560512920
2164.0000,32,54,1,0,16,9,51,48566.0000,1605.0000,302,299,6636,322288,12.3759,0.0000,560762323
2165.0000,32,56,1,0,16,9,53,49448.0000,869.0000,302,299,6638,322288,12.4759,0.0000,561005763
2166.0000,32,58,1,0,14,9,55,50288.0000,542.0000,302,299,6640,322288,13.5759,0.0000,561244440
2167.0000,32,60,1,0,14,9,48,49300.0000,50.0000,302,299,6642,322288,13.5759,0.0000,561502769
2168.0000,32,62,1,0,14,9,48,49005.0000,70.0000,302,299,6646,322288,15.1759,1.6206,561749969
2169.0000,31,64,1,0,14,10,51,49805.0000,54.0000,302,300,6648,322288,14.9759,0.0000,561999282
2170.0000,31,66,1,0,13,10,50,47013.0000,38.0000,302,300,6648,322288,15.3759,0.0000,562247712
2171.0000,31,68,1,0,14,10,52,48861.0000,545.0000,302,300,6648,322288,14.4759,0.0000,562487423
2172.0000,31,67,1,0,14,13,53,51718.0000,54.0000,302,300,6650,322288,12.2759,0.0000,562722480
2173.0000,31,53,1,0,14,29,55,51197.0000,38.0000,302,300,6650,322288,18.0759,0.0000,562944373
2174.0000,31,52,1,0,14,32,53,51561.0000,22.0000,302,300,6652,322288,17.3759,0.0000,563168903
2175.0000,31,51,1,0,14,35,54,52160.0000,78.0000,302,300,6652,322288,13.7759,0.0000,563398584
2176.0000,31,51,1,0,14,37,57,53636.0000,117.0000,302,300,6654,322288,13.4759,0.0000,563631969
2177.0000,31,53,1,0,14,37,57,50608.0000,58.0000,302,300,6654,322288,17.2759,0.0000,563868980
2178.0000,30,55,1,0,12,38,59,48123.0000,42.0000,302,301,6654,322288,13.3759,0.0000,564105866
2179.0000,30,57,1,0,12,38,56,49067.0000,26.0000,302,301,6654,322288,12.6759,0.0000,564339614
2180.0000,30,57,1,0,13,40,54,46508.0000,10.0000,302,301,6654,322288,15.3759,0.0000,564573939
2181.0000,30,53,1,0,13,45,55,47500.0000,2.0000,302,301,6654,322288,11.9759,0.0000,564797161
2182.0000,30,40,1,0,14,58,55,48019.0000,335.0000,302,301,6658,322288,10.5759,0.0000,565024720
2183.0000,30,42,1,0,14,58,56,48408.0000,349.0000,302,301,6658,322288,11.1759,0.0000,565246124
2184.0000,30,44,1,0,14,58,56,47513.0000,91.0000,302,301,6658,322288,12.1759,0.0000,565470608
2185.0000,30,46,1,0,15,58,56,46320.0000,14.0000,302,301,6664,322288,12.6759,0.0000,565703911
2186.0000,30,47,1,0,15,58,54,44586.0000,6.0000,302,301,6664,322288,15.7759,1.4181,565936164
2187.0000,30,49,1,0,15,58,55,44339.0000,50.0000,302,301,6670,322288,15.5759,0.0000,566163563
2188.0000,31,50,1,0,14,57,53,43783.0000,34.0000,303,301,6674,322288,16.6759,0.1013,566399551
2189.0000,33,50,1,0,14,57,50,43157.0000,102.0000,305,301,6674,322288,15.1759,0.0000,566639112
2190.0000,34,51,1,0,14,57,50,42062.0000,972.0000,306,301,6676,322288,14.9759,0.0000,566889686
2191.0000,36,51,1,0,14,57,50,41660.0000,94.0000,308,301,6678,322288,13.4759,0.0000,567138072
2192.0000,37,51,1,0,14,58,49,40844.0000,78.0000,310,302,6678,322288,14.1759,0.0000,567396336
2193.0000,37,53,1,0,15,55,51,40639.0000,62.0000,310,302,6680,322288,12.3759,0.0000,567666963
2194.0000,38,54,1,0,15,39,52,39426.0000,509.0000,311,302,6682,322288,16.1759,0.0000,567933879
2195.0000,38,54,1,0,14,38,51,39775.0000,66.0000,312,303,6682,322288,14.8759,0.0000,568225380
2196.0000,38,50,1,0,14,41,48,40943.0000,50.0000,312,303,6684,322288,12.5759,0.0000,568513638
2197.0000,38,49,1,0,14,42,46,41966.0000,34.0000,312,303,6684,322288,12.1759,0.0000,568782264
2198.0000,38,50,1,0,14,43,44,40599.0000,18.0000,312,303,6688,322288,13.2759,0.0000,569063530
2199.0000,37,47,1,0,14,49,46,40475.0000,2.0000,312,304,6690,322288,11.1759,0.0000,569348300
2200.0000,37,31,1,0,14,65,45,41919.0000,2.0000,312,304,6694,322288,12.3759,0.0000,569627380
2201.0000,36,29,1,0,14,66,48,42515.0000,2.0000,312,305,6696,322288,12.5759,0.3039,569893227
2202.0000,36,29,1,0,14,64,48,40054.0000,592.0000,312,305,6698,322288,14.8759,0.4052,570166496
2203.0000,36,31,1,0,13,48,44,37653.0000,339.0000,312,305,6700,322288,11.8759,0.0000,570444309
2204.0000,36,33,1,0,13,48,47,38683.0000,612.0000,312,305,6700,322288,10.6759,0.0000,570711939
2205.0000,36,35,1,0,13,48,49,39786.0000,281.0000,312,305,6700,322288,12.1759,0.0000,570978751
2206.0000,36,37,1,0,13,48,52,40861.0000,2228.0000,312,305,6700,322288,14.0759,0.5065,571238934
2207.0000,36,39,1,0,13,48,49,39174.0000,1796.0000,312,305,6700,322288,16.3759,0.0000,571517049
2208.0000,36,41,1,0,13,48,50,40182.0000,1316.0000,312,305,6702,322288,15.7759,0.0000,571783182
2209.0000,36,43,1,0,14,48,51,41032.0000,1572.0000,312,305,6702,322288,14.3759,0.0000,572048698
2210.0000,36,45,1,0,14,48,47,42053.0000,1549.0000,312,305,6702,322288,12.9759,1.2155,572319477
2211.0000,36,47,1,0,14,48,47,40542.0000,925.0000,312,305,6702,322288,13.9759,0.0000,572597294
2212.0000,36,49,1,0,15,46,51,40116.0000,866.0000,312,305,6706,322288,14.6759,0.0000,572862445
2213.0000,36,51,1,0,15,46,46,38730.0000,636.0000,312,305,6708,322288,13.6759,0.0000,573129482
2214.0000,36,53,1,0,14,46,46,38948.0000,1312.0000,312,305,6710,322288,14.4759,0.1013,573386698
2215.0000,35,55,1,0,14,46,46,37384.0000,1019.0000,312,306,6712,322288,11.6759,0.3039,573647909
2216.0000,34,57,1,0,14,46,44,35333.0000,321.0000,312,307,6772,322288,12.2759,0.0000,573924617
2217.0000,34,59,1,0,13,41,45,36681.0000,66.0000,312,307,6774,322288,10.0759,0.0000,574176134
2218.0000,34,61,1,0,13,37,43,37696.0000,50.0000,312,307,6776,322288,11.8759,0.0000,574418831
2219.0000,34,63,1,0,13,36,45,38847.0000,34.0000,312,307,6776,322288,11.6759,0.0000,574667319
2220.0000,34,65,1,0,15,36,45,40677.0000,18.0000,312,307,6780,322288,16.8759,0.0000,574919325
2221.0000,34,65,1,0,15,17,43,40260.0000,2.0000,312,307,6782,322288,18.6759,0.0000,575167149
2222.0000,34,33,1,0,13,47,45,41488.0000,2.0000,312,307,6782,322288,15.3759,0.0000,575417664
2223.0000,34,31,1,0,13,48,44,40631.0000,2.0000,312,307,6784,322288,16.1759,0.0000,575662019
2224.0000,34,29,1,0,13,50,44,39693.0000,2.0000,312,307,6786,322288,13.9759,0.0000,575912235
2225.0000,34,27,1,0,13,52,44,37577.0000,2.0000,312,307,6788,322288,14.4759,0.4052,576168628
2226.0000,34,25,1,0,15,52,45,37798.0000,2.0000,312,307,6790,322288,13.2759,0.0000,576407180
2227.0000,34,24,1,0,15,54,45,37820.0000,487.0000,312,307,6792,322288,14.3759,0.0000,576644991
2228.0000,34,26,1,0,15,54,42,37037.0000,776.0000,312,307,6796,322288,14.9759,0.0000,576893128
2229.0000,34,28,1,0,15,54,43,35417.0000,441.0000,312,307,6798,322288,15.8759,2.6336,577144102
2230.0000,34,30,1,0,16,54,45,36152.0000,65.0000,312,307,6798,322288,16.4759,0.0000,577386622
2231.0000,34,32,1,0,15,54,43,36526.0000,26.0000,312,307,6802,322288,14.1759,0.0000,577639694
2232.0000,34,34,1,0,15,54,41,36317.0000,10.0000,312,307,6802,322288,16.1759,0.0000,577881977
2233.0000,34,36,1,0,15,54,43,35936.0000,18.0000,312,307,6802,322288,15.5759,0.0000,578133789
2234.0000,34,36,1,0,15,56,41,35454.0000,2.0000,312,307,6806,322288,15.1759,0.1013,578375498
2235.0000,34,34,1,0,15,58,39,35114.0000,2.0000,312,307,6808,322288,11.6759,0.0000,578619901
2236.0000,34,25,1,0,15,66,39,34739.0000,2.0000,312,307,6812,322288,11.3759,0.0000,578864455
2237.0000,34,24,1,0,15,67,41,34420.0000,2.0000,312,307,6812,322288,10.4759,0.0000,579116103
2238.0000,34,15,1,0,15,76,39,33965.0000,2.0000,312,307,6818,322288,11.8114,0.0000,579370108
2239.0000,33,15,1,0,15,77,39,32783.0000,346.0000,312,308,6818,322288,11.0246,0.0000,579610286
2240.0000,33,17,1,0,15,77,38,32767.0000,330.0000,312,308,6820,322288,8.2476,0.0000,579857279
2241.0000,33,19,1,0,15,77,38,32670.0000,314.0000,312,308,6824,322288,7.7279,0.0000,580100927
2242.0000,33,19,1,0,15,75,37,32805.0000,210.0000,312,308,6826,322288,9.1482,0.0000,580349066
2243.0000,33,19,1,0,15,44,38,33150.0000,106.0000,312,308,6826,322288,10.0482,0.0000,580590059
2244.0000,33,19,1,0,16,41,39,33295.0000,6.0000,312,308,6832,322288,10.8482,0.0000,580832929
2245.0000,33,19,1,0,17,39,40,31955.0000,308.0000,312,308,6836,322288,12.5482,0.0000,581093294
2246.0000,33,21,1,0,18,37,40,33413.0000,76.0000,312,308,6836,322288,9.6482,0.0000,581329986
2247.0000,33,22,1,0,18,35,41,34657.0000,68.0000,312,308,6838,322288,10.1482,0.0000,581565127
2248.0000,33,22,1,0,18,35,40,35350.0000,1.0000,312,308,6842,322288,9.0482,0.0000,581816792
2249.0000,33,20,1,0,16,37,38,34732.0000,1.0000,312,308,6844,322288,7.5482,0.0000,582063675
2250.0000,33,18,1,0,15,39,42,35376.0000,1.0000,312,308,6844,322288,6.7482,0.0000,582308270
2251.0000,33,15,1,0,15,42,42,34721.0000,1.0000,312,308,6846,322288,8.2482,0.0000,582559558
2252.0000,33,12,1,0,15,45,44,35488.0000,1.0000,312,308,6846,322288,7.9482,0.0000,582802161
2253.0000,33,10,1,0,15,47,43,35802.0000,1.0000,312,308,6846,322288,8.5482,0.0000,583049408
2254.0000,33,11,1,0,15,48,44,35419.0000,830.0000,312,308,6848,322288,10.8482,0.0000,583306879
2255.0000,33,13,1,0,14,46,44,35074.0000,814.0000,312,308,6848,322288,11.0482,0.0000,583564457
2256.0000,33,15,1,0,14,44,44,34864.0000,1369.0000,312,308,6848,322288,8.1482,0.0000,583817809
2257.0000,33,17,1,0,14,36,46,36031.0000,1225.0000,312,308,6848,322288,9.3482,0.0000,584062128
2258.0000,33,19,1,0,14,34,45,36735.0000,1081.0000,312,308,6850,322288,8.2482,0.0000,584314143
2259.0000,33,21,1,0,14,25,46,37257.0000,969.0000,312,308,6850,322288,7.6482,0.0000,584554389
2260.0000,33,23,1,0,15,25,45,37891.0000,857.0000,312,308,6852,322288,10.8482,0.0000,584794860
2261.0000,33,25,1,0,15,25,44,39053.0000,2000.0000,312,308,6856,322288,10.7482,0.0000,585032273
2262.0000,33,27,1,0,15,25,48,39369.0000,1840.0000,312,308,6858,322288,11.3482,0.0000,585262610
2263.0000,33,29,1,0,15,25,47,40066.0000,1584.0000,312,308,6858,322288,10.7482,0.0000,585511581
2264.0000,33,31,1,0,15,25,49,40293.0000,1296.0000,312,308,6860,322288,10.6482,0.0000,585755925
2265.0000,33,33,1,0,15,24,44,39860.0000,1064.0000,312,308,6862,322288,6.6482,0.0000,586001679
2266.0000,33,35,1,0,16,24,45,41235.0000,832.0000,312,308,6866,322288,7.6482,0.0000,586263821
2267.0000,33,37,1,0,15,23,44,41340.0000,600.0000,312,308,6868,322288,10.1482,0.0000,586514930
2268.0000,33,39,1,0,15,23,45,40985.0000,1052.0000,312,308,6868,322288,8.5482,0.0000,586756149
2269.0000,33,41,1,0,15,21,48,40107.0000,1710.0000,312,308,6870,322288,8.7482,0.0000,587009420
2270.0000,33,43,1,0,15,19,48,41509.0000,1366.0000,312,308,6870,322288,7.8482,0.0000,587261287
2271.0000,33,45,1,0,16,17,50,42935.0000,982.0000,312,308,6870,322288,7.8482,0.0000,587519399
2272.0000,33,47,1,0,16,15,49,42953.0000,550.0000,312,308,6870,322288,8.4482,0.0000,587771152
2273.0000,33,49,1,0,16,11,49,42630.0000,98.0000,312,308,6872,322288,9.8482,0.0000,588024180
2274.0000,33,51,1,0,15,8,46,42263.0000,3.0000,312,308,6878,322288,10.3482,0.0000,588272691
2275.0000,33,51,1,0,16,7,47,42097.0000,3.0000,312,308,6880,322288,10.2482,0.0000,588517377
2276.0000,30,51,1,0,16,10,48,40359.0000,3.0000,312,311,6880,322288,11.1482,0.0000,588748807
2277.0000,30,50,1,0,15,11,49,41488.0000,3.0000,312,311,6880,322288,8.9482,0.0000,588985567
2278.0000,30,48,1,0,15,13,49,42747.0000,3.0000,312,311,6882,322288,11.6482,0.0000,589227825
2279.0000,30,29,1,0,16,32,50,43270.0000,3.0000,312,311,6882,322288,14.3482,0.0000,589455385
2280.0000,30,28,1,0,15,34,51,44311.0000,451.0000,312,311,6882,322288,13.2482,0.0000,589683440
2281.0000,30,30,1,0,15,34,50,45096.0000,164.0000,312,311,6882,322288,12.9482,0.0000,589902246
2282.0000,30,32,1,0,15,34,50,45898.0000,20.0000,312,311,6886,322288,11.8482,0.0000,590136978
2283.0000,29,34,1,0,15,35,50,45829.0000,4.0000,312,312,6890,322288,11.9482,0.0000,590347487
2284.0000,29,36,1,0,15,35,51,46412.0000,60.0000,312,312,6890,322288,13.0482,0.0000,590555828
2285.0000,28,38,1,0,15,36,52,45529.0000,44.0000,312,313,6890,322288,13.0482,0.0000,590776583
2286.0000,28,40,1,0,15,36,53,45662.0000,28.0000,312,313,6890,322288,14.6482,1.6913,590975442
2287.0000,28,41,1,0,14,37,54,47761.0000,12.0000,312,313,6890,322288,14.4482,0.0000,591177042
2288.0000,28,40,1,0,14,38,52,45241.0000,4.0000,312,313,6890,322288,14.8482,0.0000,591382138
2289.0000,28,22,1,0,14,56,54,47221.0000,4.0000,312,313,6890,322288,13.9482,0.0000,591595351
2290.0000,28,23,1,0,14,57,56,50435.0000,224.0000,312,313,6890,322288,11.7482,0.0000,591791902
2291.0000,28,25,1,0,14,56,58,50299.0000,982.0000,312,313,6890,322288,17.5482,0.0000,591994330
2292.0000,28,27,1,0,14,56,59,51278.0000,846.0000,312,313,6892,322288,16.8482,0.0000,592196285
2293.0000,27,29,1,0,14,57,58,52030.0000,681.0000,312,314,6892,322288,13.2482,0.0000,592395434
2294.0000,27,31,1,0,15,57,59,54082.0000,433.0000,312,314,6894,322288,12.9482,0.0000,592593989
2295.0000,26,33,1,0,14,57,54,50713.0000,142.0000,312,315,6896,322288,16.7482,0.0000,592786964
2296.0000,24,35,1,0,13,59,58,47437.0000,12.0000,312,317,6898,322288,12.8482,0.0000,592977459
2297.0000,24,37,1,0,13,58,59,48582.0000,256.0000,312,317,6900,322288,12.1482,0.0000,593150025
2298.0000,24,39,1,0,13,57,58,46127.0000,52.0000,312,317,6900,322288,14.8482,0.0000,593325864
2299.0000,23,41,1,0,13,56,60,47073.0000,924.0000,312,318,6904,322288,11.4482,0.0000,593497524
2300.0000,23,43,1,0,13,37,59,47934.0000,276.0000,312,318,6904,322288,10.0482,0.0000,593653136
2301.0000,23,45,1,0,12,35,59,49038.0000,64.0000,312,318,6904,322288,10.6482,0.0000,593810231
2302.0000,23,47,1,0,10,35,59,48246.0000,60.0000,312,318,6904,322288,11.6482,0.0000,593977002
2303.0000,23,49,1,0,10,35,59,46362.0000,44.0000,312,318,6908,322288,12.1482,0.0000,594147778
2304.0000,22,51,1,0,12,36,57,43747.0000,28.0000,312,319,6908,322288,15.2482,1.4799,594329118
2305.0000,22,53,1,0,12,36,56,42992.0000,12.0000,312,319,6908,322288,15.0482,0.0000,594488029
2306.0000,21,55,1,0,11,37,54,41364.0000,56.0000,312,320,6908,322288,16.1482,0.1057,594647917
2307.0000,21,52,1,0,11,42,55,39981.0000,40.0000,312,320,6910,322288,14.6482,0.0000,594798734
2308.0000,21,53,1,0,11,42,53,38413.0000,72.0000,312,320,6910,322288,14.4482,0.0000,594956280
2309.0000,20,53,1,0,12,43,52,37180.0000,56.0000,312,321,6910,322288,12.9482,0.0000,595098091
2310.0000,20,54,1,0,12,26,57,36408.0000,40.0000,312,321,6910,322288,13.6482,0.0000,595252023
2311.0000,20,54,1,0,12,27,56,35853.0000,24.0000,312,321,6910,322288,11.8482,0.0000,595390561
2312.0000,20,54,1,0,13,29,55,34444.0000,8.0000,312,321,6912,322288,15.6482,0.0000,595548447
2313.0000,20,34,1,0,13,50,53,34766.0000,0.0000,312,321,6914,322288,14.3482,0.0000,595701394
2314.0000,20,32,1,0,13,52,54,35700.0000,0.0000,312,321,6916,322288,12.0482,0.0000,595841639
2315.0000,20,30,1,0,12,54,54,36478.0000,0.0000,312,321,6916,322288,11.6482,0.0000,595985865
2316.0000,20,28,1,0,13,56,50,34895.0000,0.0000,312,321,6918,322288,12.7482,0.0000,596121782
2317.0000,20,28,1,0,13,57,56,34771.0000,28.0000,312,321,6918,322288,10.6482,0.0000,596268291
2318.0000,20,30,1,0,14,55,54,35778.0000,12.0000,312,321,6918,322288,11.8482,0.0000,596411839
2319.0000,20,31,1,0,14,55,55,36502.0000,4.0000,312,321,6918,322288,12.0482,0.3171,596551847
2320.0000,20,30,1,0,14,56,52,34068.0000,4.0000,312,321,6918,322288,14.3482,0.4228,596698759
2321.0000,20,27,1,0,13,59,49,31629.0000,4.0000,312,321,6918,322288,11.3482,0.0000,596848237
2322.0000,20,20,1,0,13,66,47,32348.0000,4.0000,312,321,6918,322288,10.1482,0.0000,596991254
2323.0000,19,21,1,0,14,67,48,32781.0000,44.0000,312,322,6930,322288,11.6482,0.0000,597133109
2324.0000,19,22,1,0,15,67,50,33625.0000,36.0000,312,322,6930,322288,13.5482,0.5285,597266110
2325.0000,18,23,1,0,15,68,49,31666.0000,28.0000,312,323,6930,322288,15.8482,0.0000,597399658
2326.0000,18,24,1,0,16,68,48,32395.0000,20.0000,312,323,6930,322288,15.2482,0.0000,597518570
2327.0000,18,23,1,0,16,70,48,33353.0000,12.0000,312,323,6930,322288,13.8482,0.0000,597637989
2328.0000,18,15,1,0,16,75,49,34387.0000,4.0000,312,323,6930,322288,12.4482,1.2685,597762357
2329.0000,18,13,1,0,16,75,48,33147.0000,4.0000,312,323,6932,322288,13.4482,0.0000,597878500
2330.0000,18,13,1,0,17,74,50,32960.0000,724.0000,312,323,6932,322288,14.1482,0.0000,597997086
2331.0000,18,14,1,0,17,73,51,31718.0000,668.0000,312,323,6932,322288,13.1482,0.0000,598117030
2332.0000,18,15,1,0,17,71,50,32019.0000,508.0000,312,323,6932,322288,13.9482,0.1057,598236539
2333.0000,18,16,1,0,17,69,49,31389.0000,300.0000,312,323,6932,322288,11.1482,0.3171,598360684
2334.0000,18,17,1,0,16,49,49,30066.0000,161.0000,312,323,6974,322288,11.7482,0.0000,598485703
2335.0000,18,18,1,0,16,45,49,31509.0000,40.0000,312,323,6974,322288,9.5482,0.0000,598613493
2336.0000,18,19,1,0,15,43,50,33172.0000,32.0000,312,323,6974,322288,11.3482,0.0000,598746520
2337.0000,18,20,1,0,15,41,47,34483.0000,189.0000,312,323,6976,322288,11.1482,0.0000,598869794
2338.0000,18,21,1,0,15,40,49,36230.0000,52.0000,312,323,6976,322288,16.3482,0.0000,598986102
2339.0000,17,22,1,0,15,41,48,35113.0000,44.0000,312,324,6978,322288,18.1482,0.0000,599110710
2340.0000,17,23,1,0,15,41,50,36293.0000,36.0000,312,324,6978,322288,14.8482,0.0000,599223649
2341.0000,16,23,1,0,15,42,53,35641.0000,28.0000,312,325,6978,322288,15.6482,0.0000,599334747
2342.0000,16,23,1,0,14,40,54,35316.0000,20.0000,312,325,6978,322288,13.4482,0.0000,599445253
2343.0000,16,17,1,0,14,40,51,33410.0000,12.0000,312,325,6978,322288,13.9482,0.4228,599556797
2344.0000,16,17,1,0,14,41,51,34118.0000,4.0000,312,325,6978,322288,12.7482,0.0000,599658174
2345.0000,16,17,1,0,14,42,52,34452.0000,269.0000,312,325,6978,322288,13.8482,0.0000,599766732
2346.0000,15,18,1,0,14,43,52,33345.0000,135.0000,312,326,6978,322288,14.4482,0.0000,599880328
2347.0000,15,19,1,0,14,43,51,31912.0000,794.0000,312,326,6980,322288,15.3482,2.7484,599993563
2348.0000,15,20,1,0,15,42,56,33247.0000,578.0000,312,326,6980,322288,15.9482,0.0000,600109369
2349.0000,15,21,1,0,16,33,56,34093.0000,378.0000,312,326,6982,322288,13.6482,0.0000,600215006
2350.0000,15,22,1,0,16,30,56,34546.0000,156.0000,312,326,6982,322288,15.6482,0.0000,600315021
2351.0000,15,23,1,0,16,29,55,34428.0000,68.0000,312,326,6982,322288,15.0482,0.0000,600418389
2352.0000,15,24,1,0,15,29,57,34050.0000,373.0000,312,326,6982,322288,14.6482,0.1057,600526059
2353.0000,15,25,1,0,15,29,55,33529.0000,100.0000,312,326,6982,322288,11.1482,0.0000,600630309
2354.0000,14,26,1,0,15,30,52,32575.0000,135.0000,312,327,6984,322288,10.8482,0.0000,600734318
2355.0000,14,27,1,0,15,30,58,32192.0000,84.0000,312,327,6984,322288,9.9482,0.0000,600831004
2356.0000,14,28,1,0,16,30,59,31578.0000,509.0000,312,327,6984,322288,11.3686,0.0000,600931334
2357.0000,14,29,1,0,16,30,58,30847.0000,80.0000,312,327,6986,322288,10.7840,0.0000,601034554
2358.0000,14,30,1,0,17,30,56,30795.0000,72.0000,312,327,6986,322288,8.2485,0.0000,601138390
2359.0000,14,30,1,0,17,31,56,30571.0000,64.0000,312,327,6988,322288,7.9311,0.0000,601241771
2360.0000,14,26,1,0,17,36,56,30554.0000,56.0000,312,327,6990,322288,9.4363,0.0000,601339868
2361.0000,13,26,1,0,17,38,55,30487.0000,48.0000,312,328,6990,322288,10.3363,0.0000,601443116
2362.0000,13,18,1,0,18,46,61,30865.0000,40.0000,312,328,6992,322288,11.1363,0.0000,601549532
2363.0000,13,18,1,0,19,46,60,29293.0000,32.0000,312,328,6994,322288,12.8363,0.0000,601639676
2364.0000,13,19,1,0,19,39,62,31083.0000,547.0000,312,328,6994,322288,9.9363,0.0000,601736758
2365.0000,13,20,1,0,20,38,60,32441.0000,403.0000,312,328,6994,322288,10.4363,0.0000,601827009
2366.0000,13,21,1,0,20,37,61,33067.0000,243.0000,312,328,6994,322288,9.3363,0.0000,601919945
2367.0000,13,22,1,0,20,37,59,32119.0000,60.0000,312,328,6996,322288,7.8363,0.0000,602011008
2368.0000,13,23,1,0,20,37,60,33514.0000,52.0000,312,328,6998,322288,7.0363,0.0000,602110645
2369.0000,13,24,1,0,20,37,64,33524.0000,44.0000,312,328,6998,322288,8.5363,0.0000,602195971
2370.0000,13,25,1,0,19,37,66,35419.0000,151.0000,312,328,6998,322288,8.2363,0.0000,602283938
2371.0000,13,26,1,0,17,37,64,36343.0000,76.0000,312,328,6998,322288,8.8363,0.0000,602368835
2372.0000,13,27,1,0,16,34,66,35759.0000,68.0000,312,328,6998,322288,11.1363,0.0000,602451913
2373.0000,13,28,1,0,16,34,66,35028.0000,736.0000,312,328,6998,322288,11.3363,0.0000,602542961
2374.0000,13,29,1,0,16,34,67,34558.0000,681.0000,312,328,6998,322288,8.4363,0.0000,602637173
2375.0000,13,30,1,0,16,34,63,35755.0000,322.0000,312,328,7002,322288,9.6363,0.0000,602730906
2376.0000,13,31,1,0,15,34,66,36490.0000,96.0000,312,328,7004,322288,8.5363,0.0000,602822562
2377.0000,13,32,1,0,15,34,64,36692.0000,88.0000,312,328,7004,322288,7.9363,0.0000,602915949
2378.0000,13,33,1,0,14,34,65,37017.0000,92.0000,312,328,7004,322288,11.1363,0.0000,603007761
2379.0000,13,34,1,0,14,33,65,37537.0000,84.0000,312,328,7004,322288,11.0363,0.0000,603097713
2380.0000,12,35,1,0,15,33,66,36707.0000,76.0000,312,329,7008,322288,11.6363,0.0000,603190462
2381.0000,11,35,1,0,15,28,67,36408.0000,76.0000,312,330,7008,322288,11.0363,0.0000,603274579
2382.0000,10,33,1,0,15,30,64,35791.0000,100.0000,312,331,7008,322288,10.9363,0.0000,603349134
2383.0000,9,27,1,0,15,29,65,34714.0000,92.0000,312,332,7008,322288,6.9363,0.0000,603414623
2384.0000,9,27,1,0,14,29,64,36198.0000,84.0000,312,332,7008,322288,7.9363,0.0000,603480811
2385.0000,9,27,1,0,13,30,66,36029.0000,918.0000,312,332,7008,322288,10.4363,0.0000,603550017
2386.0000,9,27,1,0,12,30,63,35416.0000,100.0000,312,332,7008,322288,8.8363,0.0000,603616566
2387.0000,9,27,1,0,11,30,63,34031.0000,100.0000,312,332,7008,322288,9.0363,0.0000,603676872
2388.0000,9,27,1,0,10,30,61,34377.0000,100.0000,312,332,7008,322288,8.1363,0.0000,603743018
2389.0000,9,27,1,0,10,31,61,34615.0000,552.0000,312,332,7008,322288,8.1363,0.0000,603808914
2390.0000,9,27,1,0,10,32,63,34087.0000,96.0000,312,332,7008,322288,8.7363,0.0000,603873178
2391.0000,9,22,1,0,10,38,61,33388.0000,88.0000,312,332,7008,322288,10.1363,0.0000,603935724
2392.0000,9,23,1,0,10,36,61,32595.0000,80.0000,312,332,7008,322288,10.6363,0.0000,603997575
2393.0000,9,22,1,0,11,38,62,31906.0000,72.0000,312,332,7008,322288,10.5363,0.0000,604063322
2394.0000,9,22,1,0,11,38,60,31104.0000,64.0000,312,332,7008,322288,11.4363,0.0000,604130518
2395.0000,9,19,1,0,11,41,59,31058.0000,56.0000,312,332,7008,322288,9.2363,0.0000,604197522
2396.0000,9,18,1,0,11,42,59,31407.0000,460.0000,312,332,7008,322288,11.9363,0.0000,604259507
2397.0000,9,19,1,0,11,42,57,31477.0000,356.0000,312,332,7008,322288,14.6363,0.0000,604321136
2398.0000,9,20,1,0,12,42,56,31871.0000,252.0000,312,332,7008,322288,13.5363,0.0000,604383853
2399.0000,9,21,1,0,12,42,54,32141.0000,96.0000,312,332,7012,322288,13.2363,0.0000,604445918
2400.0000,9,22,1,0,11,41,56,32356.0000,768.0000,312,332,7012,322288,12.1363,0.0000,604509911
2401.0000,8,23,1,0,11,42,56,31766.0000,504.0000,312,333,7012,322288,12.2363,0.0000,604575744
2402.0000,8,24,1,0,11,41,59,31974.0000,1454.0000,312,333,7014,322288,13.3363,0.0000,604632807
2403.0000,8,24,1,0,11,39,62,31374.0000,1892.0000,312,333,7014,322288,13.3363,0.0000,604684355
2404.0000,8,24,1,0,11,32,58,31277.0000,1668.0000,312,333,7014,322288,14.9363,1.5097,604738402
2405.0000,8,24,1,0,12,30,57,32634.0000,1984.0000,312,333,7014,322288,14.7363,0.0000,604789662
2406.0000,8,24,1,0,12,29,52,30628.0000,2388.0000,312,333,7014,322288,15.1363,0.0000,604838699
2407.0000,8,24,1,0,13,29,55,32019.0000,1980.0000,312,333,7014,322288,14.2363,0.0000,604885800
2408.0000,8,24,1,0,13,29,57,34280.0000,3194.0000,312,333,7014,322288,12.0363,0.0000,604938169
2409.0000,7,24,1,0,14,30,55,33373.0000,2678.0000,312,334,7014,322288,17.8363,0.0000,604985807
2410.0000,9,23,1,0,14,29,56,33789.0000,2240.0000,314,334,7014,322288,17.1363,0.0000,605033480
2411.0000,10,23,1,0,15,28,54,34566.0000,3023.0000,315,334,7018,322288,13.5363,0.0000,605099051
2412.0000,10,24,1,0,14,22,51,36560.0000,2471.0000,315,334,7020,322288,13.2363,0.0000,605162635
2413.0000,10,25,1,0,15,22,50,34446.0000,1918.0000,315,334,7020,322288,17.0363,0.0000,605232497
2414.0000,10,26,1,0,15,20,52,32798.0000,1397.0000,315,334,7022,322288,13.1363,0.0000,605296785
2415.0000,10,27,1,0,15,19,49,33963.0000,1541.0000,315,334,7022,322288,12.4363,0.0000,605358103
2416.0000,10,28,1,0,15,15,50,32134.0000,1069.0000,315,334,7022,322288,15.1363,0.0000,605425241
2417.0000,8,28,1,0,15,15,51,32289.0000,537.0000,315,336,7022,322288,11.7363,0.0000,605490437
2418.0000,8,28,1,0,15,15,53,32860.0000,1348.0000,315,336,7022,322288,10.3363,0.0000,605548618
2419.0000,8,28,1,0,14,14,52,33387.0000,988.0000,315,336,7024,322288,10.9363,0.0000,605608028
2420.0000,8,28,1,0,14,14,52,33092.0000,1065.0000,315,336,7024,322288,11.9363,0.0000,605660632
2421.0000,8,28,1,0,13,13,54,32548.0000,729.0000,315,336,7024,322288,12.4363,0.0000,605713573
2422.0000,8,28,1,0,14,13,53,31461.0000,393.0000,315,336,7024,322288,15.5363,1.3210,605767690
2423.0000,8,28,1,0,14,13,53,31607.0000,112.0000,315,336,7024,322288,15.3363,0.0000,605828038
2424.0000,8,28,1,0,13,13,53,31059.0000,112.0000,315,336,7026,322288,16.4363,0.0944,605887490
2425.0000,8,28,1,0,12,13,51,30498.0000,112.0000,315,336,7026,322288,14.9363,0.0000,605941901
2426.0000,8,28,1,0,12,13,55,29554.0000,112.0000,315,336,7026,322288,14.7363,0.0000,605997472
2427.0000,8,28,1,0,12,13,55,29225.0000,112.0000,315,336,7026,322288,13.2363,0.0000,606051621
2428.0000,8,24,1,0,12,17,55,28833.0000,112.0000,315,336,7026,322288,13.9363,0.0000,606108931
2429.0000,8,24,1,0,12,18,57,28572.0000,301.0000,315,336,7026,322288,12.1363,0.0000,606166644
2430.0000,8,24,1,0,12,18,55,27484.0000,104.0000,315,336,7026,322288,15.9363,0.0000,606224358
2431.0000,8,24,1,0,12,18,59,27980.0000,318.0000,315,336,7026,322288,14.6363,0.0000,606278336
2432.0000,8,24,1,0,12,18,57,29111.0000,1015.0000,315,336,7026,322288,12.3363,0.0000,606335806
2433.0000,10,21,1,0,12,19,57,29962.0000,771.0000,318,337,7026,322288,11.9363,0.0000,606388799
2434.0000,11,21,1,0,12,19,55,29195.0000,619.0000,319,337,7030,322288,13.0363,0.0000,606463185
2435.0000,11,22,1,0,12,18,56,29577.0000,491.0000,319,337,7030,322288,10.9363,0.0000,606536005
2436.0000,11,23,1,0,11,18,57,30814.0000,1165.0000,319,337,7030,322288,12.1363,0.0000,606620912
2437.0000,12,23,1,0,11,17,56,31256.0000,1037.0000,320,337,7030,322288,12.3363,0.2831,606705195
2438.0000,13,23,1,0,11,17,53,29086.0000,909.0000,321,337,7030,322288,14.6363,0.3774,606801936
2439.0000,14,23,1,0,11,17,47,27036.0000,781.0000,322,337,7032,322288,11.6363,0.0000,606907071
2440.0000,14,24,1,0,11,17,52,28276.0000,1185.0000,322,337,7032,322288,10.4363,0.0000,607008212
2441.0000,14,25,1,0,13,17,49,29635.0000,1057.0000,322,337,7032,322288,11.9363,0.0000,607107742
2442.0000,14,26,1,0,14,17,51,30919.0000,929.0000,322,337,7032,322288,13.8363,0.4718,607205396
2443.0000,15,26,1,0,14,17,49,29494.0000,801.0000,323,337,7032,322288,16.1363,0.0000,607317054
2444.0000,17,25,1,0,14,16,44,30612.0000,617.0000,325,337,7032,322288,15.5363,0.0000,607433108
2445.0000,17,25,1,0,17,17,42,31406.0000,437.0000,326,338,7036,322288,14.1363,0.0000,607562494
2446.0000,17,26,1,0,17,17,42,32488.0000,285.0000,326,338,7040,322288,12.7363,1.1323,607688036
2447.0000,19,25,1,0,19,17,44,31384.0000,800.0000,328,338,7040,322288,13.7363,0.0000,607824650
2448.0000,19,26,1,0,19,17,42,31359.0000,646.0000,328,338,7040,322288,14.4363,0.0000,607965952
2449.0000,20,26,1,0,19,14,42,30419.0000,486.0000,329,338,7040,322288,13.4363,0.0000,608117155
2450.0000,21,27,1,0,19,12,40,30836.0000,350.0000,330,338,7040,322288,14.2363,0.0944,608272735
2451.0000,21,29,1,0,19,12,40,30320.0000,198.0000,330,338,7042,322288,11.4363,0.2831,608433765
2452.0000,22,30,1,0,19,12,41,29363.0000,48.0000,331,338,7042,322288,12.0363,0.0000,608601674
2453.0000,23,31,1,0,19,12,43,31412.0000,32.0000,332,338,7044,322288,9.8363,0.0000,608772764
2454.0000,23,33,1,0,19,11,42,33428.0000,16.0000,332,338,7046,322288,11.6363,0.0000,608944447
2455.0000,24,34,1,0,19,11,45,35816.0000,0.0000,333,338,7048,322288,11.4363,0.0000,609115196
2456.0000,24,35,1,0,19,12,48,38816.0000,20.0000,333,338,7048,322288,16.6363,0.0000,609293347
2457.0000,24,36,1,0,18,12,50,38684.0000,4.0000,333,338,7048,322288,18.4363,0.0000,609457944
2458.0000,24,38,1,0,17,12,52,39881.0000,632.0000,333,338,7048,322288,15.1363,0.0000,609635566
2459.0000,24,40,1,0,17,12,53,39295.0000,336.0000,333,338,7050,322288,15.9363,0.0000,609818480
2460.0000,23,42,1,0,16,13,55,38292.0000,360.0000,333,339,7050,322288,13.7363,0.0000,609996591
2461.0000,22,44,1,0,17,14,55,35914.0000,60.0000,333,340,7050,322288,14.2363,0.3774,610169474
2462.0000,21,46,1,0,17,15,56,36453.0000,44.0000,333,341,7050,322288,13.0363,0.0000,610345222
2463.0000,21,48,1,0,17,15,56,37003.0000,28.0000,333,341,7054,322288,14.1363,0.0000,610507489
2464.0000,21,50,1,0,18,15,54,36543.0000,72.0000,333,341,7054,322288,14.7363,0.0000,610664120
2465.0000,21,52,1,0,18,15,53,35061.0000,56.0000,333,341,7054,322288,15.6363,2.4533,610829118
2466.0000,21,54,1,0,18,15,57,36476.0000,40.0000,333,341,7056,322288,16.2363,0.0000,610992859
2467.0000,21,56,1,0,19,15,57,37265.0000,84.0000,333,341,7058,322288,13.9363,0.0000,611161794
2468.0000,24,54,1,0,19,16,56,37668.0000,68.0000,336,341,7060,322288,15.9363,0.0000,611324112
2469.0000,25,55,1,0,19,16,58,37882.0000,52.0000,337,341,7060,322288,15.3363,0.0000,611511869
2470.0000,26,55,1,0,19,17,58,37855.0000,72.0000,338,341,7060,322288,14.9363,0.0944,611710119
2471.0000,26,54,1,0,18,20,57,37923.0000,56.0000,338,341,7060,322288,11.4363,0.0000,611910127
2472.0000,26,49,1,0,18,27,57,37657.0000,40.0000,338,341,7060,322288,11.1363,0.0000,612110067
2473.0000,26,48,1,0,18,30,59,37430.0000,24.0000,338,341,7060,322288,10.2363,0.0000,612318686
2474.0000,26,47,1,0,18,33,59,36871.0000,8.0000,338,341,7060,322288,11.6317,0.0000,612512206
2475.0000,26,38,1,0,17,44,61,36143.0000,433.0000,338,341,7060,322288,10.9878,0.0000,612718457
2476.0000,26,40,1,0,16,43,64,36150.0000,205.0000,338,341,7066,322288,8.3814,0.0000,612919833
2477.0000,26,42,1,0,14,41,60,35927.0000,40.0000,338,341,7066,322288,8.0046,0.0000,613120088
2478.0000,26,44,1,0,14,39,62,35491.0000,24.0000,338,341,7066,322288,9.4849,0.0000,613301373
2479.0000,26,46,1,0,14,38,63,35448.0000,8.0000,338,341,7066,322288,10.3849,0.0000,613495466
2480.0000,26,46,1,0,13,39,59,35070.0000,0.0000,338,341,7068,322288,11.1849,0.0000,613679305
2481.0000,26,45,1,0,13,40,55,33166.0000,0.0000,338,341,7068,322288,12.8849,0.0000,613883710
2482.0000,26,34,1,0,13,51,56,33741.0000,0.0000,338,341,7070,322288,9.9849,0.0000,614077687
2483.0000,26,34,1,0,12,52,59,34353.0000,510.0000,338,341,7072,322288,10.4849,0.0000,614274693
2484.0000,26,36,1,0,12,52,58,34346.0000,242.0000,338,341,7074,322288,9.3849,0.0000,614470313
2485.0000,26,38,1,0,12,52,59,33228.0000,44.0000,338,341,7074,322288,7.8849,0.0000,614677973
2486.0000,27,39,1,0,12,52,58,33524.0000,64.0000,339,341,7076,322288,7.0849,0.0000,614879478
2487.0000,27,41,1,0,12,52,57,32773.0000,465.0000,339,341,7076,322288,8.5849,0.0000,615087078
2488.0000,27,43,1,0,12,52,57,33267.0000,68.0000,339,341,7076,322288,8.2849,0.0000,615291394
2489.0000,27,45,1,0,12,51,55,33329.0000,661.0000,339,341,7080,322288,8.8849,0.0000,615481492
2490.0000,27,47,1,0,12,51,56,32754.0000,154.0000,339,341,7080,322288,11.1849,0.0000,615688154
2491.0000,27,49,1,0,12,50,51,32224.0000,68.0000,339,341,7080,322288,11.3849,0.0000,615884251
2492.0000,27,51,1,0,12,47,53,31926.0000,52.0000,339,341,7082,322288,8.4849,0.0000,616090567
2493.0000,28,52,1,0,12,40,50,32978.0000,294.0000,340,341,7082,322288,9.6849,0.0000,616286724
2494.0000,29,51,1,0,12,39,47,33511.0000,44.0000,341,341,7088,322288,8.5849,0.0000,616498188
2495.0000,29,51,1,0,12,38,46,33930.0000,64.0000,341,341,7092,322288,7.9849,0.0000,616707076
2496.0000,29,47,1,0,12,33,46,34214.0000,48.0000,341,341,7092,322288,11.1849,0.0000,616920585
2497.0000,29,46,1,0,12,36,45,34992.0000,32.0000,341,341,7094,322288,11.0849,0.0000,617140764
2498.0000,29,46,1,0,12,38,44,35159.0000,16.0000,341,341,7094,322288,11.6849,0.0000,617356544
2499.0000,29,46,1,0,15,40,42,35614.0000,0.0000,341,341,7096,322288,11.0849,0.0000,617584802
2500.0000,29,33,1,0,14,53,40,35660.0000,0.0000,341,341,7098,322288,10.9849,0.0000,617800548
2501.0000,29,35,1,0,14,53,38,34983.0000,1056.0000,341,341,7098,322288,6.9849,0.0000,618014847
2502.0000,29,37,1,0,13,51,40,35671.0000,800.0000,341,341,7098,322288,7.9849,0.0000,618214840
2503.0000,29,39,1,0,15,40,40,34975.0000,496.0000,341,341,7104,322288,10.4849,0.0000,618429446
2504.0000,29,41,1,0,16,39,41,34373.0000,914.0000,341,341,7104,322288,8.8849,0.0000,618637954
2505.0000,29,43,1,0,16,39,36,33378.0000,554.0000,341,341,7106,322288,9.0849,0.0000,618851907
2506.0000,29,45,1,0,15,39,39,34048.0000,1013.0000,341,341,7106,322288,8.1849,0.0000,619065505
2507.0000,29,47,1,0,15,39,40,34143.0000,525.0000,341,341,7108,322288,8.1849,0.0000,619278117
2508.0000,29,49,1,0,15,39,43,33395.0000,61.0000,341,341,7108,322288,8.7849,0.0000,619492514
2509.0000,29,51,1,0,16,38,39,32876.0000,57.0000,341,341,7108,322288,10.1849,0.0000,619698235
2510.0000,29,53,1,0,15,38,40,32287.0000,41.0000,341,341,7108,322288,10.6849,0.0000,619914339
2511.0000,29,55,1,0,15,38,40,31770.0000,25.0000,341,341,7108,322288,10.5849,0.0000,620132115
2512.0000,29,56,1,0,14,39,40,31326.0000,57.0000,341,341,7108,322288,11.4849,0.0000,620361318
2513.0000,29,53,1,0,15,44,39,31611.0000,41.0000,341,341,7112,322288,9.2849,0.0000,620585962
2514.0000,29,51,1,0,15,48,42,32216.0000,542.0000,341,341,7114,322288,11.9849,0.0000,620802848
2515.0000,29,53,1,0,15,47,45,32481.0000,69.0000,341,341,7114,322288,14.6849,0.0000,621026385
2516.0000,29,55,1,0,14,45,43,33437.0000,53.0000,341,341,7114,322288,13.5849,0.0000,621252216
2517.0000,29,57,1,0,14,38,42,34205.0000,37.0000,341,341,7114,322288,13.2849,0.0000,621463703
2518.0000,29,58,1,0,14,36,36,35154.0000,21.0000,341,341,7118,322288,12.1849,0.0000,621684927
2519.0000,29,58,1,0,14,36,37,36100.0000,41.0000,341,341,7118,322288,12.2849,0.0000,621899305
2520.0000,29,49,1,0,14,45,37,37114.0000,25.0000,341,341,7118,322288,13.3849,0.0000,622120719
2521.0000,29,48,1,0,14,35,39,37124.0000,9.0000,341,341,7118,322288,13.3849,0.0000,622351959
2522.0000,29,47,1,0,14,38,42,37841.0000,29.0000,341,341,7122,322288,14.9849,1.7198,622576940
2523.0000,29,47,1,0,15,40,41,40342.0000,13.0000,341,341,7122,322288,14.7849,0.0000,622797497
2524.0000,29,45,1,0,16,43,43,38657.0000,5.0000,341,341,7122,322288,15.1849,0.0000,623027992
2525.0000,29,43,1,0,16,45,42,41378.0000,5.0000,341,341,7124,322288,14.2849,0.0000,623241754
2526.0000,29,40,1,0,16,48,43,45071.0000,5.0000,341,341,7124,322288,12.0849,0.0000,623451759
2527.0000,29,29,1,0,16,59,44,45199.0000,5.0000,341,341,7126,322288,17.8849,0.0000,623673612
2528.0000,29,26,1,0,17,61,43,46121.0000,5.0000,341,341,7126,322288,17.1849,0.0000,623885116
2529.0000,29,24,1,0,16,62,44,47720.0000,5.0000,341,341,7130,322288,13.5849,0.0000,624098113
2530.0000,29,22,1,0,15,63,47,49526.0000,5.0000,341,341,7130,322288,13.2849,0.0000,624301970
2531.0000,29,23,1,0,15,64,48,46987.0000,25.0000,341,341,7130,322288,17.0849,0.0000,624508328
2532.0000,29,25,1,0,15,64,47,45053.0000,9.0000,341,341,7132,322288,13.1849,0.0000,624728971
2533.0000,29,26,1,0,16,63,50,46297.0000,1.0000,341,341,7134,322288,12.4849,0.0000,624941898
2534.0000,29,26,1,0,16,58,49,43898.0000,1.0000,341,341,7134,322288,15.1849,0.0000,625156954
2535.0000,29,26,1,0,16,56,51,45386.0000,21.0000,341,341,7134,322288,11.7849,0.0000,625370409
2536.0000,29,26,1,0,16,58,51,47053.0000,5.0000,341,341,7136,322288,10.3849,0.0000,625572715
2537.0000,29,25,1,0,16,59,53,49088.0000,5.0000,341,341,7136,322288,10.9849,0.0000,625772688
2538.0000,29,24,1,0,16,61,54,49556.0000,45.0000,341,341,7136,322288,11.9849,0.0000,625990044
2539.0000,29,26,1,0,16,60,54,48932.0000,29.0000,341,341,7138,322288,12.4849,0.0000,626218756
2540.0000,29,27,1,0,15,59,54,47464.0000,13.0000,341,341,7138,322288,15.5849,1.5048,626433717
2541.0000,29,28,1,0,16,48,55,47445.0000,5.0000,341,341,7138,322288,15.3849,0.0000,626656207
2542.0000,29,27,1,0,17,46,53,46769.0000,5.0000,341,341,7138,322288,16.4849,0.1075,626873672
2543.0000,30,17,1,0,17,52,55,46449.0000,5.0000,342,341,7138,322288,14.9849,0.0000,627100831
2544.0000,30,15,1,0,17,52,54,45627.0000,5.0000,342,341,7138,322288,14.7849,0.0000,627340423
2545.0000,30,17,1,0,17,49,57,45898.0000,359.0000,342,341,7138,322288,13.2849,0.0000,627563552
2546.0000,30,19,1,0,17,47,58,46002.0000,187.0000,342,341,7140,322288,13.9849,0.0000,627797918
2547.0000,30,20,1,0,18,44,59,46023.0000,25.0000,342,341,7142,322288,12.1849,0.0000,628025460
2548.0000,30,20,1,0,18,32,60,44571.0000,1.0000,342,341,7146,322288,15.9849,0.0000,628256877
2549.0000,30,21,1,0,18,29,60,45687.0000,264.0000,342,341,7146,322288,14.6849,0.0000,628482168
2550.0000,30,23,1,0,18,27,62,47846.0000,34.0000,342,341,7148,322288,12.3849,0.0000,628695326
2551.0000,30,25,1,0,18,25,64,49872.0000,18.0000,342,341,7150,322288,11.9849,0.0000,628919212
2552.0000,30,27,1,0,18,24,62,48635.0000,654.0000,342,341,7152,322288,13.0849,0.0000,629133608
2553.0000,30,29,1,0,18,24,63,49405.0000,46.0000,342,341,7156,322288,10.9849,0.0000,629348101
2554.0000,30,31,1,0,18,23,65,51392.0000,30.0000,342,341,7156,322288,12.1849,0.0000,629572009
2555.0000,30,33,1,0,17,23,67,52771.0000,14.0000,342,341,7160,322288,12.3849,0.3225,629785540
2556.0000,30,33,1,0,18,22,64,49382.0000,6.0000,342,341,7166,322288,14.6849,0.4299,630021240
2557.0000,30,32,1,0,18,22,66,46138.0000,6.0000,342,341,7166,322288,11.6849,0.0000,630246604
2558.0000,30,19,1,0,18,31,68,47752.0000,6.0000,342,341,7166,322288,10.4849,0.0000,630470439
2559.0000,30,19,1,0,17,28,68,49490.0000,6.0000,342,341,7168,322288,11.9849,0.0000,630687901
2560.0000,30,19,1,0,17,28,66,50708.0000,6.0000,342,341,7168,322288,13.8849,0.5374,630921362
2561.0000,30,21,1,0,16,27,68,48293.0000,519.0000,342,341,7168,322288,16.1849,0.0000,631144099
2562.0000,30,23,1,0,16,27,70,49061.0000,757.0000,342,341,7168,322288,15.5849,0.0000,631358043
2563.0000,30,25,1,0,16,26,67,50187.0000,621.0000,342,341,7170,322288,14.1849,0.0000,631571253
2564.0000,30,27,1,0,16,18,67,50951.0000,384.0000,342,341,7172,322288,12.7849,1.2898,631791796
2565.0000,30,29,1,0,16,15,67,48719.0000,98.0000,342,341,7172,322288,13.7849,0.0000,632010479
2566.0000,30,31,1,0,16,15,66,47880.0000,14.0000,342,341,7176,322288,14.4849,0.0000,632229815
2567.0000,30,33,1,0,14,15,67,45856.0000,22.0000,342,341,7178,322288,13.4849,0.0000,632449244
2568.0000,30,35,1,0,14,15,67,45133.0000,42.0000,342,341,7180,322288,14.2849,0.1075,632662207
2569.0000,30,37,1,0,12,15,69,43463.0000,50.0000,342,341,7180,322288,11.4849,0.3225,632885667
2570.0000,30,39,1,0,11,15,65,41093.0000,34.0000,342,341,7184,322288,12.0849,0.0000,633113679
2571.0000,30,40,1,0,11,16,65,41120.0000,18.0000,342,341,7184,322288,9.8849,0.0000,633337261
2572.0000,30,40,1,0,11,18,63,41254.0000,2.0000,342,341,7186,322288,11.6849,0.0000,633553141
2573.0000,30,37,1,0,11,21,64,41596.0000,2.0000,342,341,7186,322288,11.4849,0.0000,633769556
2574.0000,30,29,1,0,11,31,64,42639.0000,546.0000,342,341,7186,322288,16.6849,0.0000,633986397
2575.0000,30,31,1,0,11,31,61,41579.0000,410.0000,342,341,7194,322288,18.4849,0.0000,634200115
2576.0000,30,33,1,0,10,31,61,42009.0000,990.0000,342,341,7194,322288,15.1849,0.0000,634423894
2577.0000,30,35,1,0,10,31,63,40763.0000,1099.0000,342,341,7196,322288,15.9849,0.0000,634653243
2578.0000,30,37,1,0,10,29,60,39484.0000,771.0000,342,341,7196,322288,13.7849,0.0000,634875793
2579.0000,30,39,1,0,10,16,59,37212.0000,1281.0000,342,341,7198,322288,14.2849,0.4299,635110165
2580.0000,30,41,1,0,10,16,59,37152.0000,857.0000,342,341,7202,322288,13.0849,0.0000,635338591
2581.0000,30,43,1,0,11,16,59,36911.0000,845.0000,342,341,7202,322288,14.1849,0.0000,635553837
2582.0000,30,45,1,0,11,16,54,35855.0000,719.0000,342,341,7202,322288,14.7849,0.0000,635789516
2583.0000,30,47,1,0,12,16,52,34004.0000,187.0000,342,341,7206,322288,15.6849,2.7947,636007807
2584.0000,30,49,1,0,13,16,51,34244.0000,54.0000,342,341,7206,322288,16.2849,0.0000,636241755
2585.0000,30,51,1,0,13,16,44,34207.0000,38.0000,342,341,7208,322288,13.9849,0.0000,636470593
2586.0000,30,53,1,0,14,16,45,33926.0000,22.0000,342,341,7210,322288,15.9849,0.0000,636696097
2587.0000,30,54,1,0,14,17,45,33366.0000,66.0000,342,341,7210,322288,15.3849,0.0000,636923068
2588.0000,30,53,1,0,13,20,43,32715.0000,50.0000,342,341,7210,322288,14.9849,0.1075,637143077
2589.0000,30,47,1,0,14,28,38,31911.0000,34.0000,342,341,7212,322288,11.4849,0.0000,637373908
2590.0000,30,48,1,0,14,29,37,31083.0000,18.0000,342,341,7212,322288,11.1849,0.0000,637604854
2591.0000,30,48,1,0,13,31,36,30095.0000,50.0000,342,341,7214,322288,10.2849,0.0000,637831994
2592.0000,30,49,1,0,13,31,37,28974.0000,70.0000,342,341,7218,322288,11.7018,0.0000,638053421
2593.0000,30,50,1,0,13,30,33,27710.0000,54.0000,342,341,7220,322288,11.1090,0.0000,638285100
2594.0000,30,51,1,0,15,28,32,27058.0000,62.0000,342,341,7222,322288,8.5637,0.0000,638520099
2595.0000,30,53,1,0,14,18,30,26464.0000,46.0000,342,341,7224,322288,8.2382,0.0000,638750780
2596.0000,30,55,1,0,15,18,29,25887.0000,54.0000,342,341,7224,322288,9.7399,0.0000,639000427
2597.0000,30,55,1,0,15,20,28,25613.0000,74.0000,342,341,7226,322288,10.6399,0.0000,639245459
2598.0000,30,55,1,0,17,22,28,25284.0000,58.0000,342,341,7228,322288,11.4399,0.0000,639474176
2599.0000,30,56,1,0,17,23,29,24080.0000,42.0000,342,341,7232,322288,13.1399,0.0000,639701878
2600.0000,30,56,1,0,17,25,28,24634.0000,598.0000,342,341,7232,322288,10.2399,0.0000,639923451
2601.0000,30,56,1,0,17,27,29,25246.0000,70.0000,342,341,7232,322288,10.7399,0.0000,640145642
2602.0000,30,58,1,0,17,27,30,25702.0000,54.0000,342,341,7232,322288,9.6399,0.0000,640382904
2603.0000,31,59,1,0,17,27,30,25250.0000,38.0000,343,341,7232,322288,8.1399,0.0000,640600878
2604.0000,31,61,1,0,17,27,30,26082.0000,22.0000,343,341,7232,322288,7.3399,0.0000,640839259
2605.0000,32,61,1,0,16,28,28,26191.0000,6.0000,344,341,7236,322288,8.8399,0.0000,641083184
2606.0000,32,44,1,0,16,45,32,27330.0000,6.0000,344,341,7242,322288,8.5399,0.0000,641342358
2607.0000,32,42,1,0,15,47,31,28155.0000,6.0000,344,341,7244,322288,9.1399,0.0000,641587831
2608.0000,32,41,1,0,15,47,33,28193.0000,6.0000,344,341,7244,322288,11.4399,0.0000,641840762
2609.0000,32,40,1,0,14,46,35,28260.0000,34.0000,344,341,7246,322288,11.6399,0.0000,642077022
2610.0000,33,41,1,0,14,38,29,28323.0000,18.0000,345,341,7246,322288,8.7399,0.0000,642326643
2611.0000,33,43,1,0,14,37,31,29669.0000,2.0000,345,341,7246,322288,9.9399,0.0000,642582156
2612.0000,33,43,1,0,15,35,31,30555.0000,2.0000,345,341,7250,322288,8.8399,0.0000,642823400
2613.0000,33,41,1,0,15,36,33,31406.0000,2.0000,345,341,7256,322288,8.2399,0.0000,643086687
2614.0000,33,34,1,0,15,42,33,32374.0000,2.0000,345,341,7256,322288,11.4399,0.0000,643340443
2615.0000,33,32,1,0,15,44,36,33905.0000,149.0000,345,341,7256,322288,11.3399,0.0000,643587327
2616.0000,33,34,1,0,17,44,36,34606.0000,26.0000,345,341,7258,322288,11.9399,0.0000,643845396
2617.0000,33,36,1,0,18,44,36,35683.0000,10.0000,345,341,7262,322288,11.3399,0.0000,644085406
2618.0000,33,38,1,0,18,42,36,36282.0000,377.0000,345,341,7262,322288,11.2399,0.0000,644333130
2619.0000,33,40,1,0,18,40,38,36166.0000,38.0000,345,341,7262,322288,7.2399,0.0000,644581753
2620.0000,33,41,1,0,18,40,40,37799.0000,22.0000,346,342,7262,322288,8.2399,0.0000,644843102
2621.0000,35,41,1,0,17,38,39,38638.0000,6.0000,348,342,7262,322288,10.7399,0.0000,645092781
2622.0000,35,39,1,0,17,38,40,38982.0000,6.0000,348,342,7268,322288,9.1399,0.0000,645361638
2623.0000,36,35,1,0,17,41,39,38599.0000,6.0000,349,342,7272,322288,9.3399,0.0000,645642043
2624.0000,39,18,1,0,17,55,38,40661.0000,6.0000,352,342,7274,322288,8.4399,0.0000,645926818
2625.0000,39,18,1,0,17,55,42,42633.0000,6.0000,352,342,7274,322288,8.4399,0.0000,646216907
2626.0000,39,18,1,0,17,54,46,43294.0000,6.0000,352,342,7274,322288,9.0399,0.0000,646509195
2627.0000,39,18,1,0,18,39,46,43817.0000,6.0000,352,342,7274,322288,10.4399,0.0000,646807903
2628.0000,39,17,1,0,18,37,46,44032.0000,6.0000,352,342,7276,322288,10.9399,0.0000,647084753
2629.0000,39,15,1,0,18,37,48,44596.0000,6.0000,352,342,7278,322288,10.8399,0.0000,647373418
2630.0000,39,13,1,0,18,37,48,44881.0000,6.0000,352,342,7278,322288,11.7399,0.0000,647669708
2631.0000,39,13,1,0,18,37,46,46235.0000,6.0000,352,342,7280,322288,9.5399,0.0000,647961491
2632.0000,38,15,1,0,18,38,54,47468.0000,709.0000,352,343,7282,322288,12.2399,0.0000,648241049
2633.0000,38,17,1,0,18,38,55,48543.0000,509.0000,352,343,7286,322288,14.9399,0.0000,648515087
2634.0000,38,19,1,0,18,36,53,50488.0000,270.0000,352,343,7286,322288,13.8399,0.0000,648791688
2635.0000,38,21,1,0,18,29,55,52484.0000,811.0000,352,343,7286,322288,13.5399,0.0000,649068426
2636.0000,38,23,1,0,19,26,52,54302.0000,453.0000,352,343,7286,322288,12.4399,0.0000,649353573
2637.0000,38,25,1,0,19,26,55,55900.0000,732.0000,352,343,7290,322288,12.5399,0.0000,649624557
2638.0000,38,27,1,0,19,26,54,57277.0000,407.0000,352,343,7290,322288,13.6399,0.0000,649903110
2639.0000,38,29,1,0,19,26,57,57068.0000,79.0000,352,343,7294,322288,13.6399,0.0000,650188365
2640.0000,38,31,1,0,19,26,59,57791.0000,18.0000,352,343,7294,322288,15.2399,1.5544,650463120
2641.0000,38,33,1,0,19,26,61,61224.0000,38.0000,352,343,7300,322288,15.0399,0.0000,650734194
2642.0000,38,35,1,0,19,26,61,58393.0000,22.0000,352,343,7300,322288,15.4399,0.0000,651009676
2643.0000,38,37,1,0,19,24,64,61609.0000,6.0000,352,343,7302,322288,14.5399,0.0000,651292860
2644.0000,38,37,1,0,18,21,66,65713.0000,6.0000,352,343,7302,322288,12.3399,0.0000,651564088
2645.0000,38,37,1,0,17,7,64,64710.0000,6.0000,352,343,7302,322288,18.1399,0.0000,651839002
2646.0000,38,39,1,0,17,7,68,64218.0000,32.0000,352,343,7302,322288,17.4399,0.0000,652104594
2647.0000,38,41,1,0,15,7,68,64122.0000,16.0000,352,343,7302,322288,13.8399,0.0000,652380379
2648.0000,38,42,1,0,15,8,70,64906.0000,36.0000,352,343,7308,322288,13.5399,0.0000,652660581
2649.0000,38,42,1,0,15,9,67,61096.0000,20.0000,352,343,7308,322288,17.3399,0.0000,652944375
2650.0000,38,41,1,0,15,10,65,58042.0000,4.0000,352,343,7310,322288,13.4399,0.0000,653235411
2651.0000,38,36,1,0,15,13,66,58679.0000,4.0000,352,343,7314,322288,12.7399,0.0000,653506752
2652.0000,38,34,1,0,15,15,62,55384.0000,797.0000,352,343,7316,322288,15.4399,0.0000,653777326
2653.0000,38,36,1,0,15,15,68,55976.0000,60.0000,352,343,7322,322288,12.0399,0.0000,654055878
2654.0000,38,37,1,0,16,16,67,56232.0000,56.0000,352,343,7322,322288,10.6399,0.0000,654330284
2655.0000,38,39,1,0,16,16,67,56613.0000,73.0000,352,343,7322,322288,11.2399,0.0000,654594534
2656.0000,38,41,1,0,14,16,65,55914.0000,36.0000,352,343,7324,322288,12.2399,0.0000,654871484
2657.0000,37,43,1,0,14,17,67,54020.0000,32.0000,352,344,7328,322288,12.7399,0.0000,655151685
2658.0000,37,44,1,0,13,18,66,52097.0000,64.0000,352,344,7328,322288,15.8399,1.3601,655432392
2659.0000,37,46,1,0,13,18,66,51387.0000,138.0000,352,344,7328,322288,15.6399,0.0000,655703232
2660.0000,37,48,1,0,13,18,70,50137.0000,56.0000,352,344,7328,322288,16.7399,0.0972,655966857
2661.0000,36,50,1,0,13,19,67,48564.0000,40.0000,352,345,7330,322288,15.2399,0.0000,656246218
2662.0000,36,52,1,0,13,19,63,47245.0000,24.0000,352,345,7330,322288,15.0399,0.0000,656511531
2663.0000,36,53,1,0,13,20,63,46795.0000,8.0000,352,345,7332,322288,13.5399,0.0000,656775945
2664.0000,36,52,1,0,13,23,65,46411.0000,40.0000,352,345,7332,322288,14.2399,0.0000,657049303
2665.0000,36,52,1,0,12,25,66,46087.0000,24.0000,352,345,7334,322288,12.4399,0.0000,657308336
2666.0000,35,52,1,0,11,28,62,43860.0000,8.0000,352,346,7342,322288,16.2399,0.0000,657575027
2667.0000,35,53,1,0,12,29,66,43820.0000,76.0000,352,346,7344,322288,14.9399,0.0000,657831966
2668.0000,35,55,1,0,13,29,63,44453.0000,60.0000,352,346,7344,322288,12.6399,0.0000,658095784
2669.0000,35,57,1,0,13,28,60,44589.0000,44.0000,352,346,7344,322288,12.2399,0.0000,658356684
2670.0000,35,59,1,0,13,26,59,42434.0000,28.0000,352,346,7344,322288,13.3399,0.0000,658612745
2671.0000,35,59,1,0,13,25,59,41361.0000,12.0000,352,346,7344,322288,11.2399,0.0000,658870697
2672.0000,34,45,1,0,13,36,54,40750.0000,4.0000,352,347,7344,322288,12.4399,0.0000,659132867
2673.0000,33,40,1,0,13,40,50,39998.0000,4.0000,352,348,7344,322288,12.6399,0.2915,659392242
2674.0000,33,38,1,0,13,42,50,37371.0000,4.0000,352,348,7344,322288,14.9399,0.3886,659635975
2675.0000,36,33,1,0,13,43,45,35070.0000,4.0000,355,348,7344,322288,11.9399,0.0000,659895079
2676.0000,37,31,1,0,13,45,44,35305.0000,103.0000,357,349,7344,322288,10.7399,0.0000,660157071
2677.0000,38,32,1,0,12,45,47,36276.0000,771.0000,358,349,7344,322288,12.2399,0.0000,660440581
2678.0000,40,33,1,0,13,45,43,36951.0000,456.0000,360,349,7346,322288,14.1399,0.4858,660731257
2679.0000,41,35,1,0,12,44,39,35534.0000,91.0000,361,349,7346,322288,16.4399,0.0000,661059325
2680.0000,39,36,1,0,12,46,38,35240.0000,284.0000,361,351,7346,322288,15.8399,0.0000,661361761
2681.0000,39,38,1,0,12,46,38,36056.0000,300.0000,361,351,7348,322288,14.4399,0.0000,661662409
2682.0000,39,40,1,0,13,46,34,36723.0000,36.0000,361,351,7348,322288,13.0399,1.1658,661957248
2683.0000,38,42,1,0,14,47,31,34939.0000,20.0000,361,352,7348,322288,14.0399,0.0000,662249065
2684.0000,38,44,1,0,14,46,33,34669.0000,4.0000,361,352,7348,322288,14.7399,0.0000,662542239
2685.0000,38,45,1,0,14,44,33,33588.0000,64.0000,361,352,7348,322288,13.7399,0.0000,662841568
2686.0000,37,45,1,0,14,45,34,33341.0000,48.0000,361,353,7348,322288,14.5399,0.0972,663137318
2687.0000,37,41,1,0,13,48,30,32764.0000,44.0000,361,353,7348,322288,11.7399,0.2915,663426475
2688.0000,36,40,1,0,13,51,30,31081.0000,28.0000,361,354,7350,322288,12.3399,0.0000,663721758
2689.0000,36,40,1,0,14,53,32,32274.0000,12.0000,361,354,7350,322288,10.1399,0.0000,664000812
2690.0000,36,38,1,0,14,56,32,33135.0000,4.0000,361,354,7350,322288,11.9399,0.0000,664282568
2691.0000,36,38,1,0,14,56,31,34072.0000,4.0000,361,354,7350,322288,11.7399,0.0000,664563572
2692.0000,36,30,1,0,13,62,35,35854.0000,4.0000,361,354,7352,322288,16.9399,0.0000,664847704
2693.0000,36,28,1,0,14,51,31,35445.0000,4.0000,361,354,7352,322288,18.7399,0.0000,665120747
2694.0000,36,27,1,0,15,46,31,36276.0000,14.0000,361,354,7356,322288,15.4399,0.0000,665400399
2695.0000,36,27,1,0,15,45,32,35721.0000,6.0000,361,354,7360,322288,16.2399,0.0000,665667399
2696.0000,35,29,1,0,14,44,33,34593.0000,26.0000,361,355,7360,322288,14.0399,0.0000,665953013
2697.0000,35,31,1,0,14,43,33,32871.0000,10.0000,361,355,7360,322288,14.5399,0.3886,666217362
2698.0000,35,31,1,0,14,44,35,33398.0000,2.0000,361,355,7360,322288,13.3399,0.0000,666500449
2699.0000,35,30,1,0,14,45,36,33718.0000,2.0000,361,355,7362,322288,14.4399,0.0000,666778662
2700.0000,35,28,1,0,14,47,35,33295.0000,2.0000,361,355,7366,322288,15.0399,0.0000,667043428
2701.0000,35,18,1,0,14,57,32,32087.0000,2.0000,361,355,7366,322288,15.9399,2.5259,667303931
2702.0000,35,17,1,0,15,58,35,32843.0000,2.0000,361,355,7366,322288,16.5399,0.0000,667579546
2703.0000,35,15,1,0,15,60,34,33237.0000,2.0000,361,355,7366,322288,14.2399,0.0000,667844267
2704.0000,35,13,1,0,15,62,35,33296.0000,2.0000,361,355,7370,322288,16.2399,0.0000,668094123
2705.0000,35,10,1,0,15,65,37,33346.0000,2.0000,361,355,7370,322288,15.6399,0.0000,668361649
2706.0000,35,8,1,0,16,67,37,33269.0000,2.0000,361,355,7372,322288,15.2399,0.0972,668626908
2707.0000,34,7,1,0,16,67,37,32939.0000,2.0000,361,356,7374,322288,11.7399,0.0000,668905534
2708.0000,34,7,1,0,16,61,37,32904.0000,2.0000,361,356,7374,322288,11.4399,0.0000,669165058
2709.0000,34,7,1,0,16,59,37,32717.0000,2.0000,361,356,7376,322288,10.5399,0.0000,669424445
2710.0000,34,7,1,0,17,56,35,32376.0000,2.0000,361,356,7376,322288,11.9737,0.0000,669689235
2711.0000,34,6,1,0,15,54,34,31876.0000,2.0000,361,356,7378,322288,11.4213,0.0000,669952569
2712.0000,33,5,1,0,15,56,38,31338.0000,2.0000,361,357,7378,322288,8.9242,0.0000,670203768
2713.0000,33,7,1,0,15,48,40,31114.0000,124.0000,361,357,7380,322288,8.6389,0.0000,670463258
2714.0000,32,9,1,0,16,47,40,30697.0000,6.0000,361,358,7384,322288,10.1576,0.0000,670724993
2715.0000,31,11,1,0,16,46,39,30682.0000,566.0000,361,359,7388,322288,11.0576,0.0000,670969662
2716.0000,31,13,1,0,17,44,40,30795.0000,430.0000,361,359,7390,322288,11.8576,0.0000,671201582
2717.0000,31,15,1,0,17,44,37,29445.0000,1140.0000,361,359,7392,322288,13.5576,0.0000,671454197
2718.0000,30,17,1,0,17,45,38,30418.0000,968.0000,361,360,7394,322288,10.6576,0.0000,671682744
2719.0000,29,19,1,0,17,45,40,31335.0000,810.0000,361,361,7394,322288,11.1576,0.0000,671905321
2720.0000,29,21,1,0,18,44,40,32344.0000,674.0000,361,361,7394,322288,10.0576,0.0000,672123159
2721.0000,29,23,1,0,18,42,40,32059.0000,538.0000,361,361,7396,322288,8.5576,0.0000,672361420
2722.0000,29,25,1,0,18,32,42,33558.0000,402.0000,361,361,7396,322288,7.7576,0.0000,672579532
2723.0000,28,26,1,0,18,32,41,33073.0000,268.0000,361,362,7400,322288,9.2576,0.0000,672796707
2724.0000,28,26,1,0,18,30,45,34722.0000,136.0000,361,362,7402,322288,8.9576,0.0000,673012238
2725.0000,27,28,1,0,17,29,45,35332.0000,1257.0000,361,363,7402,322288,9.5576,0.0000,673213235
2726.0000,27,30,1,0,16,26,48,35288.0000,1121.0000,361,363,7402,322288,11.8576,0.0000,673413004
2727.0000,27,32,1,0,16,24,50,35174.0000,985.0000,361,363,7404,322288,12.0576,0.0000,673614317
2728.0000,27,34,1,0,16,22,47,35324.0000,849.0000,361,363,7406,322288,9.1576,0.0000,673813417
2729.0000,27,36,1,0,16,22,47,36945.0000,601.0000,361,363,7406,322288,10.3576,0.0000,674011184
2730.0000,27,38,1,0,15,22,47,37898.0000,298.0000,361,363,7412,322288,9.2576,0.0000,674210583
2731.0000,27,38,1,0,15,22,50,38313.0000,7.0000,361,363,7412,322288,8.6576,0.0000,674402909
2732.0000,27,38,1,0,14,21,50,38876.0000,7.0000,361,363,7412,322288,11.8576,0.0000,674607970
2733.0000,27,38,1,0,14,20,49,39867.0000,7.0000,361,363,7416,322288,11.7576,0.0000,674806719
2734.0000,26,39,1,0,14,21,50,39662.0000,47.0000,361,364,7416,322288,12.3576,0.0000,675004223
2735.0000,25,40,1,0,14,23,51,39951.0000,137.0000,361,365,7416,322288,11.7576,0.0000,675178713
2736.0000,25,42,1,0,15,23,49,40013.0000,75.0000,361,365,7416,322288,11.6576,0.0000,675372716
2737.0000,25,44,1,0,15,23,48,39357.0000,59.0000,361,365,7416,322288,7.6576,0.0000,675557822
2738.0000,25,46,1,0,16,23,50,40967.0000,43.0000,361,365,7416,322288,8.6576,0.0000,675743443
2739.0000,25,47,1,0,16,24,52,41247.0000,63.0000,361,365,7416,322288,11.1576,0.0000,675926450
2740.0000,25,46,1,0,16,27,55,41439.0000,71.0000,361,365,7416,322288,9.5576,0.0000,676108874
2741.0000,25,45,1,0,16,30,54,40799.0000,55.0000,361,365,7418,322288,9.7576,0.0000,676296597
2742.0000,24,47,1,0,15,31,55,42154.0000,39.0000,361,366,7418,322288,8.8576,0.0000,676479298
2743.0000,24,48,1,0,15,32,53,43263.0000,23.0000,361,366,7418,322288,8.8576,0.0000,676646788
2744.0000,24,48,1,0,15,34,55,43063.0000,413.0000,361,366,7418,322288,9.4576,0.0000,676822667
2745.0000,24,42,1,0,14,42,57,42747.0000,27.0000,361,366,7418,322288,10.8576,0.0000,677007969
2746.0000,24,43,1,0,14,43,58,42128.0000,11.0000,361,366,7418,322288,11.3576,0.0000,677189482
2747.0000,24,42,1,0,14,45,61,42143.0000,354.0000,361,366,7420,322288,11.2576,0.0000,677367985
2748.0000,24,42,1,0,14,47,58,42001.0000,23.0000,361,366,7420,322288,12.1576,0.0000,677533857
2749.0000,24,42,1,0,14,49,60,43027.0000,7.0000,361,366,7420,322288,9.9576,0.0000,677707861
2750.0000,24,41,1,0,13,50,60,44130.0000,7.0000,361,366,7420,322288,12.6576,0.0000,677885881
2751.0000,24,41,1,0,13,50,59,43473.0000,7.0000,361,366,7420,322288,15.3576,0.0000,678063132
2752.0000,24,41,1,0,14,50,59,43400.0000,7.0000,361,366,7420,322288,14.2576,0.0000,678242828
2753.0000,24,37,1,0,15,55,60,43602.0000,51.0000,361,366,7422,322288,13.9576,0.0000,678413580
2754.0000,23,39,1,0,14,56,59,43618.0000,472.0000,361,367,7424,322288,12.8576,0.0000,678600372
2755.0000,23,41,1,0,14,56,55,43702.0000,55.0000,361,367,7426,322288,12.9576,0.0000,678764171
2756.0000,28,38,1,0,15,55,51,43918.0000,51.0000,366,367,7428,322288,14.0576,0.0000,678960413
2757.0000,28,40,1,0,15,54,53,43023.0000,35.0000,366,367,7430,322288,14.0576,0.0000,679165838
2758.0000,27,42,1,0,15,55,52,42348.0000,19.0000,366,368,7430,322288,15.6576,1.6463,679371549
2759.0000,27,42,1,0,15,57,53,44058.0000,3.0000,366,368,7434,322288,15.4576,0.0000,679566204
2760.0000,27,39,1,0,15,59,54,41883.0000,3.0000,366,368,7434,322288,15.8576,0.0000,679761704
2761.0000,27,24,1,0,15,71,56,44305.0000,3.0000,366,368,7434,322288,14.9576,0.0000,679962620
2762.0000,27,22,1,0,13,69,55,47664.0000,3.0000,366,368,7436,322288,12.7576,0.0000,680158274
2763.0000,27,19,1,0,13,72,56,47049.0000,3.0000,366,368,7436,322288,18.5576,0.0000,680352814
2764.0000,27,19,1,0,13,72,56,47272.0000,193.0000,366,368,7436,322288,17.8576,0.0000,680537762
2765.0000,27,21,1,0,13,70,55,47870.0000,80.0000,366,368,7440,322288,14.2576,0.0000,680749099
2766.0000,26,23,1,0,14,64,57,49104.0000,11.0000,366,369,7440,322288,13.9576,0.0000,680942429
2767.0000,26,25,1,0,14,62,58,46630.0000,33.0000,366,369,7442,322288,17.7576,0.0000,681128462
2768.0000,26,27,1,0,13,59,58,44817.0000,15.0000,366,369,7442,322288,13.8576,0.0000,681319073
2769.0000,26,28,1,0,13,57,54,46011.0000,7.0000,366,369,7442,322288,13.1576,0.0000,681514212
2770.0000,26,29,1,0,13,54,55,43594.0000,643.0000,366,369,7442,322288,15.8576,0.0000,681710644
2771.0000,26,31,1,0,13,53,57,44821.0000,195.0000,366,369,7442,322288,12.4576,0.0000,681903800
2772.0000,26,33,1,0,14,52,58,45533.0000,51.0000,366,369,7444,322288,11.0576,0.0000,682096613
2773.0000,26,35,1,0,15,52,61,46360.0000,279.0000,366,369,7444,322288,11.6576,0.0000,682291914
2774.0000,26,37,1,0,17,46,59,45964.0000,67.0000,366,369,7444,322288,12.6576,0.0000,682482958
2775.0000,26,39,1,0,16,46,57,45454.0000,217.0000,366,369,7444,322288,13.1576,0.0000,682666274
2776.0000,26,41,1,0,15,44,56,43926.0000,59.0000,366,369,7444,322288,16.2576,1.4405,682849821
2777.0000,26,43,1,0,15,44,53,43440.0000,276.0000,366,369,7444,322288,16.0576,0.0000,683037147
2778.0000,26,45,1,0,15,44,53,42482.0000,63.0000,366,369,7444,322288,17.1576,0.1029,683231588
2779.0000,26,47,1,0,16,43,51,41734.0000,834.0000,366,369,7450,322288,15.6576,0.0000,683435854
2780.0000,26,49,1,0,15,41,49,40752.0000,144.0000,366,369,7452,322288,15.4576,0.0000,683625191
2781.0000,26,51,1,0,15,38,48,40101.0000,87.0000,366,369,7452,322288,13.9576,0.0000,683819992
2782.0000,26,53,1,0,15,22,48,39497.0000,71.0000,366,369,7452,322288,14.6576,0.0000,684029258
2783.0000,26,55,1,0,15,20,49,39152.0000,55.0000,366,369,7456,322288,12.8576,0.0000,684242352
2784.0000,26,55,1,0,15,18,49,37725.0000,75.0000,366,369,7462,322288,16.6576,0.0000,684439859
2785.0000,25,53,1,0,15,22,50,37796.0000,59.0000,366,370,7462,322288,15.3576,0.0000,684640525
2786.0000,25,45,1,0,15,32,50,39190.0000,43.0000,366,370,7464,322288,13.0576,0.0000,684832631
2787.0000,25,46,1,0,15,33,51,40600.0000,27.0000,366,370,7466,322288,12.6576,0.0000,685026802
2788.0000,25,46,1,0,15,35,52,39416.0000,629.0000,366,370,7468,322288,13.7576,0.0000,685220860
2789.0000,25,48,1,0,15,35,49,39614.0000,55.0000,366,370,7470,322288,11.6576,0.0000,685418445
2790.0000,25,49,1,0,15,36,50,41029.0000,39.0000,366,370,7470,322288,12.8576,0.0000,685610597
2791.0000,25,51,1,0,15,36,49,41900.0000,23.0000,366,370,7470,322288,13.0576,0.3087,685801968
2792.0000,25,52,1,0,15,36,50,39229.0000,7.0000,366,370,7474,322288,15.3576,0.4116,685986808
2793.0000,25,49,1,0,15,39,49,36737.0000,7.0000,366,370,7474,322288,12.3576,0.0000,686174020
2794.0000,25,38,1,0,15,50,48,38405.0000,7.0000,366,370,7478,322288,11.1576,0.0000,686376471
2795.0000,25,37,1,0,15,51,51,40128.0000,7.0000,366,370,7478,322288,12.6576,0.0000,686577153
2796.0000,25,35,1,0,15,53,51,41627.0000,7.0000,366,370,7478,322288,14.5576,0.5145,686778820
2797.0000,25,33,1,0,15,55,52,39799.0000,7.0000,366,370,7478,322288,16.8576,0.0000,686970723
2798.0000,25,33,1,0,15,56,53,41232.0000,1424.0000,366,370,7482,322288,16.2576,0.0000,687163950
2799.0000,25,35,1,0,16,56,54,42887.0000,1119.0000,366,370,7484,322288,14.8576,0.0000,687344200
2800.0000,25,37,1,0,16,56,52,44504.0000,767.0000,366,370,7484,322288,13.4576,1.2347,687531443
2801.0000,25,39,1,0,16,56,53,42940.0000,367.0000,366,370,7484,322288,14.4576,0.0000,687716381
2802.0000,27,39,1,0,17,56,52,42688.0000,783.0000,368,370,7484,322288,15.1576,0.0000,687903597
2803.0000,27,41,1,0,18,55,49,41190.0000,251.0000,368,370,7486,322288,14.1576,0.0000,688106270
2804.0000,29,41,1,0,18,55,52,41696.0000,286.0000,370,370,7486,322288,14.9576,0.1029,688313222
2805.0000,29,43,1,0,18,53,53,40586.0000,67.0000,370,370,7486,322288,12.1576,0.3087,688525321
2806.0000,29,45,1,0,19,49,55,38944.0000,87.0000,370,370,7524,322288,12.7576,0.0000,688745847
2807.0000,29,47,1,0,19,39,55,40836.0000,71.0000,370,370,7524,322288,10.5576,0.0000,688955471
2808.0000,30,48,1,0,18,37,54,42638.0000,408.0000,371,370,7526,322288,12.3576,0.0000,689180559
2809.0000,32,48,1,0,18,35,53,44070.0000,75.0000,373,370,7526,322288,12.1576,0.0000,689389936
2810.0000,33,48,1,0,18,35,53,46148.0000,59.0000,374,370,7526,322288,17.3576,0.0000,689617886
2811.0000,33,46,1,0,19,38,58,45680.0000,91.0000,374,370,7528,322288,19.1576,0.0000,689855854
2812.0000,33,48,1,0,18,38,60,47536.0000,75.0000,374,370,7528,322288,15.8576,0.0000,690084481
2813.0000,33,50,1,0,18,37,58,47394.0000,95.0000,374,370,7530,322288,16.6576,0.0000,690321738
2814.0000,33,49,1,0,18,37,58,46964.0000,79.0000,374,370,7530,322288,14.4576,0.0000,690569792
2815.0000,33,51,1,0,18,26,56,44580.0000,63.0000,374,370,7530,322288,14.9576,0.4116,690806783
2816.0000,33,51,1,0,18,26,59,45461.0000,59.0000,374,370,7530,322288,13.7576,0.0000,691035504
2817.0000,33,49,1,0,17,28,59,45814.0000,43.0000,374,370,7534,322288,14.8576,0.0000,691276698
2818.0000,33,47,1,0,17,30,59,44963.0000,27.0000,374,370,7534,322288,15.4576,0.0000,691521593
2819.0000,33,49,1,0,17,29,60,43072.0000,59.0000,374,370,7536,322288,16.3576,2.6753,691767783
2820.0000,33,51,1,0,16,29,65,44307.0000,55.0000,374,370,7540,322288,16.9576,0.0000,692004357
2821.0000,33,53,1,0,16,27,62,44724.0000,39.0000,374,370,7540,322288,14.6576,0.0000,692235173
2822.0000,33,53,1,0,16,29,58,44595.0000,23.0000,374,370,7540,322288,16.6576,0.0000,692470689
2823.0000,33,53,1,0,16,30,57,44104.0000,515.0000,374,370,7544,322288,16.0576,0.0000,692721212
2824.0000,33,55,1,0,16,30,56,43416.0000,60.0000,374,370,7544,322288,15.6576,0.1029,692968466
2825.0000,33,57,1,0,15,30,58,42998.0000,44.0000,374,370,7544,322288,12.1576,0.0000,693216076
2826.0000,33,59,1,0,15,30,56,42405.0000,28.0000,374,370,7548,322288,11.8576,0.0000,693461895
2827.0000,33,60,1,0,14,31,58,41836.0000,60.0000,374,370,7548,322288,10.9576,0.0000,693699603
2828.0000,32,60,1,0,15,34,58,40367.0000,44.0000,374,371,7550,322288,12.2548,0.0000,693936889
2829.0000,32,60,1,0,15,36,58,39257.0000,28.0000,374,371,7550,322288,11.3766,0.0000,694170192
2830.0000,32,60,1,0,15,36,59,38944.0000,12.0000,374,371,7552,322288,8.4907,0.0000,694396014
2831.0000,32,58,1,0,16,37,55,38470.0000,4.0000,374,371,7552,322288,7.8797,0.0000,694623972
2832.0000,32,45,1,0,15,46,55,38356.0000,4.0000,374,371,7552,322288,9.2617,0.0000,694860071
2833.0000,32,42,1,0,15,49,53,38402.0000,4.0000,374,371,7554,322288,10.1617,0.0000,695094166
2834.0000,32,41,1,0,15,50,56,38379.0000,4.0000,374,371,7554,322288,10.9617,0.0000,695317410
2835.0000,32,39,1,0,15,49,56,36484.0000,4.0000,374,371,7562,322288,12.6617,0.0000,695559783
2836.0000,32,39,1,0,15,50,58,37781.0000,171.0000,374,371,7566,322288,9.7617,0.0000,695791635
2837.0000,32,41,1,0,14,48,60,38543.0000,1224.0000,374,371,7566,322288,10.2617,0.0000,696008075
2838.0000,37,38,1,0,12,44,55,38665.0000,929.0000,379,371,7566,322288,9.1617,0.0000,696252074
2839.0000,38,39,1,0,12,41,53,37144.0000,641.0000,380,371,7572,322288,7.6617,0.0000,696525599
2840.0000,38,40,1,0,12,40,51,36722.0000,275.0000,381,372,7572,322288,6.8617,0.0000,696807950
2841.0000,39,40,1,0,12,41,48,35611.0000,24.0000,383,373,7576,322288,8.3617,0.0000,697084506
2842.0000,41,40,1,0,13,41,48,36277.0000,8.0000,385,373,7576,322288,8.0617,0.0000,697369380
2843.0000,41,42,1,0,12,39,46,36478.0000,1.0000,385,373,7578,322288,8.6617,0.0000,697649596
2844.0000,43,42,1,0,12,37,44,35840.0000,18.0000,387,373,7578,322288,10.9617,0.0000,697961405
2845.0000,43,42,1,0,12,39,42,35142.0000,2.0000,387,373,7578,322288,11.1617,0.0000,698272161
2846.0000,42,45,1,0,12,40,40,34305.0000,40.0000,387,374,7582,322288,8.2617,0.0000,698587233
2847.0000,41,48,1,0,13,41,40,34729.0000,40.0000,387,375,7582,322288,9.4617,0.0000,698894503
2848.0000,41,51,1,0,12,40,43,35281.0000,926.0000,387,375,7584,322288,8.3617,0.0000,699178941
2849.0000,41,54,1,0,14,38,42,35299.0000,794.0000,387,375,7586,322288,7.7617,0.0000,699474338
2850.0000,41,55,1,0,14,37,43,35286.0000,446.0000,387,375,7586,322288,10.9617,0.0000,699767253
2851.0000,41,57,1,0,14,36,41,35730.0000,419.0000,387,375,7592,322288,10.8617,0.0000,700071758
2852.0000,41,60,1,0,14,33,38,35649.0000,419.0000,387,375,7592,322288,11.4617,0.0000,700373918
2853.0000,41,61,1,0,13,25,40,35882.0000,155.0000,387,375,7596,322288,10.8617,0.0000,700672819
2854.0000,41,64,1,0,13,19,35,35555.0000,107.0000,387,375,7596,322288,10.7617,0.0000,700972281
2855.0000,41,66,1,0,14,18,33,34880.0000,4.0000,387,375,7596,322288,6.7617,0.0000,701271453
2856.0000,41,67,1,0,14,18,37,35854.0000,22.0000,387,375,7600,322288,7.7617,0.0000,701571089
2857.0000,41,62,1,0,13,24,34,35711.0000,6.0000,387,375,7600,322288,10.2617,0.0000,701875489
2858.0000,40,60,1,0,13,27,37,35040.0000,514.0000,387,376,7600,322288,8.6617,0.0000,702175149
2859.0000,39,61,1,0,14,30,34,33913.0000,202.0000,387,377,7602,322288,8.8617,0.0000,702467399
2860.0000,38,63,1,0,14,31,31,34669.0000,78.0000,387,378,7604,322288,7.9617,0.0000,702759597
2861.0000,36,65,1,0,14,33,30,35012.0000,34.0000,387,380,7604,322288,7.9617,0.0000,703041896
2862.0000,36,67,1,0,15,32,30,35311.0000,18.0000,387,380,7606,322288,8.5617,0.0000,703305051
2863.0000,36,68,1,0,16,33,29,35425.0000,2.0000,387,380,7610,322288,9.9617,0.0000,703578479
2864.0000,36,59,1,0,16,42,30,35415.0000,2.0000,387,380,7614,322288,10.4617,0.0000,703863625
2865.0000,36,53,1,0,15,48,32,35816.0000,2.0000,387,380,7616,322288,10.3617,0.0000,704132335
2866.0000,36,52,1,0,15,49,29,35843.0000,19.0000,387,380,7618,322288,11.2617,0.0000,704406429
2867.0000,36,54,1,0,15,49,33,36983.0000,169.0000,387,380,7618,322288,9.0617,0.0000,704675029
2868.0000,36,56,1,0,15,49,33,38430.0000,35.0000,387,380,7618,322288,11.7617,0.0000,704946647
2869.0000,36,58,1,0,15,49,35,39331.0000,19.0000,387,380,7618,322288,14.4617,0.0000,705226353
2870.0000,36,60,1,0,17,49,37,40712.0000,3.0000,387,380,7618,322288,13.3617,0.0000,705492644
2871.0000,36,59,1,0,17,48,38,42457.0000,3.0000,387,380,7622,322288,13.0617,0.0000,705762398
2872.0000,36,55,1,0,15,51,41,44378.0000,3.0000,387,380,7624,322288,11.9617,0.0000,706021173
2873.0000,36,37,1,0,16,69,40,45227.0000,3.0000,387,380,7628,322288,12.0617,0.0000,706296004
2874.0000,34,33,1,0,16,73,40,45065.0000,3.0000,387,382,7628,322288,13.1617,0.0000,706565038
2875.0000,32,30,1,0,17,78,40,43742.0000,3.0000,387,384,7628,322288,13.1617,0.0000,706810672
2876.0000,32,28,1,0,16,79,41,44027.0000,3.0000,387,384,7630,322288,14.7617,1.5379,707052877
2877.0000,32,28,1,0,16,78,47,45835.0000,107.0000,387,384,7636,322288,14.5617,0.0000,707299546
2878.0000,32,30,1,0,16,71,45,43520.0000,39.0000,387,384,7638,322288,14.9617,0.0000,707553469
2879.0000,37,27,1,0,16,69,48,46237.0000,1327.0000,392,384,7638,322288,14.0617,0.0000,707809337
2880.0000,38,28,1,0,16,67,48,49969.0000,911.0000,393,384,7640,322288,11.8617,0.0000,708104054
2881.0000,39,29,1,0,15,66,47,49971.0000,487.0000,394,384,7640,322288,17.6617,0.0000,708398676
2882.0000,39,31,1,0,15,66,49,50544.0000,47.0000,394,384,7642,322288,16.9617,0.0000,708693023
2883.0000,39,33,1,0,15,66,47,51412.0000,31.0000,394,384,7642,322288,13.3617,0.0000,708984487
2884.0000,39,35,1,0,15,65,50,53743.0000,15.0000,394,384,7642,322288,13.0617,0.0000,709268892
2885.0000,39,36,1,0,15,57,49,51106.0000,7.0000,394,384,7644,322288,16.8617,0.0000,709558783
2886.0000,39,36,1,0,15,52,48,49365.0000,15.0000,394,384,7648,322288,12.9617,0.0000,709854759
2887.0000,39,30,1,0,15,57,53,51386.0000,258.0000,394,384,7648,322288,12.2617,0.0000,710144182
2888.0000,39,30,1,0,15,59,49,48929.0000,19.0000,394,384,7652,322288,14.9617,0.0000,710439504
2889.0000,39,31,1,0,16,60,50,50450.0000,3.0000,394,384,7656,322288,11.5617,0.0000,710736150
2890.0000,39,32,1,0,16,60,50,51371.0000,216.0000,394,384,7658,322288,10.1617,0.0000,711016037
2891.0000,39,34,1,0,16,60,50,52172.0000,51.0000,394,384,7658,322288,10.7617,0.0000,711304850
2892.0000,39,36,1,0,16,59,50,52055.0000,35.0000,394,384,7660,322288,11.7617,0.0000,711582231
2893.0000,39,38,1,0,16,56,49,51753.0000,19.0000,394,384,7660,322288,12.2617,0.0000,711874037
2894.0000,39,40,1,0,15,37,53,50577.0000,784.0000,394,384,7664,322288,15.3617,1.3456,712179907
2895.0000,39,42,1,0,16,34,54,50889.0000,581.0000,394,384,7664,322288,15.1617,0.0000,712475168
2896.0000,39,44,1,0,15,30,54,50555.0000,109.0000,394,384,7666,322288,16.2617,0.0961,712760504
2897.0000,39,46,1,0,14,28,52,49926.0000,39.0000,394,384,7668,322288,14.7617,0.0000,713042936
2898.0000,38,48,1,0,14,28,52,48186.0000,23.0000,394,385,7668,322288,14.5617,0.0000,713333747
2899.0000,38,49,1,0,16,29,53,47937.0000,7.0000,394,385,7668,322288,13.0617,0.0000,713614761
2900.0000,37,48,1,0,16,33,55,47289.0000,27.0000,394,386,7670,322288,13.7617,0.0000,713886633
2901.0000,36,42,1,0,16,42,56,46674.0000,11.0000,394,387,7670,322288,11.9617,0.0000,714152609
2902.0000,36,42,1,0,16,44,54,45249.0000,361.0000,394,387,7674,322288,15.7617,0.0000,714421611
2903.0000,36,44,1,0,17,44,55,45910.0000,61.0000,394,387,7674,322288,14.4617,0.0000,714697826
2904.0000,36,46,1,0,17,44,56,47242.0000,23.0000,394,387,7674,322288,12.1617,0.0000,714963575
2905.0000,36,48,1,0,16,44,57,48433.0000,7.0000,394,387,7674,322288,11.7617,0.0000,715232751
2906.0000,36,48,1,0,16,44,56,46561.0000,7.0000,394,387,7682,322288,12.8617,0.0000,715506428
2907.0000,36,48,1,0,16,42,59,46481.0000,7.0000,394,387,7684,322288,10.7617,0.0000,715759119
2908.0000,36,46,1,0,16,38,60,47794.0000,7.0000,394,387,7684,322288,11.9617,0.0000,716029704
2909.0000,35,34,1,0,16,47,58,48034.0000,7.0000,394,388,7692,322288,12.1617,0.2884,716294939
2910.0000,35,32,1,0,15,48,59,45048.0000,7.0000,394,388,7692,322288,14.4617,0.3845,716560624
2911.0000,35,30,1,0,16,50,53,42146.0000,7.0000,394,388,7694,322288,11.4617,0.0000,716813841
2912.0000,35,28,1,0,16,52,58,43429.0000,7.0000,394,388,7694,322288,10.2617,0.0000,717067164
2913.0000,35,26,1,0,16,54,58,44896.0000,7.0000,394,388,7696,322288,11.7617,0.0000,717317796
2914.0000,35,25,1,0,15,55,59,46317.0000,7.0000,394,388,7698,322288,13.6617,0.4806,717570898
2915.0000,35,23,1,0,14,57,58,44260.0000,7.0000,394,388,7698,322288,15.9617,0.0000,717833612
2916.0000,35,21,1,0,14,59,59,44818.0000,7.0000,394,388,7698,322288,15.3617,0.0000,718087511
2917.0000,35,19,1,0,13,61,58,45651.0000,7.0000,394,388,7700,322288,13.9617,0.0000,718342164
2918.0000,38,18,1,0,13,61,54,46141.0000,27.0000,397,388,7702,322288,12.5617,1.1534,718591181
2919.0000,38,20,1,0,16,61,58,44036.0000,11.0000,397,388,7702,322288,13.5617,0.0000,718866997
2920.0000,40,19,1,0,17,60,54,43482.0000,3.0000,399,388,7710,322288,14.2617,0.0000,719141596
2921.0000,41,20,1,0,17,57,49,42007.0000,120.0000,400,388,7710,322288,13.2617,0.0000,719430790
2922.0000,41,23,1,0,17,49,52,42099.0000,20.0000,400,388,7710,322288,14.0617,0.0961,719723996
2923.0000,42,25,1,0,17,47,49,41099.0000,260.0000,401,388,7712,322288,11.2617,0.2884,720031261
2924.0000,42,28,1,0,17,46,46,39536.0000,32.0000,401,388,7712,322288,11.8617,0.0000,720346225
2925.0000,42,31,1,0,16,46,47,41134.0000,8.0000,401,388,7714,322288,9.6617,0.0000,720643932
2926.0000,42,32,1,0,15,46,49,42288.0000,0.0000,401,388,7716,322288,11.4617,0.0000,720939854
2927.0000,42,34,1,0,15,46,44,43298.0000,16.0000,401,388,7716,322288,11.2617,0.0000,721239116
2928.0000,42,37,1,0,15,46,48,45051.0000,266.0000,401,388,7716,322288,16.4617,0.0000,721535741
2929.0000,42,40,1,0,15,44,51,44423.0000,1414.0000,401,388,7716,322288,18.2617,0.0000,721843196
2930.0000,42,43,1,0,15,32,50,45268.0000,1102.0000,401,388,7720,322288,14.9617,0.0000,722154847
2931.0000,42,46,1,0,14,30,49,44632.0000,790.0000,401,388,7724,322288,15.7617,0.0000,722464411
2932.0000,42,49,1,0,14,28,50,43638.0000,427.0000,401,388,7728,322288,13.5617,0.0000,722770277
2933.0000,42,51,1,0,13,26,49,41436.0000,4.0000,401,388,7734,322288,14.0617,0.3845,723089065
2934.0000,42,51,1,0,13,24,47,41710.0000,4.0000,401,388,7734,322288,12.8617,0.0000,723392308
2935.0000,41,51,1,0,14,24,48,41206.0000,4.0000,401,389,7734,322288,13.9617,0.0000,723691636
2936.0000,41,52,1,0,14,22,49,40392.0000,56.0000,401,389,7736,322288,14.5617,0.0000,723989853
2937.0000,41,53,1,0,15,21,46,38788.0000,32.0000,401,389,7736,322288,15.4617,2.4991,724290882
2938.0000,41,56,1,0,16,18,47,39633.0000,357.0000,401,389,7738,322288,16.0617,0.0000,724587332
2939.0000,41,56,1,0,16,21,49,39801.0000,4.0000,401,389,7738,322288,13.7617,0.0000,724883136
2940.0000,41,52,1,0,15,25,45,39555.0000,4.0000,401,389,7738,322288,15.7617,0.0000,725178436
2941.0000,41,48,1,0,15,30,45,39070.0000,62.0000,401,389,7738,322288,15.1617,0.0000,725480056
2942.0000,41,51,1,0,14,29,45,38440.0000,652.0000,401,389,7738,322288,14.7617,0.0961,725781899
2943.0000,41,54,1,0,15,28,45,37667.0000,62.0000,401,389,7738,322288,11.2617,0.0000,726087771
2944.0000,40,57,1,0,15,29,42,36424.0000,74.0000,401,390,7738,322288,10.9617,0.0000,726376645
2945.0000,40,60,1,0,15,29,39,35652.0000,50.0000,401,390,7738,322288,10.0617,0.0000,726667855
2946.0000,40,63,1,0,15,29,38,34647.0000,26.0000,401,390,7740,322288,11.5324,0.0000,726962108
2947.0000,40,66,1,0,15,29,40,33661.0000,14.0000,401,390,7740,322288,11.0678,0.0000,727262297
2948.0000,40,65,1,0,15,31,38,33349.0000,6.0000,401,390,7742,322288,8.6754,0.0000,727563901
2949.0000,40,52,1,0,15,44,39,32865.0000,6.0000,401,390,7742,322288,8.4780,0.0000,727865154
2950.0000,39,49,1,0,15,48,40,32254.0000,6.0000,401,391,7744,322288,10.0334,0.0000,728159405
2951.0000,39,51,1,0,15,48,38,32546.0000,251.0000,401,391,7744,322288,10.9334,0.0000,728450727
2952.0000,39,53,1,0,14,48,35,32573.0000,34.0000,401,391,7746,322288,11.7334,0.0000,728739147
2953.0000,39,55,1,0,14,48,32,31041.0000,18.0000,401,391,7746,322288,13.4334,0.0000,729044655
2954.0000,38,57,1,0,14,48,35,31364.0000,2.0000,401,392,7746,322288,10.5334,0.0000,729329514
2955.0000,38,57,1,0,14,48,36,32247.0000,599.0000,401,392,7746,322288,11.0334,0.0000,729608887
2956.0000,38,58,1,0,14,48,39,32775.0000,38.0000,401,392,7746,322288,9.9334,0.0000,729888816
2957.0000,38,57,1,0,15,50,37,32144.0000,22.0000,401,392,7748,322288,8.4334,0.0000,730178364
2958.0000,38,58,1,0,16,48,38,33190.0000,54.0000,401,392,7750,322288,7.6334,0.0000,730458010
2959.0000,38,60,1,0,16,48,40,33138.0000,1279.0000,401,392,7750,322288,9.1334,0.0000,730752572
2960.0000,44,56,1,0,16,45,35,34560.0000,639.0000,407,392,7750,322288,8.8334,0.0000,731048219
2961.0000,45,58,1,0,16,41,35,35347.0000,679.0000,408,392,7752,322288,9.4334,0.0000,731404449
2962.0000,45,61,1,0,16,36,36,35202.0000,58.0000,408,392,7752,322288,11.7334,0.0000,731749884
2963.0000,45,63,1,0,16,37,32,34568.0000,34.0000,409,393,7758,322288,11.9334,0.0000,732096761
2964.0000,45,66,1,0,17,37,34,34717.0000,10.0000,409,393,7758,322288,9.0334,0.0000,732468061
2965.0000,45,67,1,0,18,37,31,36235.0000,2.0000,409,393,7758,322288,10.2334,0.0000,732810503
2966.0000,46,65,1,0,18,40,32,37263.0000,58.0000,410,393,7760,322288,9.1334,0.0000,733160382
2967.0000,46,66,1,0,17,42,34,37994.0000,427.0000,410,393,7764,322288,8.5334,0.0000,733504113
2968.0000,45,69,1,0,16,43,36,38030.0000,187.0000,410,394,7768,322288,11.7334,0.0000,733840246
2969.0000,47,69,1,0,16,42,31,38888.0000,34.0000,412,394,7772,322288,11.6334,0.0000,734180529
2970.0000,47,70,1,0,17,29,32,39090.0000,10.0000,412,394,7774,322288,12.2334,0.0000,734552775
2971.0000,47,69,1,0,17,27,34,39801.0000,2.0000,412,394,7778,322288,11.6334,0.0000,734905232
2972.0000,47,71,1,0,17,27,35,40276.0000,258.0000,412,394,7778,322288,11.5334,0.0000,735249105
2973.0000,47,74,1,0,17,27,36,40014.0000,33.0000,412,394,7778,322288,7.5334,0.0000,735593605
2974.0000,47,77,1,0,18,27,40,41828.0000,33.0000,412,394,7780,322288,8.5334,0.0000,735949462
2975.0000,47,80,1,0,18,27,40,42178.0000,9.0000,412,394,7780,322288,11.0334,0.0000,736300454
2976.0000,47,80,1,0,18,27,35,42476.0000,1.0000,412,394,7780,322288,9.4334,0.0000,736640307
2977.0000,47,74,1,0,18,32,40,41964.0000,1.0000,412,394,7780,322288,9.6334,0.0000,736998972
2978.0000,47,61,1,0,18,42,42,44021.0000,1.0000,412,394,7780,322288,8.7334,0.0000,737340463
2979.0000,47,49,1,0,17,54,43,46256.0000,127.0000,412,394,7786,322288,8.7334,0.0000,737694000
2980.0000,47,52,1,0,17,54,45,46577.0000,26.0000,412,394,7786,322288,9.3334,0.0000,738042286
2981.0000,47,55,1,0,17,54,46,46454.0000,2.0000,412,394,7786,322288,10.7334,0.0000,738390342
2982.0000,48,54,1,0,16,54,43,46314.0000,2.0000,413,394,7786,322288,11.2334,0.0000,738731711
2983.0000,48,52,1,0,14,56,41,46420.0000,2.0000,413,394,7786,322288,11.1334,0.0000,739100270
2984.0000,49,50,1,0,15,57,41,45991.0000,2.0000,414,394,7788,322288,12.0334,0.0000,739468818
2985.0000,49,39,1,0,15,68,41,46829.0000,2.0000,414,394,7790,322288,9.8334,0.0000,739836304
2986.0000,49,36,1,0,15,71,43,48026.0000,2.0000,414,394,7790,322288,12.5334,0.0000,740203538
2987.0000,49,37,1,0,15,69,47,48588.0000,433.0000,414,394,7792,322288,15.2334,0.0000,740569414
2988.0000,49,40,1,0,15,67,49,49696.0000,21.0000,414,394,7798,322288,14.1334,0.0000,740932790
2989.0000,51,41,1,0,15,67,50,50993.0000,496.0000,416,394,7800,322288,13.8334,0.0000,741295016
2990.0000,55,40,1,0,15,66,43,51916.0000,10.0000,420,394,7802,322288,12.7334,0.0000,741682498
2991.0000,55,41,1,0,15,65,45,52605.0000,2.0000,420,394,7804,322288,12.8334,0.0000,742086882
2992.0000,55,41,1,0,15,63,46,53423.0000,2.0000,420,394,7804,322288,13.9334,0.0000,742486828
2993.0000,54,41,1,0,15,62,46,52603.0000,2.0000,420,395,7810,322288,13.9334,0.0000,742860858
2994.0000,54,39,1,0,15,63,48,52705.0000,2.0000,420,395,7810,322288,15.5334,1.5606,743247647
2995.0000,54,19,1,0,15,83,47,54783.0000,2.0000,420,395,7810,322288,15.3334,0.0000,743615816
2996.0000,54,21,1,0,15,82,43,52362.0000,7.0000,420,395,7814,322288,15.7334,0.0000,744017509
2997.0000,54,21,1,0,14,80,46,54742.0000,7.0000,420,395,7816,322288,14.8334,0.0000,744394889
2998.0000,54,24,1,0,14,76,49,57715.0000,19.0000,420,395,7820,322288,12.6334,0.0000,744783341
2999.0000,54,26,1,0,14,62,48,57389.0000,3.0000,420,395,7822,322288,18.4334,0.0000,745158871
3000.0000,54,28,1,0,14,48,50,57956.0000,365.0000,420,395,7822,322288,17.7334,0.0000,745536355
3001.0000,54,31,1,0,15,48,50,58348.0000,23.0000,420,395,7826,322288,14.1334,0.0000,745931581
3002.0000,54,33,1,0,15,48,51,60019.0000,7.0000,420,395,7828,322288,13.8334,0.0000,746327574
3003.0000,54,33,1,0,14,48,47,57182.0000,7.0000,420,395,7828,322288,17.6334,0.0000,746718756
3004.0000,54,35,1,0,14,47,48,54867.0000,63.0000,420,395,7828,322288,13.7334,0.0000,747097743
3005.0000,54,37,1,0,13,46,49,55695.0000,39.0000,420,395,7830,322288,13.0334,0.0000,747484583
3006.0000,54,37,1,0,12,37,46,52949.0000,15.0000,420,395,7834,322288,15.7334,0.0000,747869313
3007.0000,54,37,1,0,11,35,46,52837.0000,7.0000,420,395,7838,322288,12.3334,0.0000,748262488
3008.0000,54,37,1,0,11,34,46,51896.0000,7.0000,420,395,7838,322288,10.9334,0.0000,748653289
3009.0000,54,27,1,0,11,44,46,51043.0000,7.0000,420,395,7838,322288,11.5334,0.0000,749043674
3010.0000,54,23,1,0,12,48,42,49803.0000,7.0000,420,395,7838,322288,12.5334,0.0000,749443971
3011.0000,54,23,1,0,12,48,42,48430.0000,7.0000,420,395,7842,322288,13.0334,0.0000,749833352
3012.0000,54,22,1,0,13,49,41,46812.0000,7.0000,420,395,7842,322288,16.1334,1.3655,750220876
3013.0000,54,21,1,0,13,50,41,46589.0000,7.0000,420,395,7842,322288,15.9334,0.0000,750614415
3014.0000,53,21,1,0,12,51,39,45420.0000,7.0000,420,396,7846,322288,17.0334,0.0975,751017225
3015.0000,53,18,1,0,12,52,38,44495.0000,7.0000,420,396,7848,322288,15.5334,0.0000,751397359
3016.0000,53,16,1,0,12,34,37,43353.0000,586.0000,420,396,7856,322288,15.3334,0.0000,751787739
3017.0000,53,19,1,0,12,34,37,42912.0000,55.0000,420,396,7860,322288,13.8334,0.0000,752176187
3018.0000,53,21,1,0,12,34,37,42403.0000,3.0000,420,396,7860,322288,14.5334,0.0000,752571109
3019.0000,53,21,1,0,12,34,38,42060.0000,3.0000,420,396,7864,322288,12.7334,0.0000,752972158
3020.0000,53,21,1,0,12,34,34,40900.0000,3.0000,420,396,7866,322288,16.5334,0.0000,753372325
3021.0000,53,19,1,0,11,36,35,41474.0000,3.0000,420,396,7868,322288,15.2334,0.0000,753764131
3022.0000,53,16,1,0,12,39,36,42258.0000,3.0000,420,396,7868,322288,12.9334,0.0000,754156096
3023.0000,53,6,1,0,12,49,36,42986.0000,3.0000,420,396,7868,322288,12.5334,0.0000,754551023
3024.0000,51,5,1,0,12,52,34,40765.0000,3.0000,420,398,7868,322288,13.6334,0.0000,754947017
3025.0000,51,8,1,0,12,52,39,40504.0000,1140.0000,420,398,7868,322288,11.5334,0.0000,755317254
3026.0000,51,11,1,0,12,51,38,41061.0000,1116.0000,420,398,7872,322288,12.7334,0.0000,755689299
3027.0000,51,14,1,0,12,48,37,41442.0000,1092.0000,420,398,7878,322288,12.9334,0.2926,756076430
3028.0000,51,17,1,0,12,47,35,39211.0000,1068.0000,420,398,7878,322288,15.2334,0.3901,756452319
3029.0000,51,20,1,0,13,47,31,37066.0000,1044.0000,420,398,7880,322288,12.2334,0.0000,756817757
3030.0000,50,23,1,0,13,38,33,37486.0000,996.0000,420,399,7880,322288,11.0334,0.0000,757181771
3031.0000,50,26,1,0,12,33,32,38452.0000,1202.0000,420,399,7888,322288,12.5334,0.0000,757555539
3032.0000,50,29,1,0,12,33,34,38939.0000,962.0000,420,399,7890,322288,14.4334,0.4877,757936681
3033.0000,49,32,1,0,13,33,33,36905.0000,802.0000,420,400,7890,322288,16.7334,0.0000,758317498
3034.0000,49,35,1,0,14,32,32,37814.0000,1272.0000,420,400,7896,322288,16.1334,0.0000,758668778
3035.0000,49,38,1,0,15,32,33,38519.0000,1128.0000,420,400,7900,322288,14.7334,0.0000,759027080
3036.0000,48,41,1,0,14,30,30,38728.0000,963.0000,420,401,7900,322288,13.3334,1.1704,759387108
3037.0000,48,44,1,0,16,28,28,37363.0000,819.0000,420,401,7900,322288,14.3334,0.0000,759752484
3038.0000,48,47,1,0,16,28,27,36813.0000,675.0000,420,401,7904,322288,15.0334,0.0000,760105402
3039.0000,48,49,1,0,16,28,25,35566.0000,445.0000,420,401,7906,322288,14.0334,0.0000,760482559
3040.0000,48,50,1,0,15,27,26,35467.0000,841.0000,420,401,7906,322288,14.8334,0.0975,760838804
3041.0000,47,53,1,0,15,28,26,34004.0000,393.0000,420,402,7908,322288,12.0334,0.2926,761221094
3042.0000,47,56,1,0,15,26,25,32770.0000,528.0000,420,402,7908,322288,12.6334,0.0000,761590598
3043.0000,47,59,1,0,14,23,28,33604.0000,20.0000,420,402,7912,322288,10.4334,0.0000,761956766
3044.0000,47,61,1,0,15,13,30,34334.0000,4.0000,420,402,7916,322288,12.2334,0.0000,762310758
3045.0000,46,61,1,0,15,13,28,34866.0000,4.0000,420,403,7920,322288,12.0334,0.0000,762666772
3046.0000,46,61,1,0,15,12,30,36572.0000,4.0000,420,403,7924,322288,17.2334,0.0000,763013183
3047.0000,46,58,1,0,15,15,28,36471.0000,4.0000,420,403,7928,322288,19.0334,0.0000,763380993
3048.0000,46,47,1,0,15,26,30,37897.0000,20.0000,420,403,7928,322288,15.7334,0.0000,763731480
3049.0000,46,47,1,0,16,29,27,37908.0000,44.0000,420,403,7928,322288,16.5334,0.0000,764077246
3050.0000,46,50,1,0,16,29,26,37758.0000,20.0000,420,403,7928,322288,14.3334,0.0000,764432867
3051.0000,45,53,1,0,16,30,29,35786.0000,20.0000,420,404,7928,322288,14.8334,0.3901,764800218
3052.0000,45,55,1,0,16,30,32,36886.0000,4.0000,420,404,7930,322288,13.6334,0.0000,765140678
3053.0000,45,53,1,0,17,33,35,37746.0000,32.0000,420,404,7930,322288,14.7334,0.0000,765484147
3054.0000,45,45,1,0,16,44,35,37591.0000,8.0000,420,404,7932,322288,15.3334,0.0000,765830067
3055.0000,45,43,1,0,16,47,30,36343.0000,0.0000,420,404,7932,322288,16.2334,2.5360,766180252
3056.0000,45,40,1,0,16,50,35,37426.0000,0.0000,420,404,7932,322288,16.8334,0.0000,766529797
3057.0000,44,40,1,0,16,52,33,37593.0000,16.0000,420,405,7936,322288,14.5334,0.0000,766869807
3058.0000,44,39,1,0,17,55,35,37842.0000,0.0000,420,405,7936,322288,16.5334,0.0000,767202221
3059.0000,43,36,1,0,18,58,36,37466.0000,0.0000,420,406,7938,322288,15.9334,0.0000,767537119
3060.0000,42,34,1,0,18,62,36,37031.0000,28.0000,420,407,7942,322288,15.5334,0.0975,767872500
3061.0000,42,36,1,0,18,63,37,37189.0000,4.0000,420,407,7944,322288,12.0334,0.0000,768201739
3062.0000,42,35,1,0,18,64,36,37112.0000,4.0000,420,407,7948,322288,11.7334,0.0000,768527263
3063.0000,42,35,1,0,19,64,37,37042.0000,4.0000,420,407,7950,322288,10.8334,0.0000,768852663
3064.0000,42,34,1,0,19,64,36,36694.0000,4.0000,420,407,7956,322288,12.1939,0.0000,769181973
3065.0000,41,27,1,0,19,72,39,35748.0000,4.0000,420,408,7960,322288,11.4664,0.0000,769498963
3066.0000,41,25,1,0,19,74,42,36237.0000,4.0000,420,408,7960,322288,8.7604,0.0000,769818070
3067.0000,40,22,1,0,19,78,41,36251.0000,4.0000,420,409,7960,322288,8.3001,0.0000,770131327
3068.0000,40,19,1,0,19,79,42,36932.0000,4.0000,420,409,7968,322288,9.7454,0.0000,770434715
3069.0000,40,18,1,0,19,70,44,37981.0000,35.0000,420,409,7974,322288,10.6454,0.0000,770742989
3070.0000,39,19,1,0,17,66,47,38192.0000,6.0000,420,410,7980,322288,11.4454,0.0000,771043951
3071.0000,38,19,1,0,17,67,45,36054.0000,6.0000,420,411,7984,322288,13.1454,0.0000,771339282
3072.0000,38,21,1,0,17,67,51,37881.0000,44.0000,420,411,7992,322288,10.2454,0.0000,771613966
3073.0000,38,22,1,0,15,67,49,39608.0000,6.0000,420,411,7992,322288,10.7454,0.0000,771895606
3074.0000,41,19,1,0,16,64,48,40549.0000,6.0000,423,411,7992,322288,9.6454,0.0000,772187074
3075.0000,43,17,1,0,16,53,46,39909.0000,6.0000,425,411,7998,322288,8.1454,0.0000,772516572
3076.0000,43,16,1,0,16,51,44,41085.0000,6.0000,425,411,7998,322288,7.3454,0.0000,772842182
3077.0000,43,15,1,0,16,49,43,40832.0000,6.0000,425,411,7998,322288,8.8454,0.0000,773157336
3078.0000,42,9,1,0,16,56,43,41679.0000,6.0000,425,412,8000,322288,8.5454,0.0000,773466448
3079.0000,41,10,1,0,17,53,48,41784.0000,267.0000,425,413,8002,322288,9.1454,0.0000,773771709
3080.0000,41,13,1,0,16,50,49,41471.0000,155.0000,425,413,8006,322288,11.4454,0.0000,774075901
3081.0000,41,14,1,0,16,47,48,41153.0000,47.0000,425,413,8006,322288,11.6454,0.0000,774400148
3082.0000,41,14,1,0,16,46,48,41109.0000,2.0000,425,413,8006,322288,8.7454,0.0000,774710842
3083.0000,41,14,1,0,16,45,46,42612.0000,2.0000,425,413,8010,322288,9.9454,0.0000,775018575
3084.0000,41,14,1,0,16,45,43,43540.0000,2.0000,425,413,8012,322288,8.8454,0.0000,775305090
3085.0000,40,14,1,0,16,45,42,43744.0000,2.0000,425,414,8014,322288,8.2454,0.0000,775602678
3086.0000,40,14,1,0,16,38,46,44293.0000,2.0000,425,414,8018,322288,11.4454,0.0000,775900282
3087.0000,40,10,1,0,14,40,48,45488.0000,2.0000,425,414,8018,322288,11.3454,0.0000,776192346
3088.0000,40,10,1,0,14,37,49,45436.0000,2.0000,425,414,8020,322288,11.9454,0.0000,776496642
3089.0000,40,8,1,0,14,35,51,45810.0000,2.0000,425,414,8020,322288,11.3454,0.0000,776796391
3090.0000,40,8,1,0,13,33,48,45660.0000,2.0000,425,414,8020,322288,11.2454,0.0000,777083121
3091.0000,40,11,1,0,13,33,45,44708.0000,83.0000,425,414,8024,322288,7.2454,0.0000,777386338
3092.0000,40,11,1,0,12,33,48,45736.0000,20.0000,425,414,8026,322288,8.2454,0.0000,777669047
3093.0000,40,11,1,0,12,33,47,45046.0000,1.0000,425,414,8026,322288,10.7454,0.0000,777959859
3094.0000,40,13,1,0,11,33,49,44426.0000,511.0000,425,414,8030,322288,9.1454,0.0000,778242793
3095.0000,39,16,1,0,11,34,49,42357.0000,305.0000,425,415,8032,322288,9.3454,0.0000,778534161
3096.0000,39,18,1,0,11,34,48,42656.0000,10.0000,425,415,8032,322288,8.4454,0.0000,778818236
3097.0000,39,18,1,0,11,33,45,43035.0000,1.0000,425,415,8036,322288,8.4454,0.0000,779102427
3098.0000,39,18,1,0,11,32,43,42487.0000,1.0000,425,415,8036,322288,9.0454,0.0000,779389613
3099.0000,39,18,1,0,11,26,44,41757.0000,1.0000,425,415,8038,322288,10.4454,0.0000,779674928
3100.0000,39,18,1,0,11,26,43,40938.0000,1.0000,425,415,8044,322288,10.9454,0.0000,779970752
3101.0000,39,18,1,0,11,26,44,40557.0000,1.0000,425,415,8046,322288,10.8454,0.0000,780252550
3102.0000,39,13,1,0,11,33,45,40013.0000,680.0000,425,415,8046,322288,11.7454,0.0000,780536283
3103.0000,39,15,1,0,11,33,47,40329.0000,640.0000,425,415,8046,322288,9.5454,0.0000,780812126
3104.0000,39,17,1,0,11,33,48,40898.0000,600.0000,425,415,8048,322288,12.2454,0.0000,781095179
3105.0000,39,19,1,0,10,33,48,40872.0000,560.0000,425,415,8048,322288,14.9454,0.0000,781375912
3106.0000,39,21,1,0,10,33,48,40827.0000,477.0000,425,415,8050,322288,13.8454,0.0000,781642041
3107.0000,39,22,1,0,10,33,43,40907.0000,296.0000,425,415,8052,322288,13.5454,0.0000,781926197
3108.0000,39,22,1,0,10,29,42,41113.0000,197.0000,425,415,8052,322288,12.4454,0.0000,782205014
3109.0000,39,22,1,0,11,29,42,41247.0000,18.0000,425,415,8052,322288,12.5454,0.0000,782481986
3110.0000,39,22,1,0,11,26,41,41566.0000,4.0000,425,415,8054,322288,13.6454,0.0000,782773270
3111.0000,39,22,1,0,12,26,41,41013.0000,4.0000,425,415,8056,322288,13.6454,0.0000,783059342
3112.0000,39,22,1,0,13,26,41,40894.0000,4.0000,425,415,8056,322288,15.2454,1.6447,783345695
3113.0000,38,21,1,0,13,30,44,41695.0000,12.0000,425,416,8058,322288,15.0454,0.0000,783632908
3114.0000,38,22,1,0,14,31,40,39599.0000,493.0000,425,416,8062,322288,15.4454,0.0000,783919024
3115.0000,38,24,1,0,14,31,41,40649.0000,275.0000,425,416,8062,322288,14.5454,0.0000,784192976
3116.0000,38,26,1,0,14,31,39,42442.0000,726.0000,425,416,8066,322288,12.3454,0.0000,784460247
3117.0000,38,28,1,0,15,31,39,42058.0000,1223.0000,425,416,8068,322288,18.1454,0.0000,784737529
3118.0000,38,30,1,0,15,31,41,42848.0000,1251.0000,425,416,8068,322288,17.4454,0.0000,785010179
3119.0000,38,32,1,0,14,31,42,43474.0000,1166.0000,425,416,8070,322288,13.8454,0.0000,785264728
3120.0000,38,34,1,0,13,29,44,44616.0000,1272.0000,425,416,8072,322288,13.5454,0.0000,785544840
3121.0000,38,36,1,0,12,29,42,42277.0000,848.0000,425,416,8076,322288,17.3454,0.0000,785830336
3122.0000,38,38,1,0,12,29,38,40315.0000,426.0000,425,416,8078,322288,13.4454,0.0000,786119515
3123.0000,38,40,1,0,11,22,37,40579.0000,44.0000,425,416,8078,322288,12.7454,0.0000,786407250
3124.0000,38,42,1,0,11,22,36,38432.0000,28.0000,425,416,8082,322288,15.4454,0.0000,786693774
3125.0000,38,44,1,0,11,22,39,39021.0000,12.0000,425,416,8086,322288,12.0454,0.0000,786992036
3126.0000,38,45,1,0,11,22,40,39483.0000,4.0000,425,416,8086,322288,10.6454,0.0000,787279267
3127.0000,38,45,1,0,12,22,38,40115.0000,4.0000,425,416,8092,322288,11.2454,0.0000,787577539
3128.0000,38,35,1,0,13,32,37,39731.0000,4.0000,425,416,8098,322288,12.2454,0.0000,787864326
3129.0000,37,28,1,0,14,40,33,38609.0000,4.0000,425,417,8098,322288,12.7454,0.0000,788160268
3130.0000,37,28,1,0,14,41,36,37497.0000,35.0000,425,417,8098,322288,15.8454,1.4391,788457240
3131.0000,36,30,1,0,14,42,35,37351.0000,145.0000,425,418,8098,322288,15.6454,0.0000,788737672
3132.0000,36,32,1,0,14,41,36,37373.0000,39.0000,425,418,8098,322288,16.7454,0.1028,789025169
3133.0000,35,34,1,0,14,42,38,36982.0000,23.0000,425,419,8098,322288,15.2454,0.0000,789291429
3134.0000,35,36,1,0,13,38,34,36611.0000,7.0000,425,419,8102,322288,15.0454,0.0000,789569666
3135.0000,34,35,1,0,13,39,33,36335.0000,798.0000,425,420,8104,322288,13.5454,0.0000,789847739
3136.0000,34,34,1,0,13,41,34,36345.0000,682.0000,425,420,8108,322288,14.2454,0.0000,790122393
3137.0000,34,25,1,0,14,50,37,36438.0000,674.0000,425,420,8108,322288,12.4454,0.0000,790390620
3138.0000,35,25,1,0,14,51,37,35559.0000,863.0000,426,420,8108,322288,16.2454,0.0000,790660734
3139.0000,35,27,1,0,13,50,39,36771.0000,492.0000,426,420,8112,322288,14.9454,0.0000,790920703
3140.0000,35,29,1,0,13,50,38,38466.0000,157.0000,426,420,8112,322288,12.6454,0.0000,791199151
3141.0000,35,31,1,0,14,49,40,40017.0000,307.0000,426,420,8116,322288,12.2454,0.0000,791476114
3142.0000,35,33,1,0,15,49,38,38940.0000,656.0000,426,420,8122,322288,13.3454,0.0000,791756698
3143.0000,35,35,1,0,15,49,39,39133.0000,353.0000,426,420,8124,322288,11.2454,0.0000,792022671
3144.0000,35,37,1,0,15,49,43,40340.0000,748.0000,426,420,8124,322288,12.4454,0.0000,792287159
3145.0000,35,39,1,0,16,49,43,41201.0000,315.0000,426,420,8124,322288,12.6454,0.3084,792558111
3146.0000,35,41,1,0,16,49,46,38923.0000,870.0000,426,420,8124,322288,14.9454,0.4112,792828701
3147.0000,35,43,1,0,17,48,43,36667.0000,393.0000,426,420,8126,322288,11.9454,0.0000,793091075
3148.0000,35,45,1,0,17,48,47,38356.0000,740.0000,426,420,8128,322288,10.7454,0.0000,793358630
3149.0000,34,47,1,0,17,41,46,39469.0000,180.0000,426,421,8128,322288,12.2454,0.0000,793631894
3150.0000,34,49,1,0,17,32,45,40837.0000,47.0000,426,421,8128,322288,14.1454,0.5140,793902798
3151.0000,34,51,1,0,17,31,42,39251.0000,31.0000,426,421,8128,322288,16.4454,0.0000,794174243
3152.0000,34,53,1,0,17,31,45,40967.0000,15.0000,426,421,8132,322288,15.8454,0.0000,794444840
3153.0000,34,54,1,0,17,30,47,43092.0000,7.0000,426,421,8132,322288,14.4454,0.0000,794710761
3154.0000,34,55,1,0,17,31,51,45373.0000,512.0000,426,421,8134,322288,13.0454,1.2335,794965911
3155.0000,33,51,1,0,18,37,51,43868.0000,270.0000,426,422,8136,322288,14.0454,0.0000,795217716
3156.0000,32,53,1,0,18,36,53,43628.0000,695.0000,426,423,8138,322288,14.7454,0.0000,795468778
3157.0000,32,55,1,0,18,35,54,42222.0000,711.0000,426,423,8140,322288,13.7454,0.0000,795711488
3158.0000,30,57,1,0,16,27,56,41765.0000,95.0000,426,425,8144,322288,14.5454,0.1028,795947948
3159.0000,30,59,1,0,16,25,55,40553.0000,79.0000,426,425,8146,322288,11.7454,0.3084,796171606
3160.0000,30,61,1,0,16,25,50,38890.0000,63.0000,426,425,8146,322288,12.3454,0.0000,796401500
3161.0000,29,62,1,0,16,26,53,40493.0000,47.0000,426,426,8146,322288,10.1454,0.0000,796631303
3162.0000,28,62,1,0,16,29,55,42164.0000,67.0000,426,427,8146,322288,11.9454,0.0000,796839673
3163.0000,27,54,1,0,16,39,55,43654.0000,51.0000,426,428,8148,322288,11.7454,0.0000,797035389
3164.0000,27,55,1,0,16,40,56,46204.0000,35.0000,426,428,8148,322288,16.9454,0.0000,797229806
3165.0000,26,53,1,0,16,45,55,45101.0000,19.0000,426,429,8150,322288,18.7454,0.0000,797432884
3166.0000,26,53,1,0,16,47,53,47090.0000,3.0000,426,429,8152,322288,15.4454,0.0000,797619204
3167.0000,26,53,1,0,17,47,53,47182.0000,16.0000,426,429,8152,322288,16.2454,0.0000,797803264
3168.0000,26,55,1,0,17,47,57,46996.0000,60.0000,426,429,8152,322288,14.0454,0.0000,797992296
3169.0000,26,57,1,0,17,47,57,44738.0000,44.0000,426,429,8152,322288,14.5454,0.4112,798191233
3170.0000,26,59,1,0,17,47,57,45960.0000,28.0000,426,429,8158,322288,13.3454,0.0000,798390617
3171.0000,27,60,1,0,17,47,59,46512.0000,48.0000,427,429,8158,322288,14.4454,0.0000,798592476
3172.0000,25,60,1,0,17,51,61,44682.0000,32.0000,427,431,8160,322288,15.0454,0.0000,798795459
3173.0000,26,54,1,0,15,58,61,42817.0000,16.0000,428,431,8162,322288,15.9454,2.6727,798971091
3174.0000,26,55,1,0,15,58,63,43706.0000,60.0000,428,431,8162,322288,16.5454,0.0000,799168027
3175.0000,26,56,1,0,14,57,63,44019.0000,44.0000,428,431,8162,322288,14.2454,0.0000,799351591
3176.0000,26,57,1,0,12,52,63,43501.0000,76.0000,428,431,8162,322288,16.2454,0.0000,799534526
3177.0000,26,59,1,0,11,52,61,42311.0000,60.0000,428,431,8162,322288,15.6454,0.0000,799722503
3178.0000,27,60,1,0,11,52,58,40815.0000,44.0000,429,431,8162,322288,15.2454,0.1028,799915322
3179.0000,32,56,1,0,10,53,53,39812.0000,28.0000,434,431,8168,322288,11.7454,0.0000,800151425
3180.0000,32,55,1,0,11,56,53,38586.0000,12.0000,434,431,8170,322288,11.4454,0.0000,800384736
3181.0000,31,54,1,0,12,59,49,36648.0000,155.0000,435,433,8172,322288,10.5454,0.0000,800611372
3182.0000,32,55,1,0,12,58,47,35549.0000,64.0000,436,433,8174,322288,11.9373,0.0000,800844433
3183.0000,33,56,1,0,12,56,45,34308.0000,48.0000,437,433,8176,322288,11.2850,0.0000,801081366
3184.0000,33,58,1,0,12,46,47,33738.0000,32.0000,437,433,8178,322288,8.6685,0.0000,801328777
3185.0000,33,59,1,0,12,46,47,33125.0000,16.0000,437,433,8180,322288,8.2834,0.0000,801569674
3186.0000,32,59,1,0,11,46,46,32285.0000,0.0000,437,434,8180,322288,9.7601,0.0000,801816413
3187.0000,33,40,1,0,11,61,40,32261.0000,0.0000,438,434,8180,322288,10.6601,0.0000,802062530
3188.0000,33,38,1,0,10,61,41,32020.0000,0.0000,438,434,8180,322288,11.4601,0.0000,802316602
3189.0000,33,37,1,0,10,62,39,30401.0000,0.0000,438,434,8180,322288,13.1601,0.0000,802571108
3190.0000,33,35,1,0,10,64,41,30732.0000,0.0000,438,434,8180,322288,10.2601,0.0000,802828573
3191.0000,33,33,1,0,9,66,43,31066.0000,0.0000,438,434,8180,322288,10.7601,0.0000,803063481
3192.0000,33,31,1,0,9,67,44,30963.0000,0.0000,438,434,8180,322288,9.6601,0.0000,803309525
3193.0000,34,29,1,0,9,66,43,29914.0000,459.0000,439,434,8182,322288,8.1601,0.0000,803554068
3194.0000,35,30,1,0,9,59,42,30040.0000,20.0000,440,434,8184,322288,7.3601,0.0000,803811071
3195.0000,36,31,1,0,10,58,39,29419.0000,4.0000,441,434,8186,322288,8.8601,0.0000,804073149
3196.0000,37,30,1,0,10,57,41,29950.0000,4.0000,442,434,8186,322288,8.5601,0.0000,804330667
3197.0000,37,31,1,0,10,56,38,30063.0000,20.0000,442,434,8186,322288,9.1601,0.0000,804592858
3198.0000,37,33,1,0,10,56,37,29453.0000,4.0000,442,434,8186,322288,11.4601,0.0000,804865557
3199.0000,37,35,1,0,11,56,38,28927.0000,36.0000,442,434,8186,322288,11.6601,0.0000,805118450
3200.0000,37,36,1,0,12,56,31,28509.0000,20.0000,442,434,8188,322288,8.7601,0.0000,805386022
3201.0000,36,38,1,0,14,54,28,28586.0000,4.0000,442,435,8190,322288,9.9601,0.0000,805650879
3202.0000,35,37,1,0,14,54,28,28348.0000,894.0000,442,436,8192,322288,8.8601,0.0000,805906880
3203.0000,35,38,1,0,15,55,31,28447.0000,72.0000,442,436,8196,322288,8.2601,0.0000,806153608
3204.0000,35,39,1,0,14,56,31,28698.0000,181.0000,442,436,8198,322288,11.4601,0.0000,806400674
3205.0000,37,38,1,0,14,57,27,28746.0000,52.0000,445,437,8200,322288,11.3601,0.0000,806669128
3206.0000,37,40,1,0,14,56,27,28848.0000,60.0000,445,437,8200,322288,11.9601,0.0000,806939834
3207.0000,37,42,1,0,14,54,27,29182.0000,44.0000,445,437,8202,322288,11.3601,0.0000,807206585
3208.0000,36,44,1,0,13,37,25,28922.0000,64.0000,445,438,8202,322288,11.2601,0.0000,807479438
3209.0000,36,46,1,0,12,34,25,28530.0000,48.0000,445,438,8202,322288,7.2601,0.0000,807751348
3210.0000,36,45,1,0,12,36,29,29276.0000,68.0000,445,438,8202,322288,8.2601,0.0000,808003897
3211.0000,36,47,1,0,13,34,27,29204.0000,52.0000,445,438,8204,322288,10.7601,0.0000,808269519
3212.0000,36,48,1,0,12,33,26,29337.0000,36.0000,445,438,8206,322288,9.1601,0.0000,808531886
3213.0000,36,48,1,0,12,34,26,28797.0000,20.0000,445,438,8208,322288,9.3601,0.0000,808809668
3214.0000,35,46,1,0,14,37,26,29367.0000,4.0000,445,439,8208,322288,8.4601,0.0000,809090627
3215.0000,35,33,1,0,14,50,25,30505.0000,4.0000,445,439,8212,322288,8.4601,0.0000,809356662
3216.0000,35,32,1,0,14,51,25,30847.0000,4.0000,445,439,8212,322288,9.0601,0.0000,809624870
3217.0000,35,30,1,0,14,53,27,30945.0000,4.0000,445,439,8214,322288,10.4601,0.0000,809887903
3218.0000,35,28,1,0,14,55,25,30953.0000,4.0000,445,439,8214,322288,10.9601,0.0000,810142092
3219.0000,34,26,1,0,14,58,28,30930.0000,4.0000,445,440,8214,322288,10.8601,0.0000,810408493
3220.0000,34,28,1,0,14,58,30,31277.0000,42.0000,445,440,8214,322288,11.7601,0.0000,810668584
3221.0000,34,30,1,0,14,57,32,32451.0000,457.0000,445,440,8214,322288,9.5601,0.0000,810923253
3222.0000,34,32,1,0,14,57,34,33937.0000,937.0000,445,440,8214,322288,12.2601,0.0000,811181479
3223.0000,34,34,1,0,14,56,33,34985.0000,569.0000,445,440,8214,322288,14.9601,0.0000,811437458
3224.0000,34,36,1,0,14,55,34,36486.0000,174.0000,445,440,8214,322288,13.8601,0.0000,811689905
3225.0000,34,38,1,0,15,53,32,38137.0000,40.0000,445,440,8214,322288,13.5601,0.0000,811930899
3226.0000,34,40,1,0,15,53,34,39911.0000,24.0000,445,440,8216,322288,12.4601,0.0000,812178467
3227.0000,34,42,1,0,15,52,38,41371.0000,8.0000,445,440,8218,322288,12.5601,0.0000,812433782
3228.0000,33,42,1,0,15,54,40,42448.0000,0.0000,445,441,8218,322288,13.6601,0.0000,812680142
3229.0000,32,39,1,0,15,57,41,42266.0000,0.0000,445,442,8218,322288,13.6601,0.0000,812922052
3230.0000,32,22,1,0,16,74,41,43021.0000,0.0000,445,442,8224,322288,15.2601,1.7253,813175312
3231.0000,32,21,1,0,16,72,43,45586.0000,561.0000,445,442,8224,322288,15.0601,0.0000,813414072
3232.0000,32,23,1,0,17,72,43,43563.0000,1063.0000,445,442,8224,322288,15.4601,0.0000,813664962
3233.0000,32,25,1,0,17,71,47,46665.0000,1391.0000,445,442,8226,322288,14.5601,0.0000,813896513
3234.0000,32,27,1,0,17,69,49,50186.0000,1942.0000,445,442,8226,322288,12.3601,0.0000,814127408
3235.0000,32,29,1,0,18,65,50,50284.0000,2779.0000,445,442,8228,322288,18.1601,0.0000,814358021
3236.0000,32,31,1,0,18,52,52,51687.0000,3141.0000,445,442,8228,322288,17.4601,0.0000,814592314
3237.0000,32,33,1,0,19,51,52,53508.0000,3189.0000,445,442,8232,322288,13.8601,0.0000,814826102
3238.0000,32,35,1,0,19,49,55,55992.0000,3259.0000,445,442,8234,322288,13.5601,0.0000,815055745
3239.0000,32,37,1,0,19,47,53,53306.0000,2827.0000,445,442,8234,322288,17.3601,0.0000,815298443
3240.0000,32,39,1,0,18,45,52,51511.0000,2931.0000,445,442,8234,322288,13.4601,0.0000,815523908
3241.0000,32,41,1,0,18,45,53,53541.0000,2363.0000,445,442,8234,322288,12.7601,0.0000,815757376
3242.0000,31,43,1,0,19,46,54,50561.0000,1811.0000,445,443,8234,322288,15.4601,0.0000,815997146
3243.0000,31,45,1,0,19,46,59,52980.0000,1315.0000,445,443,8236,322288,12.0601,0.0000,816216774
3244.0000,31,47,1,0,19,46,57,55191.0000,819.0000,445,443,8236,322288,10.6601,0.0000,816439177
3245.0000,30,49,1,0,19,47,59,57442.0000,211.0000,445,444,8236,322288,11.2601,0.0000,816672626
3246.0000,30,51,1,0,19,46,60,58015.0000,52.0000,445,444,8240,322288,12.2601,0.0000,816895859
3247.0000,30,53,1,0,18,46,59,57465.0000,36.0000,445,444,8246,322288,12.7601,0.0000,817111154
3248.0000,29,55,1,0,18,47,60,55211.0000,20.0000,445,445,8248,322288,15.8601,1.5096,817339224
3249.0000,29,57,1,0,18,46,63,55487.0000,4.0000,445,445,8252,322288,15.6601,0.0000,817545691
3250.0000,29,56,1,0,18,44,63,55079.0000,4.0000,445,445,8252,322288,16.7601,0.1078,817761230
3251.0000,29,45,1,0,19,37,64,54826.0000,4.0000,445,445,8254,322288,15.2601,0.0000,817972430
3252.0000,29,28,1,0,19,51,66,53892.0000,4.0000,445,445,8256,322288,15.0601,0.0000,818180806
3253.0000,29,26,1,0,19,53,67,54337.0000,4.0000,445,445,8260,322288,13.5601,0.0000,818395706
3254.0000,29,24,1,0,19,53,66,54530.0000,4.0000,445,445,8262,322288,14.2601,0.0000,818606892
3255.0000,29,22,1,0,19,55,68,54799.0000,4.0000,445,445,8262,322288,12.4601,0.0000,818814295
3256.0000,28,22,1,0,18,57,69,52737.0000,417.0000,445,446,8262,322288,16.2601,0.0000,819037985
3257.0000,27,24,1,0,18,57,72,53602.0000,114.0000,445,447,8264,322288,14.9601,0.0000,819233864
3258.0000,27,26,1,0,16,56,73,55957.0000,540.0000,445,447,8264,322288,12.6601,0.0000,819426860
3259.0000,27,28,1,0,17,55,75,57290.0000,147.0000,445,447,8264,322288,12.2601,0.0000,819619307
3260.0000,27,30,1,0,16,55,75,55187.0000,52.0000,445,447,8264,322288,13.3601,0.0000,819815258
3261.0000,27,32,1,0,15,54,74,54865.0000,36.0000,445,447,8264,322288,11.2601,0.0000,820011272
3262.0000,27,34,1,0,16,54,73,55469.0000,20.0000,445,447,8270,322288,12.4601,0.0000,820205912
3263.0000,27,35,1,0,16,55,72,55619.0000,4.0000,445,447,8270,322288,12.6601,0.3235,820409277
3264.0000,27,35,1,0,16,57,74,51828.0000,36.0000,445,447,8270,322288,14.9601,0.4313,820611665
3265.0000,27,35,1,0,15,59,71,48224.0000,752.0000,445,447,8270,322288,11.9601,0.0000,820824025
3266.0000,27,37,1,0,15,59,74,48807.0000,344.0000,445,447,8270,322288,10.7601,0.0000,821021451
3267.0000,27,39,1,0,15,59,74,49517.0000,72.0000,445,447,8270,322288,12.2601,0.0000,821228996
3268.0000,27,41,1,0,15,58,73,50113.0000,56.0000,445,447,8270,322288,14.1601,0.5391,821427218
3269.0000,27,43,1,0,13,57,71,47435.0000,40.0000,445,447,8270,322288,16.4601,0.0000,821630119
3270.0000,27,45,1,0,13,57,67,47302.0000,24.0000,445,447,8272,322288,15.8601,0.0000,821838404
3271.0000,27,47,1,0,13,56,69,47519.0000,8.0000,445,447,8272,322288,14.4601,0.0000,822049945
3272.0000,27,32,1,0,13,64,67,47880.0000,0.0000,445,447,8272,322288,13.0601,1.2940,822242748
3273.0000,27,32,1,0,13,44,70,45735.0000,802.0000,445,447,8274,322288,14.0601,0.0000,822443948
3274.0000,27,34,1,0,14,42,71,44821.0000,703.0000,445,447,8274,322288,14.7601,0.0000,822644416
3275.0000,26,36,1,0,14,42,67,42371.0000,1038.0000,445,448,8274,322288,13.7601,0.0000,822842580
3276.0000,26,38,1,0,14,39,64,42009.0000,670.0000,445,448,8280,322288,14.5601,0.1078,823034582
3277.0000,26,40,1,0,13,37,65,40503.0000,643.0000,445,448,8280,322288,11.7601,0.3235,823236406
3278.0000,26,42,1,0,13,37,66,38398.0000,187.0000,445,448,8312,322288,12.3601,0.0000,823421676
3279.0000,25,44,1,0,13,38,63,38930.0000,36.0000,445,449,8312,322288,10.1601,0.0000,823616539
3280.0000,25,46,1,0,13,37,65,39763.0000,601.0000,445,449,8312,322288,11.9601,0.0000,823805174
3281.0000,25,48,1,0,13,37,61,40621.0000,64.0000,445,449,8312,322288,11.7601,0.0000,823995706
3282.0000,25,50,1,0,13,36,61,41654.0000,96.0000,445,449,8314,322288,16.9601,0.0000,824185194
3283.0000,25,52,1,0,13,36,59,40564.0000,80.0000,445,449,8314,322288,18.7601,0.0000,824369314
3284.0000,25,54,1,0,13,35,58,41008.0000,64.0000,445,449,8314,322288,15.4601,0.0000,824554949
3285.0000,25,55,1,0,13,34,56,40076.0000,48.0000,445,449,8314,322288,16.2601,0.0000,824739704
3286.0000,25,54,1,0,15,35,54,39080.0000,32.0000,445,449,8314,322288,14.0601,0.0000,824929548
3287.0000,25,35,1,0,15,56,57,36896.0000,16.0000,445,449,8314,322288,14.5601,0.4313,825126677
3288.0000,25,32,1,0,14,61,55,37077.0000,0.0000,445,449,8314,322288,13.3601,0.0000,825313825
3289.0000,25,30,1,0,15,63,57,36707.0000,0.0000,445,449,8314,322288,14.4601,0.0000,825499883
3290.0000,25,30,1,0,15,63,53,35564.0000,0.0000,445,449,8314,322288,15.0601,0.0000,825683735
3291.0000,25,29,1,0,14,64,52,33733.0000,0.0000,445,449,8314,322288,15.9601,2.8036,825860334
3292.0000,25,27,1,0,14,66,52,33843.0000,0.0000,445,449,8314,322288,16.5601,0.0000,826053494
3293.0000,25,28,1,0,14,51,50,33618.0000,8.0000,445,449,8316,322288,14.2601,0.0000,826239778
3294.0000,25,29,1,0,14,51,52,33169.0000,0.0000,445,449,8320,322288,16.2601,0.0000,826428221
3295.0000,25,30,1,0,14,51,52,32253.0000,28.0000,445,449,8320,322288,15.6601,0.0000,826619665
3296.0000,25,31,1,0,14,52,49,31389.0000,12.0000,445,449,8320,322288,15.2601,0.1078,826796858
3297.0000,25,32,1,0,14,52,52,30844.0000,32.0000,445,449,8320,322288,11.7601,0.0000,826985889
3298.0000,25,34,1,0,13,51,50,30222.0000,16.0000,445,449,8322,322288,11.4601,0.0000,827174959
3299.0000,25,33,1,0,13,54,49,29430.0000,0.0000,445,449,8326,322288,10.5601,0.0000,827362931
3300.0000,24,32,1,0,12,56,47,28100.0000,0.0000,445,450,8330,322288,11.9443,0.0000,827554419
3301.0000,24,29,1,0,12,58,45,27155.0000,0.0000,445,450,8336,322288,11.2737,0.0000,827738880
3302.0000,24,18,1,0,12,69,44,26747.0000,0.0000,445,450,8340,322288,8.6353,0.0000,827917237
3303.0000,24,20,1,0,12,69,43,26350.0000,20.0000,445,450,8340,322288,8.2319,0.0000,828099535
3304.0000,24,22,1,0,13,68,43,25925.0000,4.0000,445,450,8340,322288,9.7009,0.0000,828286901
3305.0000,24,22,1,0,14,68,41,25904.0000,4.0000,445,450,8340,322288,10.6009,0.0000,828468555
3306.0000,24,24,1,0,14,67,42,25824.0000,24.0000,445,450,8342,322288,11.4009,0.0000,828654654
3307.0000,24,26,1,0,13,64,39,24557.0000,8.0000,445,450,8344,322288,13.1009,0.0000,828853056
3308.0000,24,27,1,0,13,45,37,25214.0000,0.0000,445,450,8348,322288,10.2009,0.0000,829045758
3309.0000,24,28,1,0,13,38,37,25911.0000,55.0000,445,450,8348,322288,10.7009,0.0000,829228322
3310.0000,24,30,1,0,14,36,37,26254.0000,435.0000,445,450,8348,322288,9.6009,0.0000,829412188
3311.0000,24,32,1,0,14,35,40,25563.0000,981.0000,445,450,8350,322288,8.1009,0.0000,829589442
3312.0000,24,34,1,0,14,34,41,26280.0000,1902.0000,445,450,8350,322288,7.3009,0.0000,829773871
3313.0000,24,36,1,0,14,32,42,26008.0000,1494.0000,445,450,8352,322288,8.8009,0.0000,829953223
3314.0000,24,38,1,0,14,31,41,26945.0000,1086.0000,445,450,8352,322288,8.5009,0.0000,830137845
3315.0000,24,40,1,0,14,30,42,27616.0000,1426.0000,445,450,8352,322288,9.1009,0.0000,830320180
3316.0000,24,42,1,0,14,30,39,27644.0000,938.0000,445,450,8352,322288,11.4009,0.0000,830507481
3317.0000,24,44,1,0,14,29,36,27752.0000,490.0000,445,450,8352,322288,11.6009,0.0000,830693151
3318.0000,24,46,1,0,14,28,39,28001.0000,655.0000,445,450,8352,322288,8.7009,0.0000,830886632
3319.0000,24,48,1,0,14,28,38,29603.0000,826.0000,445,450,8352,322288,9.9009,0.0000,831077881
3320.0000,24,50,1,0,14,26,41,30730.0000,853.0000,445,450,8354,322288,8.8009,0.0000,831267529
3321.0000,24,52,1,0,15,24,40,31499.0000,311.0000,445,450,8354,322288,8.2009,0.0000,831461700
3322.0000,24,54,1,0,16,22,41,32402.0000,75.0000,445,450,8354,322288,11.4009,0.0000,831644305
3323.0000,23,56,1,0,16,11,39,33115.0000,59.0000,445,451,8354,322288,11.3009,0.0000,831829461
3324.0000,23,58,1,0,16,10,40,33478.0000,43.0000,445,451,8354,322288,11.9009,0.0000,832005253
3325.0000,23,60,1,0,16,9,41,33814.0000,27.0000,445,451,8356,322288,11.3009,0.0000,832186451
3326.0000,23,59,1,0,16,12,40,33897.0000,202.0000,445,451,8360,322288,11.2009,0.0000,832370683
3327.0000,23,46,1,0,16,27,40,33468.0000,31.0000,445,451,8362,322288,7.2009,0.0000,832548857
3328.0000,23,48,1,0,16,27,44,34706.0000,15.0000,445,451,8362,322288,8.2009,0.0000,832731033
3329.0000,23,46,1,0,18,30,44,34830.0000,7.0000,445,451,8362,322288,10.7009,0.0000,832902954
3330.0000,23,44,1,0,18,32,44,34974.0000,7.0000,445,451,8364,322288,9.1009,0.0000,833079908
3331.0000,23,36,1,0,18,40,48,34419.0000,7.0000,445,451,8364,322288,9.3009,0.0000,833257688
3332.0000,23,32,1,0,18,44,48,36205.0000,7.0000,445,451,8364,322288,8.4009,0.0000,833430332
3333.0000,23,30,1,0,18,46,48,38066.0000,7.0000,445,451,8364,322288,8.4009,0.0000,833610224
3334.0000,23,31,1,0,18,47,49,38687.0000,868.0000,445,451,8364,322288,9.0009,0.0000,833774269
3335.0000,23,33,1,0,18,47,51,38848.0000,564.0000,445,451,8366,322288,10.4009,0.0000,833946269
3336.0000,23,35,1,0,18,47,53,38936.0000,853.0000,445,451,8366,322288,10.9009,0.0000,834124032
3337.0000,23,37,1,0,18,47,51,39455.0000,461.0000,445,451,8368,322288,10.8009,0.0000,834308028
3338.0000,23,39,1,0,17,47,55,39792.0000,677.0000,445,451,8368,322288,11.7009,0.0000,834477924
3339.0000,22,41,1,0,17,48,57,40801.0000,595.0000,445,452,8372,322288,9.5009,0.0000,834645151
3340.0000,22,43,1,0,18,48,55,42727.0000,89.0000,445,452,8374,322288,12.2009,0.0000,834812914
3341.0000,22,45,1,0,18,48,58,44014.0000,71.0000,445,452,8374,322288,14.9009,0.0000,834991656
3342.0000,22,47,1,0,17,48,60,45605.0000,55.0000,445,452,8376,322288,13.8009,0.0000,835155438
3343.0000,22,49,1,0,17,48,59,47067.0000,39.0000,445,452,8380,322288,13.5009,0.0000,835323081
3344.0000,22,50,1,0,17,48,56,48683.0000,23.0000,445,452,8382,322288,12.4009,0.0000,835491986
3345.0000,22,38,1,0,17,62,59,49945.0000,7.0000,445,452,8382,322288,12.5009,0.0000,835657682
3346.0000,22,28,1,0,17,71,59,50733.0000,7.0000,445,452,8382,322288,13.6009,0.0000,835824713
3347.0000,22,25,1,0,16,71,60,50043.0000,7.0000,445,452,8382,322288,13.6009,0.0000,835988299
3348.0000,22,25,1,0,16,56,61,49824.0000,7.0000,445,452,8384,322288,15.2009,1.7139,836151885
3349.0000,23,24,1,0,16,56,62,51488.0000,7.0000,446,452,8384,322288,15.0009,0.0000,836318888
3350.0000,23,24,1,0,16,53,62,48692.0000,7.0000,446,452,8388,322288,15.4009,0.0000,836491821
3351.0000,23,23,1,0,15,52,63,50680.0000,7.0000,446,452,8388,322288,14.5009,0.0000,836660670
3352.0000,23,21,1,0,14,47,66,53146.0000,7.0000,446,452,8388,322288,12.3009,0.0000,836818682
3353.0000,23,22,1,0,14,42,66,52111.0000,642.0000,446,452,8388,322288,18.1009,0.0000,836986453
3354.0000,22,24,1,0,14,41,65,51935.0000,232.0000,446,453,8388,322288,17.4009,0.0000,837141409
3355.0000,22,26,1,0,13,39,67,52663.0000,67.0000,446,453,8390,322288,13.8009,0.0000,837306890
3356.0000,22,28,1,0,13,38,67,53565.0000,51.0000,446,453,8390,322288,13.5009,0.0000,837472074
3357.0000,22,30,1,0,13,38,66,50411.0000,35.0000,446,453,8392,322288,17.3009,0.0000,837644731
3358.0000,22,32,1,0,13,38,67,47879.0000,79.0000,446,453,8392,322288,13.4009,0.0000,837803106
3359.0000,22,31,1,0,13,41,69,48797.0000,63.0000,446,453,8394,322288,12.7009,0.0000,837962007
3360.0000,22,30,1,0,14,44,62,46102.0000,47.0000,446,453,8394,322288,15.4009,0.0000,838119480
3361.0000,22,30,1,0,14,46,65,47482.0000,31.0000,446,453,8394,322288,12.0009,0.0000,838273855
3362.0000,22,31,1,0,13,47,65,48610.0000,15.0000,446,453,8394,322288,10.6009,0.0000,838432567
3363.0000,22,29,1,0,13,51,64,49605.0000,23.0000,446,453,8394,322288,11.2009,0.0000,838591919
3364.0000,22,31,1,0,12,51,62,49036.0000,7.0000,446,453,8396,322288,12.2009,0.0000,838757167
3365.0000,22,31,1,0,13,50,62,47372.0000,7.0000,446,453,8400,322288,12.7009,0.0000,838914411
3366.0000,22,31,1,0,12,42,67,45204.0000,7.0000,446,453,8400,322288,15.8009,1.4997,839076195
3367.0000,22,32,1,0,12,26,64,44370.0000,59.0000,446,453,8404,322288,15.6009,0.0000,839240486
3368.0000,22,34,1,0,12,23,63,43245.0000,43.0000,446,453,8406,322288,16.7009,0.1071,839411739
3369.0000,22,36,1,0,13,23,61,42228.0000,27.0000,446,453,8410,322288,15.2009,0.0000,839568378
3370.0000,22,38,1,0,13,23,57,40805.0000,403.0000,446,453,8414,322288,15.0009,0.0000,839734651
3371.0000,22,37,1,0,13,26,55,40277.0000,31.0000,446,453,8414,322288,13.5009,0.0000,839898249
3372.0000,22,37,1,0,13,28,55,39547.0000,15.0000,446,453,8416,322288,14.2009,0.0000,840073463
3373.0000,21,35,1,0,13,29,60,38493.0000,7.0000,446,454,8418,322288,12.4009,0.0000,840244228
3374.0000,21,35,1,0,14,29,58,36957.0000,71.0000,446,454,8418,322288,16.2009,0.0000,840404525
3375.0000,21,37,1,0,14,28,61,37668.0000,55.0000,446,454,8418,322288,14.9009,0.0000,840551161
3376.0000,21,39,1,0,13,28,59,39031.0000,39.0000,446,454,8420,322288,12.6009,0.0000,840713244
3377.0000,21,41,1,0,14,28,58,39813.0000,345.0000,446,454,8422,322288,12.2009,0.0000,840869183
3378.0000,21,43,1,0,15,28,57,38244.0000,79.0000,446,454,8424,322288,13.3009,0.0000,841028753
3379.0000,20,45,1,0,15,29,55,37631.0000,63.0000,446,455,8428,322288,11.2009,0.0000,841176700
3380.0000,20,47,1,0,15,26,59,38634.0000,47.0000,446,455,8428,322288,12.4009,0.0000,841317499
3381.0000,20,48,1,0,17,23,54,39377.0000,31.0000,446,455,8428,322288,12.6009,0.3214,841471324
3382.0000,20,45,1,0,17,26,58,37122.0000,51.0000,446,455,8430,322288,14.9009,0.4285,841617117
3383.0000,20,38,1,0,17,34,54,34646.0000,35.0000,446,455,8432,322288,11.9009,0.0000,841764939
3384.0000,20,39,1,0,17,31,55,35474.0000,19.0000,446,455,8434,322288,10.7009,0.0000,841914224
3385.0000,20,39,1,0,16,33,54,36307.0000,3.0000,446,455,8434,322288,12.2009,0.0000,842067631
3386.0000,20,37,1,0,15,35,56,36234.0000,3.0000,446,455,8436,322288,14.1009,0.5356,842218516
3387.0000,20,36,1,0,15,36,53,34101.0000,3.0000,446,455,8436,322288,16.4009,0.0000,842373827
3388.0000,20,34,1,0,15,38,53,34276.0000,3.0000,446,455,8438,322288,15.8009,0.0000,842521220
3389.0000,20,32,1,0,16,40,53,34935.0000,749.0000,446,455,8438,322288,14.4009,0.0000,842676721
3390.0000,20,34,1,0,16,40,55,35771.0000,899.0000,446,455,8438,322288,13.0009,1.2854,842817832
3391.0000,20,36,1,0,15,40,55,34342.0000,611.0000,446,455,8442,322288,14.0009,0.0000,842969380
3392.0000,20,38,1,0,15,38,50,33705.0000,275.0000,446,455,8442,322288,14.7009,0.0000,843122563
3393.0000,20,40,1,0,15,35,48,32181.0000,35.0000,446,455,8444,322288,13.7009,0.0000,843274382
3394.0000,20,42,1,0,16,33,51,32105.0000,19.0000,446,455,8444,322288,14.5009,0.1071,843425260
3395.0000,19,43,1,0,16,32,51,30794.0000,11.0000,446,456,8446,322288,11.7009,0.3214,843573649
3396.0000,19,43,1,0,16,32,50,29655.0000,3.0000,446,456,8464,322288,12.3009,0.0000,843714048
3397.0000,19,41,1,0,16,34,52,31436.0000,3.0000,446,456,8464,322288,10.1009,0.0000,843863286
3398.0000,19,27,1,0,16,48,50,33125.0000,3.0000,446,456,8464,322288,11.9009,0.0000,844011337
3399.0000,19,25,1,0,15,50,50,34925.0000,3.0000,446,456,8466,322288,11.7009,0.0000,844166496
3400.0000,19,24,1,0,15,51,50,36958.0000,3.0000,446,456,8466,322288,16.9009,0.0000,844325172
3401.0000,19,22,1,0,15,53,52,36429.0000,3.0000,446,456,8466,322288,18.7009,0.0000,844471643
3402.0000,19,19,1,0,15,55,52,38062.0000,3.0000,446,456,8468,322288,15.4009,0.0000,844616741
3403.0000,25,15,1,0,16,52,49,38588.0000,727.0000,452,456,8470,322288,16.2009,0.0000,844787317
3404.0000,25,17,1,0,16,41,52,38588.0000,583.0000,452,456,8470,322288,14.0009,0.0000,844973724
3405.0000,25,19,1,0,16,40,51,36812.0000,391.0000,452,456,8470,322288,14.5009,0.4285,845164643
3406.0000,25,21,1,0,16,38,54,38075.0000,169.0000,452,456,8472,322288,13.3009,0.0000,845352426
3407.0000,25,23,1,0,17,36,54,38870.0000,7.0000,452,456,8474,322288,14.4009,0.0000,845553906
3408.0000,24,25,1,0,17,36,54,37897.0000,325.0000,452,457,8474,322288,15.0009,0.0000,845754159
3409.0000,24,27,1,0,17,34,55,36259.0000,59.0000,452,457,8474,322288,15.9009,2.7851,845940894
3410.0000,23,29,1,0,17,33,51,37213.0000,164.0000,452,458,8474,322288,16.5009,0.0000,846120524
3411.0000,23,31,1,0,17,33,55,38028.0000,63.0000,452,458,8474,322288,14.2009,0.0000,846299339
3412.0000,23,33,1,0,17,33,53,38178.0000,47.0000,452,458,8476,322288,16.2009,0.0000,846480631
3413.0000,23,35,1,0,16,33,56,37922.0000,55.0000,452,458,8476,322288,15.6009,0.0000,846652342
3414.0000,23,37,1,0,16,33,56,37230.0000,39.0000,452,458,8476,322288,15.2009,0.1071,846839822
3415.0000,23,39,1,0,16,33,53,36646.0000,23.0000,452,458,8476,322288,11.7009,0.0000,847016720
3416.0000,23,34,1,0,16,40,53,35914.0000,7.0000,452,458,8478,322288,11.4009,0.0000,847200931
3417.0000,23,34,1,0,16,40,51,35258.0000,7.0000,452,458,8478,322288,10.5009,0.0000,847379744
3418.0000,23,31,1,0,16,40,53,34476.0000,7.0000,452,458,8480,322288,11.8791,0.0000,847557236
3419.0000,23,28,1,0,16,28,55,33594.0000,685.0000,452,458,8480,322288,11.1940,0.0000,847743806
3420.0000,22,30,1,0,16,28,57,33161.0000,123.0000,452,459,8482,322288,8.5385,0.0000,847906259
3421.0000,21,32,1,0,16,27,58,32578.0000,617.0000,452,460,8484,322288,8.1207,0.0000,848063408
3422.0000,21,34,1,0,16,25,54,32647.0000,278.0000,452,460,8484,322288,9.5837,0.0000,848220169
3423.0000,21,36,1,0,16,22,54,33094.0000,63.0000,452,460,8486,322288,10.4837,0.0000,848375190
3424.0000,21,38,1,0,16,22,53,33378.0000,47.0000,452,460,8488,322288,11.2837,0.0000,848531014
3425.0000,21,40,1,0,15,22,53,31746.0000,55.0000,452,460,8488,322288,12.9837,0.0000,848697723
3426.0000,20,42,1,0,14,23,54,32481.0000,39.0000,452,461,8488,322288,10.0837,0.0000,848855225
3427.0000,20,43,1,0,14,24,58,33390.0000,83.0000,452,461,8490,322288,10.5837,0.0000,849007448
3428.0000,20,45,1,0,14,24,56,33826.0000,67.0000,452,461,8490,322288,9.4837,0.0000,849159298
3429.0000,20,47,1,0,14,24,56,32771.0000,75.0000,452,461,8490,322288,7.9837,0.0000,849311275
3430.0000,19,45,1,0,15,28,56,33037.0000,67.0000,452,462,8492,322288,7.1837,0.0000,849453015
3431.0000,18,45,1,0,15,30,52,32087.0000,59.0000,452,463,8492,322288,8.6837,0.0000,849583549
3432.0000,18,41,1,0,14,35,55,33153.0000,910.0000,452,463,8492,322288,8.3837,0.0000,849730146
3433.0000,18,41,1,0,14,36,55,33357.0000,487.0000,452,463,8492,322288,8.9837,0.0000,849861370
3434.0000,18,42,1,0,14,36,58,32886.0000,95.0000,452,463,8492,322288,11.2837,0.0000,850003025
3435.0000,18,43,1,0,14,36,59,32484.0000,87.0000,452,463,8492,322288,11.4837,0.0000,850141823
3436.0000,18,44,1,0,14,36,56,32248.0000,680.0000,452,463,8492,322288,8.5837,0.0000,850271027
3437.0000,18,45,1,0,14,29,55,33309.0000,95.0000,452,463,8492,322288,9.7837,0.0000,850410791
3438.0000,18,46,1,0,15,29,54,33828.0000,87.0000,452,463,8492,322288,8.6837,0.0000,850538841
3439.0000,18,47,1,0,13,26,58,34142.0000,79.0000,452,463,8492,322288,8.0837,0.0000,850670439
3440.0000,18,47,1,0,13,23,56,34084.0000,83.0000,452,463,8492,322288,11.2837,0.0000,850804898
3441.0000,18,46,1,0,13,25,58,34644.0000,75.0000,452,463,8492,322288,11.1837,0.0000,850945572
3442.0000,18,42,1,0,13,30,55,34595.0000,67.0000,452,463,8492,322288,11.7837,0.0000,851082844
3443.0000,17,41,1,0,12,33,51,34300.0000,59.0000,452,464,8492,322288,11.1837,0.0000,851207220
3444.0000,17,39,1,0,12,36,48,33791.0000,51.0000,452,464,8492,322288,11.0837,0.0000,851341695
3445.0000,15,31,1,0,11,47,47,31943.0000,91.0000,452,466,8492,322288,7.0837,0.0000,851465365
3446.0000,15,30,1,0,12,49,50,32349.0000,83.0000,452,466,8492,322288,8.0837,0.0000,851574068
3447.0000,15,29,1,0,11,51,49,31926.0000,75.0000,452,466,8492,322288,10.5837,0.0000,851688504
3448.0000,15,28,1,0,10,52,54,31351.0000,188.0000,452,466,8494,322288,8.9837,0.0000,851808281
3449.0000,15,29,1,0,11,52,51,30190.0000,71.0000,452,466,8494,322288,9.1837,0.0000,851915516
3450.0000,15,30,1,0,11,52,46,30595.0000,63.0000,452,466,8494,322288,8.2837,0.0000,852028972
3451.0000,15,31,1,0,11,49,46,30861.0000,263.0000,452,466,8494,322288,8.2837,0.0000,852145538
3452.0000,15,32,1,0,10,48,46,30260.0000,83.0000,452,466,8494,322288,8.8837,0.0000,852257354
3453.0000,15,33,1,0,11,43,46,29409.0000,75.0000,452,466,8494,322288,10.2837,0.0000,852381015
3454.0000,14,34,1,0,11,43,46,28150.0000,67.0000,452,467,8494,322288,10.7837,0.0000,852487272
3455.0000,14,35,1,0,11,42,45,27768.0000,59.0000,452,467,8494,322288,10.6837,0.0000,852593437
3456.0000,13,35,1,0,10,44,42,26981.0000,51.0000,452,468,8494,322288,11.5837,0.0000,852696661
3457.0000,12,29,1,0,10,52,41,26729.0000,43.0000,452,469,8494,322288,9.3837,0.0000,852793956
3458.0000,11,28,1,0,10,55,41,26624.0000,35.0000,452,470,8494,322288,12.0837,0.0000,852880331
3459.0000,11,28,1,0,10,56,42,26602.0000,27.0000,452,470,8494,322288,14.7837,0.0000,852962281
3460.0000,10,28,1,0,10,58,44,26546.0000,786.0000,452,471,8494,322288,13.6837,0.0000,853036728
3461.0000,9,28,1,0,12,58,45,26755.0000,396.0000,452,472,8494,322288,13.3837,0.0000,853108472
3462.0000,9,28,1,0,12,56,47,27640.0000,216.0000,452,472,8494,322288,12.2837,0.0000,853176623
3463.0000,9,28,1,0,12,51,49,28553.0000,1605.0000,452,472,8494,322288,12.3837,0.0000,853240244
3464.0000,8,28,1,0,13,50,48,28848.0000,1260.0000,452,473,8494,322288,13.4837,0.0000,853302691
3465.0000,8,28,1,0,11,47,46,28529.0000,988.0000,452,473,8494,322288,13.4837,0.0000,853360424
3466.0000,8,28,1,0,11,38,46,27925.0000,1109.0000,452,473,8494,322288,15.0837,1.4736,853422529
3467.0000,14,23,1,0,12,36,40,28839.0000,725.0000,458,473,8494,322288,14.8837,0.0000,853507371
3468.0000,15,23,1,0,13,34,36,27250.0000,357.0000,459,473,8496,322288,15.2837,0.0000,853621411
3469.0000,16,23,1,0,13,31,38,28917.0000,91.0000,460,473,8496,322288,14.3837,0.0000,853739397
3470.0000,16,24,1,0,13,31,36,30815.0000,83.0000,460,473,8496,322288,12.1837,0.0000,853866008
3471.0000,16,25,1,0,13,31,37,30547.0000,75.0000,460,473,8500,322288,17.9837,0.0000,853986071
3472.0000,16,26,1,0,14,31,36,30618.0000,67.0000,460,473,8500,322288,17.2837,0.0000,854110002
3473.0000,16,26,1,0,14,32,37,30819.0000,59.0000,460,473,8500,322288,13.6837,0.0000,854235449
3474.0000,16,11,1,0,14,48,40,32172.0000,51.0000,460,473,8500,322288,13.3837,0.0000,854354171
3475.0000,16,12,1,0,14,47,41,30435.0000,335.0000,460,473,8500,322288,17.1837,0.0000,854481473
3476.0000,16,13,1,0,15,47,44,29399.0000,645.0000,460,473,8500,322288,13.2837,0.0000,854606534
3477.0000,16,14,1,0,15,47,46,31048.0000,1325.0000,460,473,8502,322288,12.5837,0.0000,854726838
3478.0000,16,15,1,0,15,39,45,29790.0000,1245.0000,460,473,8502,322288,15.2837,0.0000,854852166
3479.0000,15,16,1,0,16,38,42,30533.0000,1089.0000,460,474,8502,322288,11.8837,0.0000,854963751
3480.0000,15,17,1,0,15,37,40,31056.0000,1009.0000,460,474,8502,322288,10.4837,0.0000,855082472
3481.0000,15,18,1,0,15,36,42,31682.0000,873.0000,460,474,8502,322288,11.0837,0.0000,855185621
3482.0000,15,19,1,0,15,36,43,31914.0000,713.0000,460,474,8502,322288,12.0837,0.0000,855296502
3483.0000,15,20,1,0,15,36,45,32060.0000,537.0000,460,474,8502,322288,12.5837,0.0000,855406430
3484.0000,15,21,1,0,15,36,45,31745.0000,337.0000,460,474,8502,322288,15.6837,1.2894,855525514
3485.0000,15,22,1,0,15,36,47,32851.0000,116.0000,460,474,8502,322288,15.4837,0.0000,855642834
3486.0000,15,23,1,0,15,36,47,33174.0000,39.0000,460,474,8506,322288,16.5837,0.0921,855750289
3487.0000,15,24,1,0,15,36,48,33453.0000,31.0000,460,474,8506,322288,15.0837,0.0000,855860008
3488.0000,15,25,1,0,14,36,49,33236.0000,23.0000,460,474,8506,322288,14.8837,0.0000,855967326
3489.0000,15,26,1,0,14,36,52,33809.0000,676.0000,460,474,8506,322288,13.3837,0.0000,856075059
3490.0000,15,26,1,0,14,37,55,34406.0000,91.0000,460,474,8508,322288,14.0837,0.0000,856187279
3491.0000,15,27,1,0,14,36,57,35143.0000,83.0000,460,474,8508,322288,12.2837,0.0000,856295242
3492.0000,15,28,1,0,14,36,58,34401.0000,87.0000,460,474,8508,322288,16.0837,0.0000,856415812
3493.0000,15,29,1,0,14,36,55,35600.0000,79.0000,460,474,8510,322288,14.7837,0.0000,856521713
3494.0000,15,29,1,0,15,36,53,37430.0000,71.0000,460,474,8510,322288,12.4837,0.0000,856628202
3495.0000,15,24,1,0,15,26,57,38839.0000,63.0000,460,474,8510,322288,12.0837,0.0000,856733879
3496.0000,15,24,1,0,15,27,56,37470.0000,55.0000,460,474,8510,322288,13.1837,0.0000,856848224
3497.0000,15,18,1,0,16,34,59,37943.0000,47.0000,460,474,8512,322288,11.0837,0.0000,856957373
3498.0000,15,17,1,0,15,36,59,39599.0000,39.0000,460,474,8512,322288,12.2837,0.0000,857067200
3499.0000,15,17,1,0,14,37,58,40339.0000,31.0000,460,474,8512,322288,12.4837,0.2763,857169099
3500.0000,15,17,1,0,15,38,58,37570.0000,23.0000,460,474,8512,322288,14.7837,0.3684,857278745
3501.0000,15,17,1,0,15,39,55,34943.0000,15.0000,460,474,8512,322288,11.7837,0.0000,857388951
3502.0000,15,18,1,0,15,39,59,36044.0000,425.0000,460,474,8512,322288,10.5837,0.0000,857497136
3503.0000,15,19,1,0,15,39,59,37028.0000,291.0000,460,474,8512,322288,12.0837,0.0000,857600793
3504.0000,15,20,1,0,15,39,62,38200.0000,733.0000,460,474,8512,322288,13.9837,0.4605,857704282
3505.0000,15,21,1,0,16,39,62,36366.0000,549.0000,460,474,8512,322288,16.2837,0.0000,857813172
3506.0000,15,22,1,0,15,39,61,37626.0000,341.0000,460,474,8512,322288,15.6837,0.0000,857914511
3507.0000,15,23,1,0,15,38,59,38670.0000,119.0000,460,474,8514,322288,14.2837,0.0000,858030137
3508.0000,15,24,1,0,15,38,58,39357.0000,79.0000,460,474,8514,322288,12.8837,1.1052,858136194
3509.0000,15,25,1,0,15,37,58,37608.0000,71.0000,460,474,8514,322288,13.8837,0.0000,858238579
3510.0000,15,26,1,0,15,37,57,37201.0000,63.0000,460,474,8516,322288,14.5837,0.0000,858346543
3511.0000,15,27,1,0,15,36,59,35788.0000,91.0000,460,474,8516,322288,13.5837,0.0000,858454082
3512.0000,15,28,1,0,13,36,60,36016.0000,83.0000,460,474,8516,322288,14.3837,0.0921,858562457
3513.0000,15,28,1,0,13,37,62,34706.0000,75.0000,460,474,8516,322288,11.5837,0.2763,858679473
3514.0000,15,28,1,0,13,38,58,32981.0000,67.0000,460,474,8516,322288,12.1837,0.0000,858796238
3515.0000,15,26,1,0,13,40,59,34104.0000,59.0000,460,474,8518,322288,9.9837,0.0000,858912772
3516.0000,15,18,1,0,13,44,59,35257.0000,51.0000,460,474,8518,322288,11.7837,0.0000,859019667
3517.0000,15,18,1,0,13,44,57,36218.0000,452.0000,460,474,8520,322288,11.5837,0.0000,859128259
3518.0000,15,19,1,0,13,34,57,37593.0000,308.0000,460,474,8520,322288,16.7837,0.0000,859229561
3519.0000,15,20,1,0,13,32,58,36559.0000,136.0000,460,474,8520,322288,18.5837,0.0000,859338824
3520.0000,15,21,1,0,13,31,60,36563.0000,744.0000,460,474,8520,322288,15.2837,0.0000,859440741
3521.0000,15,22,1,0,13,30,59,35710.0000,528.0000,460,474,8520,322288,16.0837,0.0000,859545078
3522.0000,15,23,1,0,14,29,60,34755.0000,247.0000,460,474,8522,322288,13.8837,0.0000,859657567
3523.0000,15,24,1,0,14,28,62,32696.0000,599.0000,460,474,8522,322288,14.3837,0.3684,859766057
3524.0000,15,25,1,0,14,28,62,33196.0000,734.0000,460,474,8522,322288,13.1837,0.0000,859880289
3525.0000,15,26,1,0,13,28,62,33350.0000,414.0000,460,474,8526,322288,14.2837,0.0000,859996078
3526.0000,15,27,1,0,13,27,55,32436.0000,91.0000,460,474,8526,322288,14.8837,0.0000,860105688
3527.0000,15,28,1,0,14,26,53,30798.0000,219.0000,460,474,8528,322288,15.7837,2.3946,860217205
3528.0000,15,29,1,0,14,26,52,31338.0000,75.0000,460,474,8530,322288,16.3837,0.0000,860328018
3529.0000,15,30,1,0,13,26,52,31389.0000,67.0000,460,474,8530,322288,14.0837,0.0000,860439450
3530.0000,15,31,1,0,12,26,53,30815.0000,83.0000,460,474,8530,322288,16.0837,0.0000,860549012
3531.0000,15,31,1,0,11,27,51,30020.0000,75.0000,460,474,8530,322288,15.4837,0.0000,860657330
3532.0000,15,31,1,0,11,28,50,29050.0000,67.0000,460,474,8530,322288,15.0837,0.0921,860761444
3533.0000,14,28,1,0,11,33,46,27783.0000,59.0000,460,475,8530,322288,11.5837,0.0000,860870372
3534.0000,14,27,1,0,11,34,45,27060.0000,51.0000,460,475,8530,322288,11.2837,0.0000,860975739
3535.0000,14,17,1,0,10,44,44,26427.0000,43.0000,460,475,8532,322288,10.3837,0.0000,861077012
3536.0000,14,17,1,0,10,42,46,25510.0000,35.0000,460,475,8532,322288,11.7387,0.0000,861176070
3537.0000,14,18,1,0,10,33,46,24429.0000,549.0000,460,475,8532,322288,10.9983,0.0000,861276536
3538.0000,14,19,1,0,10,32,48,23807.0000,1038.0000,460,475,8534,322288,8.2767,0.0000,861385760
3539.0000,14,20,1,0,11,31,43,23210.0000,1677.0000,460,475,8534,322288,7.8035,0.0000,861491706
3540.0000,14,21,1,0,12,31,41,22816.0000,1493.0000,460,475,8536,322288,9.2433,0.0000,861596322
3541.0000,14,22,1,0,12,29,42,22710.0000,1285.0000,460,475,8536,322288,10.1433,0.0000,861699489
3542.0000,14,23,1,0,12,29,42,22478.0000,1420.0000,460,475,8536,322288,10.9433,0.0000,861805887
3543.0000,14,24,1,0,12,29,44,21228.0000,1597.0000,460,475,8536,322288,12.6433,0.0000,861907712
3544.0000,14,25,1,0,13,29,43,21848.0000,2191.0000,460,475,8536,322288,9.7433,0.0000,862007009
3545.0000,14,26,1,0,14,29,45,22373.0000,1903.0000,460,475,8536,322288,10.2433,0.0000,862118255
3546.0000,14,27,1,0,12,29,43,22565.0000,1591.0000,460,475,8536,322288,9.1433,0.0000,862225243
3547.0000,14,28,1,0,13,29,40,21556.0000,1263.0000,460,475,8538,322288,7.6433,0.0000,862327928
3548.0000,14,29,1,0,13,29,39,21650.0000,919.0000,460,475,8538,322288,6.8433,0.0000,862437250
3549.0000,14,30,1,0,13,29,36,21102.0000,599.0000,460,475,8538,322288,8.3433,0.0000,862549154
3550.0000,14,31,1,0,12,28,38,21557.0000,220.0000,460,475,8538,322288,8.0433,0.0000,862668139
3551.0000,14,32,1,0,13,28,37,21478.0000,71.0000,460,475,8542,322288,8.6433,0.0000,862778872
3552.0000,14,33,1,0,13,27,36,21026.0000,63.0000,460,475,8542,322288,10.9433,0.0000,862890727
3553.0000,14,34,1,0,13,24,33,20667.0000,55.0000,460,475,8542,322288,11.1433,0.0000,863001888
3554.0000,14,35,1,0,13,19,34,20484.0000,47.0000,460,475,8542,322288,8.2433,0.0000,863114157
3555.0000,14,35,1,0,13,18,38,21378.0000,99.0000,460,475,8542,322288,9.4433,0.0000,863222951
3556.0000,14,35,1,0,13,7,34,22029.0000,91.0000,460,475,8542,322288,8.3433,0.0000,863330806
3557.0000,14,35,1,0,14,7,37,22714.0000,83.0000,460,475,8542,322288,7.7433,0.0000,863440903
3558.0000,14,34,1,0,14,9,37,23306.0000,75.0000,460,475,8542,322288,10.9433,0.0000,863547815
3559.0000,14,34,1,0,14,10,35,24281.0000,67.0000,460,475,8544,322288,10.8433,0.0000,863656867
3560.0000,14,20,1,0,14,25,34,24443.0000,59.0000,460,475,8544,322288,11.4433,0.0000,863772462
3561.0000,14,20,1,0,14,26,34,25013.0000,51.0000,460,475,8546,322288,10.8433,0.0000,863884869
3562.0000,14,20,1,0,16,27,37,25394.0000,651.0000,460,475,8546,322288,10.7433,0.0000,863994256
3563.0000,14,21,1,0,14,27,38,25305.0000,499.0000,460,475,8548,322288,6.7433,0.0000,864101786
3564.0000,14,22,1,0,14,27,37,26060.0000,323.0000,460,475,8548,322288,7.7433,0.0000,864213644
3565.0000,14,23,1,0,14,27,38,25909.0000,125.0000,460,475,8548,322288,10.2433,0.0000,864320171
3566.0000,14,24,1,0,14,26,37,25761.0000,59.0000,460,475,8548,322288,8.6433,0.0000,864428344
3567.0000,14,25,1,0,14,26,38,25199.0000,51.0000,460,475,8552,322288,8.8433,0.0000,864541870
3568.0000,14,26,1,0,14,26,38,26434.0000,43.0000,460,475,8552,322288,7.9433,0.0000,864648387
3569.0000,14,27,1,0,14,26,41,27939.0000,248.0000,460,475,8554,322288,7.9433,0.0000,864756852
3570.0000,14,28,1,0,14,26,41,28486.0000,87.0000,460,475,8554,322288,8.5433,0.0000,864868758
3571.0000,14,29,1,0,14,26,43,28846.0000,79.0000,460,475,8554,322288,9.9433,0.0000,864971078
3572.0000,14,30,1,0,15,26,44,28992.0000,71.0000,460,475,8554,322288,10.4433,0.0000,865072690
3573.0000,14,31,1,0,16,26,44,29444.0000,63.0000,460,475,8554,322288,10.3433,0.0000,865182859
3574.0000,14,31,1,0,16,27,47,29730.0000,103.0000,460,475,8556,322288,11.2433,0.0000,865291626
3575.0000,14,32,1,0,16,27,48,31185.0000,95.0000,460,475,8556,322288,9.0433,0.0000,865400840
3576.0000,14,33,1,0,16,26,50,32977.0000,87.0000,460,475,8558,322288,11.7433,0.0000,865495761
3577.0000,14,34,1,0,15,25,49,34217.0000,79.0000,460,475,8560,322288,14.4433,0.0000,865600499
3578.0000,14,34,1,0,15,25,49,35429.0000,71.0000,460,475,8560,322288,13.3433,0.0000,865696492
3579.0000,14,27,1,0,15,31,50,36653.0000,87.0000,460,475,8560,322288,13.0433,0.0000,865791715
3580.0000,14,28,1,0,15,30,54,38064.0000,882.0000,460,475,8560,322288,11.9433,0.0000,865887706
3581.0000,14,29,1,0,16,15,56,39366.0000,530.0000,460,475,8560,322288,12.0433,0.0000,865988656
3582.0000,14,30,1,0,16,14,58,40564.0000,118.0000,460,475,8560,322288,13.1433,0.0000,866083757
3583.0000,14,31,1,0,16,12,59,40511.0000,616.0000,460,475,8560,322288,13.1433,0.0000,866175810
3584.0000,14,32,1,0,16,12,56,41086.0000,107.0000,460,475,8560,322288,14.7433,1.5874,866273020
3585.0000,14,33,1,0,17,12,57,43701.0000,99.0000,460,475,8564,322288,14.5433,0.0000,866372020
3586.0000,14,34,1,0,18,12,56,41421.0000,91.0000,460,475,8564,322288,14.9433,0.0000,866462184
3587.0000,14,35,1,0,18,12,57,44169.0000,83.0000,460,475,8564,322288,14.0433,0.0000,866554613
3588.0000,14,36,1,0,17,12,58,47923.0000,75.0000,460,475,8564,322288,11.8433,0.0000,866650907
3589.0000,14,36,1,0,17,13,58,47633.0000,67.0000,460,475,8564,322288,17.6433,0.0000,866745482
3590.0000,14,25,1,0,17,25,60,48440.0000,59.0000,460,475,8566,322288,16.9433,0.0000,866840142
3591.0000,13,18,1,0,18,34,60,49114.0000,380.0000,460,476,8566,322288,13.3433,0.0000,866934833
3592.0000,13,19,1,0,16,34,66,51539.0000,216.0000,460,476,8568,322288,13.0433,0.0000,867029624
3593.0000,13,20,1,0,16,34,66,48533.0000,71.0000,460,476,8568,322288,16.8433,0.0000,867115815
3594.0000,13,21,1,0,16,33,65,46334.0000,63.0000,460,476,8568,322288,12.9433,0.0000,867202334
3595.0000,13,22,1,0,16,32,63,47812.0000,55.0000,460,476,8568,322288,12.2433,0.0000,867298412
3596.0000,13,23,1,0,16,32,62,45095.0000,47.0000,460,476,8568,322288,14.9433,0.0000,867385801
3597.0000,13,23,1,0,16,33,62,46553.0000,39.0000,460,476,8568,322288,11.5433,0.0000,867469595
3598.0000,13,17,1,0,16,40,63,47415.0000,31.0000,460,476,8570,322288,10.1433,0.0000,867561162
3599.0000,13,18,1,0,16,39,71,48378.0000,178.0000,460,476,8570,322288,10.7433,0.0000,867650373
3600.0000,13,19,1,0,16,31,71,47992.0000,51.0000,460,476,8570,322288,11.7433,0.0000,867738363
3601.0000,13,20,1,0,15,31,71,47473.0000,43.0000,460,476,8570,322288,12.2433,0.0000,867828298
3602.0000,13,21,1,0,15,31,71,45777.0000,166.0000,460,476,8570,322288,15.3433,1.3890,867914344
3603.0000,13,22,1,0,14,31,68,45760.0000,75.0000,460,476,8570,322288,15.1433,0.0000,868003825
3604.0000,13,23,1,0,14,31,69,44990.0000,597.0000,460,476,8570,322288,16.2433,0.0992,868095700
3605.0000,13,24,1,0,14,31,68,44239.0000,325.0000,460,476,8570,322288,14.7433,0.0000,868181950
3606.0000,13,25,1,0,14,31,73,43082.0000,75.0000,460,476,8572,322288,14.5433,0.0000,868272201
3607.0000,12,26,1,0,13,32,73,42033.0000,67.0000,460,477,8572,322288,13.0433,0.0000,868364197
3608.0000,12,27,1,0,13,32,73,41307.0000,313.0000,460,477,8572,322288,13.7433,0.0000,868438365
3609.0000,12,28,1,0,13,32,73,40505.0000,87.0000,460,477,8572,322288,11.9433,0.0000,868520077
3610.0000,12,29,1,0,13,31,73,38506.0000,79.0000,460,477,8572,322288,15.7433,0.0000,868598306
3611.0000,12,28,1,0,14,22,71,38423.0000,71.0000,460,477,8574,322288,14.4433,0.0000,868681974
3612.0000,11,28,1,0,14,15,67,38477.0000,99.0000,460,478,8574,322288,12.1433,0.0000,868760409
3613.0000,11,28,1,0,13,16,73,38932.0000,157.0000,460,478,8576,322288,11.7433,0.0000,868830620
3614.0000,11,29,1,0,13,16,70,37200.0000,95.0000,460,478,8576,322288,12.8433,0.0000,868907423
3615.0000,11,30,1,0,13,16,73,37111.0000,87.0000,460,478,8576,322288,10.7433,0.0000,868985988
3616.0000,11,31,1,0,13,16,72,37421.0000,79.0000,460,478,8576,322288,11.9433,0.0000,869059947
3617.0000,11,32,1,0,13,16,70,37234.0000,732.0000,460,478,8576,322288,12.1433,0.2976,869132944
3618.0000,11,32,1,0,13,16,68,34382.0000,99.0000,460,478,8576,322288,14.4433,0.3969,869208614
3619.0000,11,32,1,0,14,10,65,31712.0000,91.0000,460,478,8576,322288,11.4433,0.0000,869276791
3620.0000,11,31,1,0,14,12,68,32343.0000,83.0000,460,478,8576,322288,10.2433,0.0000,869347704
3621.0000,11,31,1,0,12,13,65,33237.0000,75.0000,460,478,8576,322288,11.7433,0.0000,869426163
3622.0000,11,31,1,0,12,14,66,33582.0000,67.0000,460,478,8578,322288,13.6433,0.4961,869501551
3623.0000,11,18,1,0,13,28,64,31623.0000,59.0000,460,478,8578,322288,15.9433,0.0000,869591261
3624.0000,11,18,1,0,13,29,61,31719.0000,51.0000,460,478,8578,322288,15.3433,0.0000,869676960
3625.0000,11,19,1,0,13,29,57,32134.0000,94.0000,460,478,8578,322288,13.9433,0.0000,869748526
3626.0000,11,20,1,0,13,29,57,32464.0000,59.0000,460,478,8578,322288,12.5433,1.1906,869826668
3627.0000,11,21,1,0,14,29,63,30842.0000,598.0000,460,478,8578,322288,13.5433,0.0000,869898512
3628.0000,11,22,1,0,15,29,61,30320.0000,390.0000,460,478,8578,322288,14.2433,0.0000,869976358
3629.0000,11,23,1,0,16,28,58,29080.0000,151.0000,460,478,8578,322288,13.2433,0.0000,870049459
3630.0000,11,24,1,0,16,28,56,29103.0000,87.0000,460,478,8578,322288,14.0433,0.0992,870121585
3631.0000,11,25,1,0,16,28,52,28276.0000,79.0000,460,478,8582,322288,11.2433,0.2976,870197532
3632.0000,11,26,1,0,15,26,50,27062.0000,71.0000,460,478,8596,322288,11.8433,0.0000,870277103
3633.0000,11,26,1,0,15,26,51,28149.0000,63.0000,460,478,8596,322288,9.6433,0.0000,870354042
3634.0000,10,26,1,0,16,27,54,28858.0000,174.0000,460,479,8596,322288,11.4433,0.0000,870433280
3635.0000,10,24,1,0,15,30,54,30208.0000,141.0000,460,479,8596,322288,11.2433,0.0000,870501351
3636.0000,10,25,1,0,15,30,55,31915.0000,75.0000,460,479,8598,322288,16.4433,0.0000,870565590
3637.0000,10,26,1,0,15,30,56,31520.0000,67.0000,460,479,8598,322288,18.2433,0.0000,870634118
3638.0000,10,27,1,0,15,30,56,32855.0000,59.0000,460,479,8598,322288,14.9433,0.0000,870700550
3639.0000,10,27,1,0,15,30,52,32676.0000,51.0000,460,479,8598,322288,15.7433,0.0000,870782662
3640.0000,10,27,1,0,15,30,51,32205.0000,43.0000,460,479,8598,322288,13.5433,0.0000,870864164
3641.0000,10,18,1,0,14,38,56,30244.0000,35.0000,460,479,8598,322288,14.0433,0.3969,870942084
3642.0000,10,19,1,0,14,37,55,30565.0000,1309.0000,460,479,8598,322288,12.8433,0.0000,871018693
3643.0000,10,20,1,0,15,36,58,30778.0000,1141.0000,460,479,8600,322288,13.9433,0.0000,871095612
3644.0000,10,21,1,0,15,22,54,30145.0000,949.0000,460,479,8602,322288,14.5433,0.0000,871178517
3645.0000,10,22,1,0,15,21,56,28689.0000,733.0000,460,479,8604,322288,15.4433,2.5795,871255584
3646.0000,10,23,1,0,15,21,53,29514.0000,445.0000,460,479,8604,322288,16.0433,0.0000,871337049
3647.0000,10,24,1,0,16,21,49,29950.0000,725.0000,460,479,8604,322288,13.7433,0.0000,871414213
3648.0000,10,25,1,0,15,21,53,30000.0000,421.0000,460,479,8604,322288,15.7433,0.0000,871496035
3649.0000,10,26,1,0,15,21,54,29542.0000,108.0000,460,479,8604,322288,15.1433,0.0000,871576040
3650.0000,10,27,1,0,15,21,56,29127.0000,71.0000,460,479,8608,322288,14.7433,0.0992,871655906
